CEP,LOGRADOURO,BAIRRO,CIDADE
11742-628,RUA ABEL FRANCISCO CANIÇAIS,SAVOY,ITANHAEM
11747-370,RUA ABELARDO MENDONÇA DE OLIVEIRA,UMUARAMA,ITANHAEM
11742-734,RUA ACRE,LARANJEIRAS,ITANHAEM
11754-658,RUA ACRE,GAIVOTA (PRAIA),ITANHAEM
11754-554,RUA ACRE,GAIVOTA (PRAIA),ITANHAEM
11746-294,RUA ACRE,CIBRATEL II,ITANHAEM
11746-398,RUA ACAPULCO,CIBRATEL II,ITANHAEM
11754-820,RUA ADAMANTINA,GAIVOTA (PRAIA),ITANHAEM
11740-568,RUA ADALTON DOS SANTOS,NOVA ITANHAÉM (PRAIA),ITANHAEM
11754-680,RUA ADAIR MOLINA VERAS,GAIVOTA (PRAIA),ITANHAEM
11747-020,RUA ADERITO MARIETO LARA,SABAÚNA,ITANHAEM
11755-550,RUA ADELSON SANTOS MARTINS,GAIVOTA (INTERIOR),ITANHAEM
11755-542,RUA ADELINA MARIA OLIVEIRA,GAIVOTA (INTERIOR),ITANHAEM
11749-230,RUA ADÃO PEREIRA DA SILVA,TUPY,ITANHAEM
11746-740,RUA ADAUTO PEREIRA DOS SANTOS,BELAS ARTES,ITANHAEM
11749-618,RUA ADOLPHO DA SILVA FIGUEIRA,BOPIRANGA,ITANHAEM
11748-132,RUA ADEMAR DE OLIVEIRA BATISTA,JARDIM CORONEL,ITANHAEM
11740-092,RUA AÉCIO MENNUCCI,CENTRO,ITANHAEM
11754-108,RUA AFONSO RIBEIRA,JAMAICA (PRAIA),ITANHAEM
11746-324,RUA AFANASI PETECOF,CIBRATEL II,ITANHAEM
11740-128,RUA AFONSO MEIRA JÚNIOR,VILA SÃO PAULO,ITANHAEM
11744-304,RUA AFRANIO DRUMMOND MURGEL,AGUAPEÚ,ITANHAEM
11746-838,RUA AFONSO FRANCISCO DE OLIVEIRA,GUAPIRANGA,ITANHAEM
11750-132,RUA AGELIM,SÃO FERNANDO (CHÁCARAS),ITANHAEM
11748-248,RUA AGENOR MARIANO,JARDIM CORONEL,ITANHAEM
11748-130,RUA AGENOR DE BENEDETTE,JARDIM CORONEL,ITANHAEM
11746-736,RUA AGOSTINHO DOS SANTOS PEREIRA,BELAS ARTES,ITANHAEM
11744-280,RUA AGOSTINHO RODRIGUES LUZIRÃO,AGUAPEÚ,ITANHAEM
11749-152,RUA AIMORÉS,TUPY,ITANHAEM
11751-320,RUA AIRTON MARINS,CIBRATEL (CHÁCARAS),ITANHAEM
11754-636,RUA ALAGOAS,GAIVOTA (PRAIA),ITANHAEM
11750-138,RUA ALECRIM,SÃO FERNANDO (CHÁCARAS),ITANHAEM
11746-041,RUA ALUIZIO,PRAIA DOS SONHOS,ITANHAEM
11746-828,RUA ALCEU SILVA,GUAPIRANGA,ITANHAEM
11747-126,RUA ÁLVARO CURA,SABAÚNA,ITANHAEM
11746-552,RUA ALOIS DOHNAL,CORUMBA,ITANHAEM
11742-672,RUA ALIDIO SALES,SAVOY,ITANHAEM
11744-296,RUA ALTAIR BRANCO,AGUAPEÚ,ITANHAEM
11743-508,RUA ALIPIO SIMÕES,TROPICAL,ITANHAEM
11742-646,RUA ALIPIO SIMÕES,SAVOY,ITANHAEM
11754-684,RUA ALCIDES CRESONI,GAIVOTA (PRAIA),ITANHAEM
11743-240,RUA ALBERTO BARBOSA,JARDIM OÁSIS,ITANHAEM
11746-278,RUA ALCIDES MARQUES,CIBRATEL II,ITANHAEM
11746-250,RUA ALFREDO BAZZALI,CIBRATEL I,ITANHAEM
11740-286,RUA ALBERTO SIMÕES,JARDIM IVOTY,ITANHAEM
11740-334,RUA ALBERTO SIMÕES,CIDADE ANCHIETA,ITANHAEM
11754-318,RUA ALCIDES DOMINISKI,JAMAICA (PRAIA),ITANHAEM
11740-814,RUA ALCANTARA MACHADO,JARDIM SUARÃO (PRAIA),ITANHAEM
11746-143,RUA ALFIO RICCIARELLI,CIBRATEL I,ITANHAEM
11747-104,RUA ÁLVARO DOS SANTOS,SABAÚNA,ITANHAEM
11747-150,RUA ALFREDO SIMÕES DIAS,SABAÚNA,ITANHAEM
11747-222,RUA ALFREDO SIMÕES DIAS,UMUARAMA,ITANHAEM
11754-620,RUA ALZIRA GOMES RIBEIRO,GAIVOTA (PRAIA),ITANHAEM
11751-310,RUA ALESSANDRO RANGEL LIMA,CIBRATEL (CHÁCARAS),ITANHAEM
11749-602,RUA ALEXANDRE DIAS DE LIMA,BOPIRANGA,ITANHAEM
11741-638,RUA ALVINO GOMES RODRIGUES,VERDE MAR,ITANHAEM
11740-244,RUA ALZIRO RAMIRO DOS SANTOS,GUARAÚ,ITANHAEM
11757-046,RUA ALCIDES MENDES GONÇALVES,JAMAICA (INTERIOR),ITANHAEM
11754-030,RUA ALCIDES MENDES GONÇALVES,JAMAICA (PRAIA),ITANHAEM
11748-204,RUA ALBERTO FERREIRA DA SILVA,JARDIM CORONEL,ITANHAEM
11746-540,RUA ALFREDO LOURENÇO DOS SANTOS,CORUMBA,ITANHAEM
11742-634,RUA ALDERIGE FERREIRA DO NASCIMENTO,SAVOY,ITANHAEM
11754-572,RUA AMAPÁ,GAIVOTA (PRAIA),ITANHAEM
11746-410,RUA AMPARO,CIBRATEL II,ITANHAEM
11746-360,RUA AMAPÁ,CIBRATEL II,ITANHAEM
11749-474,RUA AMAZONAS,BOPIRANGA,ITANHAEM
11754-632,RUA AMAZONAS,GAIVOTA (PRAIA),ITANHAEM
11747-848,RUA AMETISTA,JARDIM CORONEL,ITANHAEM
11746-336,RUA AMAZONAS,CIBRATEL II,ITANHAEM
11742-540,RUA AMERICANA,NOVA ITANHAÉM (INTERIOR),ITANHAEM
11746-590,RUA AMARO PRADO,CORUMBA,ITANHAEM
11740-971,RUA AMÉRICO NICOLINI,VILA SÃO PAULO,ITANHAEM
11754-448,RUA AMARO DA SILVEIRA,GAIVOTA (PRAIA),ITANHAEM
11740-170,RUA AMÉRICO NICOLINI,VILA SÃO PAULO,ITANHAEM
11746-686,RUA AMELIO DE FIGUEIREDO,BELAS ARTES,ITANHAEM
11754-610,RUA AMARO DOMINGUES PRADO,GAIVOTA (PRAIA),ITANHAEM
11747-880,RUA AMÂNDIO AUGUSTO MARTINS,JARDIM CORONEL,ITANHAEM
11749-392,RUA ANKARA,BOPIRANGA,ITANHAEM
11749-336,RUA ANGICO,BOPIRANGA,ITANHAEM
11749-128,RUA ANGICO,TUPY,ITANHAEM
11754-122,RUA ANONIMA,JAMAICA (PRAIA),ITANHAEM
11747-234,RUA ANA DIAS,UMUARAMA,ITANHAEM
11752-158,RUA ANCHIETA,JARDIM ANCHIETA,ITANHAEM
11748-516,RUA ANCHIETA,JARDIM CORONEL,ITANHAEM
11741-136,RUA ANGATUBA,CAMPOS ELISEOS,ITANHAEM
11740-266,RUA ANDORINHA,BAIXIO,ITANHAEM
11754-622,RUA ANÁPOLIS,GAIVOTA (PRAIA),ITANHAEM
11749-028,RUA ANHANGUÉRA,TUPY,ITANHAEM
11749-216,RUA ANHANGABAÚ,TUPY,ITANHAEM
11741-278,RUA ANCHIETA 2A,LOTY,ITANHAEM
11748-186,RUA ANTONIO PRADO,JARDIM CORONEL,ITANHAEM
11742-468,RUA ANTENOR CORADI,NOSSA SENHORA DO SION,ITANHAEM
11741-882,RUA ANJO DA GUARDA,JARDIM SUARÃO (INTERIOR),ITANHAEM
11742-442,RUA ANJO DA GUARDA,NOSSA SENHORA DO SION,ITANHAEM
11742-624,RUA ANTONIO SOBRAL,SAVOY,ITANHAEM
11743-394,RUA ANÉSIA AGUIAR,GUAPURÁ,ITANHAEM
11741-894,RUA ANTONIO BALINT,JARDIM SUARÃO (INTERIOR),ITANHAEM
11740-510,RUA ÂNGELO BIFULCO,GUARDA CIVIL,ITANHAEM
11754-414,RUA ANTONIO FASCINA,GAIVOTA (PRAIA),ITANHAEM
11754-400,RUA ANTONIO FASCINA,JAMAICA (PRAIA),ITANHAEM
11748-252,RUA ANTONIO CANIÇO,JARDIM CORONEL,ITANHAEM
11742-664,RUA ANTONIO MARQUES,SAVOY,ITANHAEM
11755-862,RUA ANTONIO FASCINA,JAMAICA (INTERIOR),ITANHAEM
11744-320,RUA ANCHISES BRANCO,AGUAPEÚ,ITANHAEM
11744-152,RUA ANTÍDIO RIBEIRO,AGUAPEÚ,ITANHAEM
11755-532,RUA ANTONIO HENRIQUE,GAIVOTA (INTERIOR),ITANHAEM
11749-586,RUA ANGELINA PICHELI,BOPIRANGA,ITANHAEM
11740-132,RUA ANDRÉ RUZSICSKA,VILA SÃO PAULO,ITANHAEM
11746-684,RUA ANTONIO PARREIRAS,BELAS ARTES,ITANHAEM
11746-662,RUA ANTONIO PARREIRAS,BELAS ARTES,ITANHAEM
11749-608,RUA ANGÉLICA COLUCCI,BOPIRANGA,ITANHAEM
11754-004,RUA ANTÔNIO PROCÓPIO,JAMAICA (PRAIA),ITANHAEM
11749-702,RUA ANTÔNIO PROCÓPIO,BOPIRANGA,ITANHAEM
11749-700,RUA ANTÔNIO PROCÓPIO,BOPIRANGA,ITANHAEM
11754-006,RUA ANTÔNIO PROCÓPIO,JAMAICA (PRAIA),ITANHAEM
11740-102,RUA ANA DE MATTOS MEIRA,CENTRO,ITANHAEM
11744-076,RUA ANTONIO BAENA RAMOS,AGUAPEÚ,ITANHAEM
11746-608,RUA ANA LORENA DE SOUZA,CORUMBA,ITANHAEM
11754-172,RUA ANDRÉ JOSÉ CAMARGO,JAMAICA (PRAIA),ITANHAEM
11747-258,RUA ANTONIO FORTES GATTO,UMUARAMA,ITANHAEM
11741-704,RUA ANTONIO R. B. DANTAS,JARDIM SUARÃO (INTERIOR),ITANHAEM
11747-226,RUA ANTONIO ALVES QUINTAS,UMUARAMA,ITANHAEM
11746-064,RUA ANDRÉ RICARDO MUNHOZ,PRAIA DOS SONHOS,ITANHAEM
11751-342,RUA ANTONIO ALVES QUINTAS,CIBRATEL (CHÁCARAS),ITANHAEM
11749-090,RUA ANTONIO LEAL DA SILVA,TUPY,ITANHAEM
11754-644,RUA ANTONIO JOSÉ PEDROSA,GAIVOTA (PRAIA),ITANHAEM
11749-060,RUA ANA MARQUES DE ARAÚJO,TUPY,ITANHAEM
11750-554,RUA APIAI,CIBRATEL (CHÁCARAS),ITANHAEM
11746-434,RUA APARECIDA,CIBRATEL II,ITANHAEM
11742-796,RUA APPARECIDA GARCIA RAMOS,LARANJEIRAS,ITANHAEM
11751-628,RUA APARECIDA LIMA DE GODOY,JARDIM ANCHIETA,ITANHAEM
11740-772,RUA ARACY,JARDIM SUARÃO (PRAIA),ITANHAEM
11750-110,RUA ARABLE,SÃO FERNANDO (CHÁCARAS),ITANHAEM
11749-258,RUA ARARAS,TUPY,ITANHAEM
11748-502,RUA AROUCHE,JARDIM CORONEL,ITANHAEM
11747-040,RUA ARAPEHY,SABAÚNA,ITANHAEM
11750-130,RUA ARARIBA,SÃO FERNANDO (CHÁCARAS),ITANHAEM
11749-324,RUA ARUEIRA,TUPY,ITANHAEM
11749-354,RUA ARUEIRA,BOPIRANGA,ITANHAEM
11749-264,RUA ARAPONGA,TUPY,ITANHAEM
11749-384,RUA ARGÉLIA,BOPIRANGA,ITANHAEM
11742-778,RUA ARMÊNIA,LARANJEIRAS,ITANHAEM
11740-656,RUA ARARIBOIA,SUARÃO,ITANHAEM
11755-060,RUA ARAPONGAS,GAIVOTA (INTERIOR),ITANHAEM
11740-598,RUA ARARIBOIA,NOVA ITANHAÉM (PRAIA),ITANHAEM
11740-672,RUA ARARANGABA,SUARÃO,ITANHAEM
11755-024,RUA ARAÇATUBA,GAIVOTA (INTERIOR),ITANHAEM
11748-280,RUA ARARAQUARA,JARDIM CORONEL,ITANHAEM
11746-436,RUA ARAÇATUBA,CIBRATEL II,ITANHAEM
11747-774,RUA ARARAQUARA,JARDIM CORONEL,ITANHAEM
11742-532,RUA ARAÇATUBA,NOVA ITANHAÉM (INTERIOR),ITANHAEM
11741-144,RUA ARARAQUARA,CAMPOS ELISEOS,ITANHAEM
11757-108,RUA ARITICAÇÃ,JAMAICA (INTERIOR),ITANHAEM
11754-236,RUA ARTUR KRUGER,JAMAICA (PRAIA),ITANHAEM
11749-234,RUA ARRUBE MOURO,TUPY,ITANHAEM
11754-682,RUA ARMANDO DIOGO,GAIVOTA (PRAIA),ITANHAEM
11746-582,RUA ARLINDO BETIO,CORUMBA,ITANHAEM
11741-550,RUA ARISTEU MIGUEL,VERDE MAR,ITANHAEM
11749-236,RUA ARTURO MAINARDI,TUPY,ITANHAEM
11747-198,RUA ARMINDO FERREIRA,SABAÚNA,ITANHAEM
11740-224,RUA ARTHUR BERNARDES,MOSTEIRO,ITANHAEM
11741-608,RUA ARMINDA LOUREIRO,VERDE MAR,ITANHAEM
11740-098,RUA ARIMÁ MAGALHÃES,CENTRO,ITANHAEM
11747-700,RUA ARCELINO DE MATOS,JARDIM CORONEL,ITANHAEM
11740-582,RUA ARMANDO CAPELLARI,NOVA ITANHAÉM (PRAIA),ITANHAEM
11742-510,RUA ARTHUR SLAV JÚNIOR,NOVA ITANHAÉM (INTERIOR),ITANHAEM
11747-228,RUA ARCELINO DE ARAÚJO,UMUARAMA,ITANHAEM
11746-240,RUA ARTHUR WERNER KROGER,CIBRATEL I,ITANHAEM
11746-750,RUA ARNALDO BAENA FERNANDES,BELAS ARTES,ITANHAEM
11746-822,RUA ARNALDO MARQUES CARREIRA,GUAPIRANGA,ITANHAEM
11747-294,RUA ARISTIDES GOMES ASSUNÇÃO,UMUARAMA,ITANHAEM
11746-846,RUA ARISTEU RODRIGUES DA SILVA,GUAPIRANGA,ITANHAEM
11741-624,RUA ARTHUR MAIA DE ALMEIDA RAMOS,VERDE MAR,ITANHAEM
11746-526,RUA ARISTIDES MENDONÇA DE OLIVEIRA,CORUMBA,ITANHAEM
11755-048,RUA ASSIS,GAIVOTA (INTERIOR),ITANHAEM
11755-058,RUA ASSAÍ,GAIVOTA (INTERIOR),ITANHAEM
11749-470,RUA ASSUNÇÃO,BOPIRANGA,ITANHAEM
11746-752,RUA ASSEMBLÉIA DE DEUS,BELAS ARTES,ITANHAEM
11747-876,RUA ATIBAIA,JARDIM CORONEL,ITANHAEM
11749-184,RUA ATÍLIO BOCCARDO,TUPY,ITANHAEM
11741-866,RUA AURORA,JARDIM SUARÃO (INTERIOR),ITANHAEM
11742-430,RUA AURORA,NOSSA SENHORA DO SION,ITANHAEM
11747-336,RUA AUGUSTO DE LIMA,UMUARAMA,ITANHAEM
11741-602,RUA AUGUSTO A LOUREIRO,VERDE MAR,ITANHAEM
11743-270,RUA AURIO JOSÉ MOSOLINO,JARDIM OÁSIS,ITANHAEM
11748-156,RUA AUGUSTO ALVES DE LIMA,JARDIM CORONEL,ITANHAEM
11751-318,RUA AUGUSTA POMPEU FERNANDES,CIBRATEL (CHÁCARAS),ITANHAEM
11746-842,RUA AURORA DE BRITO COUTINHO,GUAPIRANGA,ITANHAEM
11755-036,RUA AVARÉ,GAIVOTA (INTERIOR),ITANHAEM
11740-670,RUA AVANHANDAVA,SUARÃO,ITANHAEM
11746-558,RUA AVELINO AMBROSIO,CORUMBA,ITANHAEM
11754-338,RUA AYRTON PACHECO DE TOLEDO,JAMAICA (PRAIA),ITANHAEM
11756-666,RUA BAHIA,JAMAICA (INTERIOR),ITANHAEM
11746-072,RUA BAHIA,PRAIA DOS SONHOS,ITANHAEM
11754-818,RUA BAURU,GAIVOTA (PRAIA),ITANHAEM
11755-404,RUA BAGÉ,GAIVOTA (INTERIOR),ITANHAEM
11748-284,RUA BAURU,JARDIM CORONEL,ITANHAEM
11746-466,RUA BAURU,CIBRATEL II,ITANHAEM
11747-862,RUA BAURU,JARDIM CORONEL,ITANHAEM
11746-376,RUA BAHIA,CIBRATEL II,ITANHAEM
11746-286,RUA BAHIA,CIBRATEL II,ITANHAEM
11741-198,RUA BAHIA,MARROCOS,ITANHAEM
11755-018,RUA BASTOS,GAIVOTA (INTERIOR),ITANHAEM
11749-400,RUA BAGDAD,BOPIRANGA,ITANHAEM
11747-038,RUA BARTIRA,SABAÚNA,ITANHAEM
11755-022,RUA BARRETOS,GAIVOTA (INTERIOR),ITANHAEM
11747-776,RUA BATATAIS,JARDIM CORONEL,ITANHAEM
11740-450,RUA BARRETOS,SATÉLITE,ITANHAEM
11756-708,RUA BARRA FUNDA,JAMAICA (INTERIOR),ITANHAEM
11746-712,RUA BATISTA DA COSTA,BELAS ARTES,ITANHAEM
11742-808,RUA BAILARINA JULIA BEBIANO,LARANJEIRAS,ITANHAEM
11741-542,RUA BALTAZAR EUSÉBIO DE SOUZA,VERDE MAR,ITANHAEM
11747-094,RUA BALTHAZAR SEBASTIÃO RIBEIRO NICOLINI,SABAÚNA,ITANHAEM
11754-626,RUA BELÉM,GAIVOTA (PRAIA),ITANHAEM
11746-464,RUA BEBEDOURO,CIBRATEL II,ITANHAEM
11755-028,RUA BEBEDOURO,GAIVOTA (INTERIOR),ITANHAEM
11740-264,RUA BEIJA FLOR,BAIXIO,ITANHAEM
11752-140,RUA BELO HORIZONTE,JARDIM ANCHIETA,ITANHAEM
11756-682,RUA BELO HORIZONTE,JAMAICA (INTERIOR),ITANHAEM
11755-416,RUA BELO HORIZONTE,GAIVOTA (INTERIOR),ITANHAEM
11748-064,RUA BELO HORIZONTE,JARDIM CORONEL,ITANHAEM
11749-194,RUA BELMIRO CASELLA,TUPY,ITANHAEM
11740-360,RUA BENEDITO ROSENDO,CIDADE ANCHIETA,ITANHAEM
11755-538,RUA BENEDITO MARIANO,GAIVOTA (INTERIOR),ITANHAEM
11743-302,RUA BENEDITO CARANGE,JARDIM OÁSIS,ITANHAEM
11746-006,RUA BENEDITO CALIXTO,PRAIA DOS SONHOS,ITANHAEM
11747-138,RUA BENEDITO SILVEIRA,SABAÚNA,ITANHAEM
11747-108,RUA BENEDITA VALÉRIO,SABAÚNA,ITANHAEM
11740-158,RUA BENEDITO DE SOUZA,VILA SÃO PAULO,ITANHAEM
11740-156,RUA BENEDITO CELESTINO,VILA SÃO PAULO,ITANHAEM
11755-046,RUA BERNARDINO DE CAMPOS,GAIVOTA (INTERIOR),ITANHAEM
11747-134,RUA BENEDITO LACERDA FILHO,SABAÚNA,ITANHAEM
11743-262,RUA BENJAMIM ALVES DA SILVA,JARDIM OÁSIS,ITANHAEM
11740-126,RUA BENEDITA DE PAROLIS VITI,VILA SÃO PAULO,ITANHAEM
11741-098,RUA BENEDITO MALVÃO MIRANDA,CAMPOS ELISEOS,ITANHAEM
11747-304,RUA BENEDITO DE OLIVEIRA LUZ,UMUARAMA,ITANHAEM
11743-414,RUA BENEDITO CARLOS RODRIGUES,GUAPURÁ,ITANHAEM
11746-656,RUA BERNADINO DE SOUZA PEREIRA,BELAS ARTES,ITANHAEM
11743-416,RUA BENEDITO GONÇALVES MENDES,GUAPURÁ,ITANHAEM
11746-616,RUA BERNADINO DE SOUZA PEREIRA,CORUMBA,ITANHAEM
11746-610,RUA BENEDITO RICARDO DOS PASSOS,CORUMBA,ITANHAEM
11746-856,RUA BENEDITO DOMINGOS DO ROSÁRIO,GUAPIRANGA,ITANHAEM
11740-706,RUA BIRITIBA,SUARÃO,ITANHAEM
11741-200,RUA BIRITIBA,MARROCOS,ITANHAEM
11740-602,RUA BIRITIBA,NOVA ITANHAÉM (PRAIA),ITANHAEM
11740-792,RUA BIRITIBA,JARDIM SUARÃO (PRAIA),ITANHAEM
11747-168,RUA BIAS FORTES,SABAÚNA,ITANHAEM
11752-130,RUA BLUMENAU,JARDIM ANCHIETA,ITANHAEM
11748-476,RUA BLUMENAU,JARDIM CORONEL,ITANHAEM
11749-484,RUA BOSTON,BOPIRANGA,ITANHAEM
11756-732,RUA BOGOTA,JAMAICA (INTERIOR),ITANHAEM
11749-444,RUA BOLIVAR,BOPIRANGA,ITANHAEM
11750-444,RUA BOROROS,SÃO FERNANDO (CHÁCARAS),ITANHAEM
11750-516,RUA BORORÓS,CIBRATEL (CHÁCARAS),ITANHAEM
11741-354,RUA BOTUCATU,LOTY,ITANHAEM
11743-554,RUA BOTUCATU,TROPICAL,ITANHAEM
11749-480,RUA BOLÍVIA,BOPIRANGA,ITANHAEM
11749-808,RUA BOA VISTA,SÃO FERNANDO (CHÁCARAS),ITANHAEM
11742-030,RUA BOM PASTOR,JARDIM SUARÃO (INTERIOR),ITANHAEM
11743-650,RUA BOM PASTOR,TROPICAL,ITANHAEM
11741-360,RUA BOA ESPERANÇA DO SUL,LOTY,ITANHAEM
11741-210,RUA BOA ESPERANÇA DO SUL,MARROCOS,ITANHAEM
11741-424,RUA BROMÉLIAS,LOTY,ITANHAEM
11741-588,RUA BRIGADEIRO FARIA LIMA,VERDE MAR,ITANHAEM
11751-346,RUA BRIGIDA DE VERAS DOMINGUES,CIBRATEL (CHÁCARAS),ITANHAEM
11747-006,RUA BRIGIDA DE VERAS DOMINGUES,SABAÚNA,ITANHAEM
11747-114,RUA BRASILINO MARQUES DOS SANTOS,SABAÚNA,ITANHAEM
11749-494,RUA BUENOS AIRES,BOPIRANGA,ITANHAEM
11740-580,RUA CAETE,NOVA ITANHAÉM (PRAIA),ITANHAEM
11749-298,RUA CACAU,TUPY,ITANHAEM
11749-378,RUA CACAU,BOPIRANGA,ITANHAEM
11746-392,RUA CANADA,CIBRATEL II,ITANHAEM
11740-690,RUA CAJURU,SUARÃO,ITANHAEM
11749-348,RUA CANELA,BOPIRANGA,ITANHAEM
11755-062,RUA CAMBÉ,GAIVOTA (INTERIOR),ITANHAEM
11750-550,RUA CAPUAVA,CIBRATEL (CHÁCARAS),ITANHAEM
11749-270,RUA CANARIO,TUPY,ITANHAEM
11749-130,RUA CAMBUCI,TUPY,ITANHAEM
11750-442,RUA CARIJOS,SÃO FERNANDO (CHÁCARAS),ITANHAEM
11750-478,RUA CAPUAVA,SÃO FERNANDO (CHÁCARAS),ITANHAEM
11749-334,RUA CAMBUCI,BOPIRANGA,ITANHAEM
11749-214,RUA CATERETE,TUPY,ITANHAEM
11752-150,RUA CAMPINAS,JARDIM ANCHIETA,ITANHAEM
11748-298,RUA CAMPINAS,JARDIM CORONEL,ITANHAEM
11750-512,RUA CARIJÓS,CIBRATEL (CHÁCARAS),ITANHAEM
11749-346,RUA CABREUVA,BOPIRANGA,ITANHAEM
11746-438,RUA CAMPINAS,CIBRATEL II,ITANHAEM
11750-538,RUA CARAMURU,CIBRATEL (CHÁCARAS),ITANHAEM
11741-160,RUA CAMPINAS,MARROCOS,ITANHAEM
11749-402,RUA CÁUCASO,BOPIRANGA,ITANHAEM
11741-106,RUA CAMPINAS,CAMPOS ELISEOS,ITANHAEM
11749-118,RUA CABREUVA,TUPY,ITANHAEM
11742-716,RUA CAMPINAS,LARANJEIRAS,ITANHAEM
11750-112,RUA CAMBARÁ,SÃO FERNANDO (CHÁCARAS),ITANHAEM
11747-872,RUA CAMPINAS,JARDIM CORONEL,ITANHAEM
11750-122,RUA CAIARANA,SÃO FERNANDO (CHÁCARAS),ITANHAEM
11746-412,RUA CAPIVARI,CIBRATEL II,ITANHAEM
11754-128,RUA CAMPINAS,JAMAICA (PRAIA),ITANHAEM
11749-296,RUA CANJARANA,TUPY,ITANHAEM
11750-546,RUA CAPICHABA,CIBRATEL (CHÁCARAS),ITANHAEM
11754-810,RUA CATANDUVA,GAIVOTA (PRAIA),ITANHAEM
11748-272,RUA CATANDUVA,JARDIM CORONEL,ITANHAEM
11749-380,RUA CANJARANA,BOPIRANGA,ITANHAEM
11750-474,RUA CAPICHABA,SÃO FERNANDO (CHÁCARAS),ITANHAEM
11756-654,RUA CATANDUVA,JAMAICA (INTERIOR),ITANHAEM
11746-400,RUA CATANDUVA,CIBRATEL II,ITANHAEM
11742-756,RUA CAMPININHA,LARANJEIRAS,ITANHAEM
11747-758,RUA CALIFÓRNIA,JARDIM CORONEL,ITANHAEM
11746-674,RUA CAMPOS AYRES,BELAS ARTES,ITANHAEM
11740-218,RUA CAMPOS SALES,MOSTEIRO,ITANHAEM
11751-590,RUA CARLOS OLZON,JARDIM ANCHIETA,ITANHAEM
11752-148,RUA CAMPO ALEGRE,JARDIM ANCHIETA,ITANHAEM
11748-484,RUA CARLOS GOMES,JARDIM CORONEL,ITANHAEM
11742-366,RUA CARDEAL MOTTA,NOSSA SENHORA DO SION,ITANHAEM
11741-790,RUA CARDEAL MOTTA,JARDIM SUARÃO (INTERIOR),ITANHAEM
11740-022,RUA CAPITÃO MENDES,CENTRO,ITANHAEM
11749-614,RUA CARLOS DAL ALBA,BOPIRANGA,ITANHAEM
11743-296,RUA CARLOS TREVISAN,JARDIM OÁSIS,ITANHAEM
11757-198,RUA CEM,JAMAICA (INTERIOR),ITANHAEM
11751-822,RUA CEM,JARDIM ANCHIETA,ITANHAEM
11749-042,RUA CECI,TUPY,ITANHAEM
11749-362,RUA CEDRO,BOPIRANGA,ITANHAEM
11749-312,RUA CEDRO,TUPY,ITANHAEM
11751-800,RUA CEM A,JARDIM ANCHIETA,ITANHAEM
11749-476,RUA CEARÁ,BOPIRANGA,ITANHAEM
11754-664,RUA CEARÁ,GAIVOTA (PRAIA),ITANHAEM
11756-700,RUA CEARÁ,JAMAICA (INTERIOR),ITANHAEM
11746-288,RUA CEARÁ,CIBRATEL II,ITANHAEM
11742-758,RUA CEARÁ,LARANJEIRAS,ITANHAEM
11746-326,RUA CEARÁ I,CIBRATEL II,ITANHAEM
11746-374,RUA CEARÁ II,CIBRATEL II,ITANHAEM
11751-818,RUA CENTO E UM,JARDIM ANCHIETA,ITANHAEM
11751-812,RUA CENTO E DEZ,JARDIM ANCHIETA,ITANHAEM
11752-004,RUA CENTO E DOZE,JARDIM ANCHIETA,ITANHAEM
11751-788,RUA CENTO E DOIS,JARDIM ANCHIETA,ITANHAEM
11757-200,RUA CENTO E DOIS,JAMAICA (INTERIOR),ITANHAEM
11751-832,RUA CENTO E SETE,JARDIM ANCHIETA,ITANHAEM
11751-830,RUA CENTO E SEIS,JARDIM ANCHIETA,ITANHAEM
11752-002,RUA CENTO E ONZE,JARDIM ANCHIETA,ITANHAEM
11751-834,RUA CENTO E OITO,JARDIM ANCHIETA,ITANHAEM
11751-836,RUA CENTO E NOVE,JARDIM ANCHIETA,ITANHAEM
11752-006,RUA CENTO E VINTE,JARDIM ANCHIETA,ITANHAEM
11751-794,RUA CENTO E TREZE,JARDIM ANCHIETA,ITANHAEM
11751-810,RUA CENTO E CINCO,JARDIM ANCHIETA,ITANHAEM
11751-790,RUA CENTO E TRÊS,JARDIM ANCHIETA,ITANHAEM
11746-548,RUA CELSO SILVEIRA,CORUMBA,ITANHAEM
11751-792,RUA CENTO E DOZE A,JARDIM ANCHIETA,ITANHAEM
11752-044,RUA CENTO E TRINTA,JARDIM ANCHIETA,ITANHAEM
11751-814,RUA CENTO E ONZE A,JARDIM ANCHIETA,ITANHAEM
11751-798,RUA CENTO E QUINZE,JARDIM ANCHIETA,ITANHAEM
11751-806,RUA CENTO E QUATRO,JARDIM ANCHIETA,ITANHAEM
11740-060,RUA CESÁRIO BASTOS,CENTRO,ITANHAEM
11751-838,RUA CENTO E DEZOITO,JARDIM ANCHIETA,ITANHAEM
11751-852,RUA CENTO E SETENTA,JARDIM ANCHIETA,ITANHAEM
11747-362,RUA CELSO RODRIGUES,UMUARAMA,ITANHAEM
11751-848,RUA CENTO E SESSENTA,JARDIM ANCHIETA,ITANHAEM
11752-060,RUA CENTO E TRINTA A,JARDIM ANCHIETA,ITANHAEM
11752-040,RUA CENTO E QUARENTA,JARDIM ANCHIETA,ITANHAEM
11751-840,RUA CENTO E DEZENOVE,JARDIM ANCHIETA,ITANHAEM
11751-796,RUA CENTO E QUATROZE,JARDIM ANCHIETA,ITANHAEM
11751-820,RUA CENTO E DEZESSETE,JARDIM ANCHIETA,ITANHAEM
11751-816,RUA CENTO E DEZESSEIS,JARDIM ANCHIETA,ITANHAEM
11751-844,RUA CENTO E CINQUENTA,JARDIM ANCHIETA,ITANHAEM
11752-008,RUA CENTO E VINTE E UM,JARDIM ANCHIETA,ITANHAEM
11752-012,RUA CENTO E TRINTA E UM,JARDIM ANCHIETA,ITANHAEM
11752-052,RUA CENTO E VINTE E SETE,JARDIM ANCHIETA,ITANHAEM
11752-050,RUA CENTO E VINTE E SEIS,JARDIM ANCHIETA,ITANHAEM
11752-030,RUA CENTO E VINTE E OITO,JARDIM ANCHIETA,ITANHAEM
11746-386,RUA CHILE,CIBRATEL II,ITANHAEM
11749-490,RUA CHICAGO,BOPIRANGA,ITANHAEM
11740-552,RUA CHUCRI SABONGI,NOVA ITANHAÉM (PRAIA),ITANHAEM
11743-276,RUA CHIQUITO DOMINGUES,JARDIM OÁSIS,ITANHAEM
11740-134,RUA CHARLOTTE ANNA RUZSICSKA,VILA SÃO PAULO,ITANHAEM
11743-568,RUA CINCO,TROPICAL,ITANHAEM
11749-824,RUA CINCO,SÃO FERNANDO (CHÁCARAS),ITANHAEM
11741-156,RUA CINCO,MARROCOS,ITANHAEM
11740-576,RUA CINCO,NOVA ITANHAÉM (PRAIA),ITANHAEM
11748-114,RUA CINCO,JARDIM CORONEL,ITANHAEM
11740-466,RUA CINCO,GUARDA CIVIL,ITANHAEM
11755-626,RUA CINCO,GAIVOTA (INTERIOR),ITANHAEM
11747-744,RUA CINCO,JARDIM CORONEL,ITANHAEM
11755-444,RUA CINCO,GAIVOTA (INTERIOR),ITANHAEM
11747-728,RUA CINCO,JARDIM CORONEL,ITANHAEM
11741-520,RUA CINCO,VERDE MAR,ITANHAEM
11752-364,RUA CINCO,JARDIM ANCHIETA,ITANHAEM
11755-330,RUA CINCO,GAIVOTA (INTERIOR),ITANHAEM
11747-694,RUA CINCO,JARDIM CORONEL,ITANHAEM
11752-336,RUA CINCO,JARDIM ANCHIETA,ITANHAEM
11757-714,RUA CINCO,JAMAICA (INTERIOR),ITANHAEM
11749-530,RUA CINCO,BOPIRANGA,ITANHAEM
11755-278,RUA CINCO,GAIVOTA (INTERIOR),ITANHAEM
11747-670,RUA CINCO,JARDIM CORONEL,ITANHAEM
11752-276,RUA CINCO,JARDIM ANCHIETA,ITANHAEM
11757-202,RUA CINCO,JAMAICA (INTERIOR),ITANHAEM
11741-016,RUA CINCO,JARDIM SUARÃO (PRAIA),ITANHAEM
11755-180,RUA CINCO,GAIVOTA (INTERIOR),ITANHAEM
11747-644,RUA CINCO,JARDIM CORONEL,ITANHAEM
11756-716,RUA CIPRU,JAMAICA (INTERIOR),ITANHAEM
11752-220,RUA CINCO,JARDIM ANCHIETA,ITANHAEM
11756-410,RUA CINCO,JAMAICA (INTERIOR),ITANHAEM
11741-010,RUA CINCO,JARDIM SUARÃO (PRAIA),ITANHAEM
11754-240,RUA CINCO,JAMAICA (PRAIA),ITANHAEM
11752-082,RUA CINCO,JARDIM ANCHIETA,ITANHAEM
11755-824,RUA CINCO,JAMAICA (INTERIOR),ITANHAEM
11740-862,RUA CINCO,JARDIM SUARÃO (PRAIA),ITANHAEM
11754-208,RUA CINCO,JAMAICA (PRAIA),ITANHAEM
11750-494,RUA CINCO,SÃO FERNANDO (CHÁCARAS),ITANHAEM
11754-800,RUA CINCO,GAIVOTA (PRAIA),ITANHAEM
11754-062,RUA CINCO,JAMAICA (PRAIA),ITANHAEM
11744-408,RUA CINCO,AGUAPEÚ,ITANHAEM
11747-084,RUA CINCO,SABAÚNA,ITANHAEM
11750-298,RUA CINCO,SÃO FERNANDO (CHÁCARAS),ITANHAEM
11754-508,RUA CINCO,GAIVOTA (PRAIA),ITANHAEM
11750-568,RUA CINCO,CIBRATEL (CHÁCARAS),ITANHAEM
11744-068,RUA CINCO,AGUAPEÚ,ITANHAEM
11750-136,RUA CIPRESTE,SÃO FERNANDO (CHÁCARAS),ITANHAEM
11755-158,RUA CINQUENTA,GAIVOTA (INTERIOR),ITANHAEM
11751-702,RUA CINQUENTA,JARDIM ANCHIETA,ITANHAEM
11757-806,RUA CINQUENTA,JAMAICA (INTERIOR),ITANHAEM
11756-506,RUA CINQUENTA,JAMAICA (INTERIOR),ITANHAEM
11744-020,RUA CINQUENTA,AGUAPEÚ,ITANHAEM
11751-716,RUA CINQUENTA E UM,JARDIM ANCHIETA,ITANHAEM
11757-808,RUA CINQUENTA E UM,JAMAICA (INTERIOR),ITANHAEM
11755-864,RUA CLEMENTINO PIRES,JAMAICA (INTERIOR),ITANHAEM
11740-150,RUA CLEMENTE MARTINS RÉ,VILA SÃO PAULO,ITANHAEM
11755-552,RUA CLAUDIO ROBERTO PEDROSO,GAIVOTA (INTERIOR),ITANHAEM
11746-748,RUA CLAUDIO PAIVA DE OLIVEIRA,BELAS ARTES,ITANHAEM
11746-534,RUA CLARICE ANA CORDEIRO DE MELLO,CORUMBA,ITANHAEM
11749-016,RUA COATI,TUPY,ITANHAEM
11747-846,RUA CORAL,JARDIM CORONEL,ITANHAEM
11749-122,RUA COPAUVA,TUPY,ITANHAEM
11749-342,RUA COPAUVA,BOPIRANGA,ITANHAEM
11741-492,RUA CONCHAL,VERDE MAR,ITANHAEM
11746-078,RUA COLOMBO,PRAIA DOS SONHOS,ITANHAEM
11749-274,RUA COTOVIA,TUPY,ITANHAEM
11749-464,RUA CORUMBÁ,BOPIRANGA,ITANHAEM
11749-434,RUA COLUMBIA,BOPIRANGA,ITANHAEM
11754-566,RUA CORUMBÁ,GAIVOTA (PRAIA),ITANHAEM
11756-720,RUA COLUMBIA,JAMAICA (INTERIOR),ITANHAEM
11746-364,RUA COLOMBIA,CIBRATEL II,ITANHAEM
11750-126,RUA COQUEIRO,SÃO FERNANDO (CHÁCARAS),ITANHAEM
11749-486,RUA COCHABAMBA,BOPIRANGA,ITANHAEM
11746-384,RUA COSTA RICA,CIBRATEL II,ITANHAEM
11746-212,RUA CORONEL TABORDA,CIBRATEL I,ITANHAEM
11740-652,RUA COTINHA MAGALHÃES,SUARÃO,ITANHAEM
11742-454,RUA COTINHA MAGALHÃES,NOSSA SENHORA DO SION,ITANHAEM
11755-056,RUA CORNÉLIO PROCOPIO,GAIVOTA (INTERIOR),ITANHAEM
11740-630,RUA COTINHA MAGALHÃES,NOVA ITANHAÉM (PRAIA),ITANHAEM
11741-858,RUA CORONEL JOAQUIM BRANCO,JARDIM SUARÃO (INTERIOR),ITANHAEM
11742-424,RUA CORONEL JOAQUIM BRANCO,NOSSA SENHORA DO SION,ITANHAEM
11740-844,RUA CORONEL JULIO RODRIGUES,JARDIM SUARÃO (PRAIA),ITANHAEM
11743-358,RUA CONSTANTINO GARCIA CRESPO,GUAPURÁ,ITANHAEM
11749-196,RUA CONSTANTINA CAMPAGNA SILVA,TUPY,ITANHAEM
11743-412,RUA CONCEPCION RODRIGUES GARCIA,GUAPURÁ,ITANHAEM
11754-304,RUA CÔNEGO HENRIQUE VAN KASTEREN,JAMAICA (PRAIA),ITANHAEM
11743-656,RUA CRUZEIRO DO SUL,TROPICAL,ITANHAEM
11743-658,RUA CRISTO OPERARIO,TROPICAL,ITANHAEM
11742-372,RUA CRISTOVÃO COLOMBO,NOSSA SENHORA DO SION,ITANHAEM
11740-204,RUA CUBA,MOSTEIRO,ITANHAEM
11749-284,RUA CURIO,TUPY,ITANHAEM
11755-774,RUA CURUAS,JAMAICA (INTERIOR),ITANHAEM
11755-410,RUA CUIABÁ,GAIVOTA (INTERIOR),ITANHAEM
11748-084,RUA CUIABÁ,JARDIM CORONEL,ITANHAEM
11748-090,RUA CURITIBA,JARDIM CORONEL,ITANHAEM
11742-542,RUA CURITIBA,NOVA ITANHAÉM (INTERIOR),ITANHAEM
11752-132,RUA CURITIBA,JARDIM ANCHIETA,ITANHAEM
11754-576,RUA CURITIBA,GAIVOTA (PRAIA),ITANHAEM
11740-594,RUA CUNHAPORAN,NOVA ITANHAÉM (PRAIA),ITANHAEM
11740-038,RUA CUNHA MOREIRA,CENTRO,ITANHAEM
11746-724,RUA CUSTODIO TAVARES DE ALMEIDA,BELAS ARTES,ITANHAEM
11741-324,RUA DAISY,LOTY,ITANHAEM
11741-312,RUA DAGMAR,LOTY,ITANHAEM
11747-842,RUA DA LIRA,JARDIM CORONEL,ITANHAEM
11747-770,RUA DA LIBRA,JARDIM CORONEL,ITANHAEM
11747-780,RUA DA BOITE,JARDIM CORONEL,ITANHAEM
11741-880,RUA DA SAÚDE,JARDIM SUARÃO (INTERIOR),ITANHAEM
11741-426,RUA DAS ROSAS,LOTY,ITANHAEM
11742-440,RUA DA SAÚDE,NOSSA SENHORA DO SION,ITANHAEM
11756-710,RUA DAS PALMAS,JAMAICA (INTERIOR),ITANHAEM
11746-074,RUA DA ENSEADA,PRAIA DOS SONHOS,ITANHAEM
11741-892,RUA DA SAUDADE,JARDIM SUARÃO (INTERIOR),ITANHAEM
11742-446,RUA DAS FLORES,NOSSA SENHORA DO SION,ITANHAEM
11741-886,RUA DAS FLORES,JARDIM SUARÃO (INTERIOR),ITANHAEM
11746-152,RUA DA ENSEADA,CIBRATEL I,ITANHAEM
11755-762,RUA DAS IRAIBAS,JAMAICA (INTERIOR),ITANHAEM
11740-500,RUA DAVID LONGO,GUARDA CIVIL,ITANHAEM
11754-486,RUA DAS JARINAS,GAIVOTA (PRAIA),ITANHAEM
11754-472,RUA DAS IRAUBAS,GAIVOTA (PRAIA),ITANHAEM
11755-758,RUA DAS TIRARAS,JAMAICA (INTERIOR),ITANHAEM
11742-436,RUA DA LIBERDADE,NOSSA SENHORA DO SION,ITANHAEM
11754-456,RUA DAS JUSSARAS,GAIVOTA (PRAIA),ITANHAEM
11754-480,RUA DAS JATAIBAS,GAIVOTA (PRAIA),ITANHAEM
11741-872,RUA DA LIBERDADE,JARDIM SUARÃO (INTERIOR),ITANHAEM
11740-740,RUA DAS ROSEIRAS,SUARÃO,ITANHAEM
11743-638,RUA DAS CHACARAS,TROPICAL,ITANHAEM
11754-488,RUA DAS URICANAS,GAIVOTA (PRAIA),ITANHAEM
11741-422,RUA DAS AZALEIAS,LOTY,ITANHAEM
11742-036,RUA DAS ROSEIRAS,JARDIM SUARÃO (INTERIOR),ITANHAEM
11754-466,RUA DAS MACUIBAS,GAIVOTA (PRAIA),ITANHAEM
11754-482,RUA DAS MACAÚBAS,GAIVOTA (PRAIA),ITANHAEM
11742-040,RUA DAS OLIVEIRAS,JARDIM SUARÃO (INTERIOR),ITANHAEM
11741-084,RUA DA SOROCABANA,CAMPOS ELISEOS,ITANHAEM
11740-736,RUA DAS OLIVEIRAS,SUARÃO,ITANHAEM
11754-440,RUA DAS CARNAUBAS,GAIVOTA (PRAIA),ITANHAEM
11742-362,RUA DAS OLIVEIRAS,NOSSA SENHORA DO SION,ITANHAEM
11754-496,RUA DAS PALMEIRAS,GAIVOTA (PRAIA),ITANHAEM
11742-044,RUA DAS PALMEIRAS,JARDIM SUARÃO (INTERIOR),ITANHAEM
11755-746,RUA DAS PALMEIRAS,JAMAICA (INTERIOR),ITANHAEM
11742-042,RUA DAS ORQUIDEAS,JARDIM SUARÃO (INTERIOR),ITANHAEM
11741-170,RUA DAS ORQUÍDEAS,MARROCOS,ITANHAEM
11754-484,RUA DAS GUARIROBAS,GAIVOTA (PRAIA),ITANHAEM
11743-648,RUA DAS SAMAMBAIAS,TROPICAL,ITANHAEM
11741-414,RUA DAS ORQUÍDEAS,LOTY,ITANHAEM
11741-420,RUA DAS CEREJEIRAS,LOTY,ITANHAEM
11754-492,RUA DAS TAMAREIRAS,GAIVOTA (PRAIA),ITANHAEM
11742-038,RUA DAS HORTENCIAS,JARDIM SUARÃO (INTERIOR),ITANHAEM
11741-890,RUA DA FRATERNIDADE,JARDIM SUARÃO (INTERIOR),ITANHAEM
11743-392,RUA DANIEL GIANOTTI,GUAPURÁ,ITANHAEM
11743-652,RUA DA FRATERNIDADE,TROPICAL,ITANHAEM
11742-774,RUA DA ASSOCIAÇÃO,LARANJEIRAS,ITANHAEM
11755-190,RUA DEZ,GAIVOTA (INTERIOR),ITANHAEM
11755-454,RUA DEZ,GAIVOTA (INTERIOR),ITANHAEM
11752-374,RUA DEZ,JARDIM ANCHIETA,ITANHAEM
11755-078,RUA DEZ,GAIVOTA (INTERIOR),ITANHAEM
11752-350,RUA DEZ,JARDIM ANCHIETA,ITANHAEM
11749-506,RUA DEZ,BOPIRANGA,ITANHAEM
11752-298,RUA DEZ,JARDIM ANCHIETA,ITANHAEM
11754-332,RUA DEZ,JAMAICA (PRAIA),ITANHAEM
11757-724,RUA DEZ,JAMAICA (INTERIOR),ITANHAEM
11752-232,RUA DEZ,JARDIM ANCHIETA,ITANHAEM
11754-252,RUA DEZ,JAMAICA (PRAIA),ITANHAEM
11756-418,RUA DEZ,JAMAICA (INTERIOR),ITANHAEM
11752-112,RUA DEZ,JARDIM ANCHIETA,ITANHAEM
11747-708,RUA DEZ,JARDIM CORONEL,ITANHAEM
11754-214,RUA DEZ,JAMAICA (PRAIA),ITANHAEM
11750-308,RUA DEZ,SÃO FERNANDO (CHÁCARAS),ITANHAEM
11754-514,RUA DEZ,GAIVOTA (PRAIA),ITANHAEM
11747-680,RUA DEZ,JARDIM CORONEL,ITANHAEM
11754-074,RUA DEZ,JAMAICA (PRAIA),ITANHAEM
11749-842,RUA DEZ,SÃO FERNANDO (CHÁCARAS),ITANHAEM
11747-626,RUA DEZ,JARDIM CORONEL,ITANHAEM
11755-340,RUA DEZ,GAIVOTA (INTERIOR),ITANHAEM
11740-610,RUA DEZ,NOVA ITANHAÉM (PRAIA),ITANHAEM
11741-530,RUA DEZ,VERDE MAR,ITANHAEM
11755-288,RUA DEZ,GAIVOTA (INTERIOR),ITANHAEM
11752-250,RUA DEZOITO,JARDIM ANCHIETA,ITANHAEM
11741-764,RUA DEZOITO,JARDIM SUARÃO (INTERIOR),ITANHAEM
11752-108,RUA DEZOITO,JARDIM ANCHIETA,ITANHAEM
11757-740,RUA DEZOITO,JAMAICA (INTERIOR),ITANHAEM
11754-372,RUA DEZOITO,JAMAICA (PRAIA),ITANHAEM
11757-066,RUA DEZOITO,JAMAICA (INTERIOR),ITANHAEM
11754-286,RUA DEZOITO,JAMAICA (PRAIA),ITANHAEM
11756-434,RUA DEZOITO,JAMAICA (INTERIOR),ITANHAEM
11754-230,RUA DEZOITO,JAMAICA (PRAIA),ITANHAEM
11755-356,RUA DEZOITO,GAIVOTA (INTERIOR),ITANHAEM
11743-524,RUA DEZOITO,TROPICAL,ITANHAEM
11741-558,RUA DEZOITO,VERDE MAR,ITANHAEM
11755-304,RUA DEZOITO,GAIVOTA (INTERIOR),ITANHAEM
11755-208,RUA DEZOITO,GAIVOTA (INTERIOR),ITANHAEM
11744-116,RUA DEZOITO,AGUAPEÚ,ITANHAEM
11750-324,RUA DEZOITO,SÃO FERNANDO (CHÁCARAS),ITANHAEM
11748-146,RUA DEZOITO,JARDIM CORONEL,ITANHAEM
11755-088,RUA DEZOITO,GAIVOTA (INTERIOR),ITANHAEM
11747-384,RUA DEZOITO,UMUARAMA,ITANHAEM
11749-858,RUA DEZOITO,SÃO FERNANDO (CHÁCARAS),ITANHAEM
11747-608,RUA DEZOITO,JARDIM CORONEL,ITANHAEM
11754-288,RUA DEZENOVE,JAMAICA (PRAIA),ITANHAEM
11757-742,RUA DEZENOVE,JAMAICA (INTERIOR),ITANHAEM
11749-550,RUA DEZENOVE,BOPIRANGA,ITANHAEM
11754-232,RUA DEZENOVE,JAMAICA (PRAIA),ITANHAEM
11742-730,RUA DIANA,LARANJEIRAS,ITANHAEM
11740-424,RUA DIANA,SATÉLITE,ITANHAEM
11749-426,RUA DINAMARCA,BOPIRANGA,ITANHAEM
11747-884,RUA DIRCEU SENTOMA,JARDIM CORONEL,ITANHAEM
11747-016,RUA DINIZ ANTUNES DO PRADO,SABAÚNA,ITANHAEM
11740-854,RUA DIOMAR PEIXOTO LOUZADA,JARDIM SUARÃO (PRAIA),ITANHAEM
11740-864,RUA DIVINO JUSTINO DA SILVA,JARDIM SUARÃO (PRAIA),ITANHAEM
11755-270,RUA DIRCE LISSE DO NASCIMENTO,GAIVOTA (INTERIOR),ITANHAEM
11750-268,RUA DIRCE LORENA RAMOS MONTEIRO,SÃO FERNANDO (CHÁCARAS),ITANHAEM
11741-004,RUA DOIS,JARDIM SUARÃO (PRAIA),ITANHAEM
11750-312,RUA DOZE,SÃO FERNANDO (CHÁCARAS),ITANHAEM
11741-264,RUA DOIS,MARROCOS,ITANHAEM
11755-524,RUA DOIS,GAIVOTA (INTERIOR),ITANHAEM
11752-114,RUA DOZE,JARDIM ANCHIETA,ITANHAEM
11754-708,RUA DOIS,GAIVOTA (PRAIA),ITANHAEM
11740-880,RUA DOIS,JARDIM SUARÃO (PRAIA),ITANHAEM
11749-846,RUA DOZE,SÃO FERNANDO (CHÁCARAS),ITANHAEM
11755-438,RUA DOIS,GAIVOTA (INTERIOR),ITANHAEM
11757-708,RUA DOIS,JAMAICA (INTERIOR),ITANHAEM
11754-420,RUA DOIS,GAIVOTA (PRAIA),ITANHAEM
11750-488,RUA DOIS,SÃO FERNANDO (CHÁCARAS),ITANHAEM
11741-104,RUA DOIS,CAMPOS ELISEOS,ITANHAEM
11755-324,RUA DOIS,GAIVOTA (INTERIOR),ITANHAEM
11752-366,RUA DOIS,JARDIM ANCHIETA,ITANHAEM
11744-360,RUA DOZE,AGUAPEÚ,ITANHAEM
11757-036,RUA DOIS,JAMAICA (INTERIOR),ITANHAEM
11755-174,RUA DOIS,GAIVOTA (INTERIOR),ITANHAEM
11752-342,RUA DOIS,JARDIM ANCHIETA,ITANHAEM
11744-088,RUA DOZE,AGUAPEÚ,ITANHAEM
11755-794,RUA DOIS,JAMAICA (INTERIOR),ITANHAEM
11754-340,RUA DOZE,JAMAICA (PRAIA),ITANHAEM
11752-292,RUA DOIS,JARDIM ANCHIETA,ITANHAEM
11755-458,RUA DOZE,GAIVOTA (INTERIOR),ITANHAEM
11754-256,RUA DOZE,JAMAICA (PRAIA),ITANHAEM
11748-102,RUA DOIS,JARDIM CORONEL,ITANHAEM
11752-244,RUA DOIS,JARDIM ANCHIETA,ITANHAEM
11744-384,RUA DOIS,AGUAPEÚ,ITANHAEM
11755-344,RUA DOZE,GAIVOTA (INTERIOR),ITANHAEM
11754-218,RUA DOZE,JAMAICA (PRAIA),ITANHAEM
11749-500,RUA DOZE,BOPIRANGA,ITANHAEM
11754-712,RUA DOZE,GAIVOTA (PRAIA),ITANHAEM
11747-686,RUA DOZE,JARDIM CORONEL,ITANHAEM
11741-546,RUA DOZE,VERDE MAR,ITANHAEM
11747-652,RUA DOIS,JARDIM CORONEL,ITANHAEM
11752-076,RUA DOIS,JARDIM ANCHIETA,ITANHAEM
11755-292,RUA DOZE,GAIVOTA (INTERIOR),ITANHAEM
11757-728,RUA DOZE,JAMAICA (INTERIOR),ITANHAEM
11754-518,RUA DOZE,GAIVOTA (PRAIA),ITANHAEM
11747-622,RUA DOZE,JARDIM CORONEL,ITANHAEM
11752-382,RUA DOZE,JARDIM ANCHIETA,ITANHAEM
11755-194,RUA DOZE,GAIVOTA (INTERIOR),ITANHAEM
11754-306,RUA DOIS,JAMAICA (PRAIA),ITANHAEM
11757-050,RUA DOZE,JAMAICA (INTERIOR),ITANHAEM
11752-346,RUA DOZE,JARDIM ANCHIETA,ITANHAEM
11755-072,RUA DOZE,GAIVOTA (INTERIOR),ITANHAEM
11742-648,RUA DOZE,SAVOY,ITANHAEM
11754-202,RUA DOIS,JAMAICA (PRAIA),ITANHAEM
11749-524,RUA DOIS,BOPIRANGA,ITANHAEM
11756-422,RUA DOZE,JAMAICA (INTERIOR),ITANHAEM
11749-566,RUA DURVAL COSTA,BOPIRANGA,ITANHAEM
11751-572,RUA DURVAL SERRANO,JARDIM ANCHIETA,ITANHAEM
11741-828,RUA DURVAL MUYLAERT,JARDIM SUARÃO (INTERIOR),ITANHAEM
11742-398,RUA DURVAL MUYLAERT,NOSSA SENHORA DO SION,ITANHAEM
11749-570,RUA DURVAL EMILSON LEONI,BOPIRANGA,ITANHAEM
11743-284,RUA DURVALINA AUGUSTA MARTINS,JARDIM OÁSIS,ITANHAEM
11747-664,RUA EDES TRIGO,JARDIM CORONEL,ITANHAEM
11751-614,RUA EDUARDO CAMPOS,JARDIM ANCHIETA,ITANHAEM
11748-122,RUA EDGARD MARTINS,JARDIM CORONEL,ITANHAEM
11741-576,RUA EDIWIRGES NUNES,VERDE MAR,ITANHAEM
11751-634,RUA EDUARDO FORNACIARI,JARDIM ANCHIETA,ITANHAEM
11746-142,RUA EDUARDO PEDRO MARIANO,CIBRATEL I,ITANHAEM
11746-130,RUA EDUARDO PEDRO MARIANO,PRAIA DOS SONHOS,ITANHAEM
11746-770,RUA EDMUNDO GOMES ESTRIGA,BELAS ARTES,ITANHAEM
11743-580,RUA EDUARDO DA SILVA LEITE,TROPICAL,ITANHAEM
11749-672,RUA EDUARDO FERREIRA SANTANA,BOPIRANGA,ITANHAEM
11749-064,RUA EDSON GABRIEL DOS SANTOS,TUPY,ITANHAEM
11743-348,RUA EDIDALTO LUIZ NASCIMENTO,GUAPURÁ,ITANHAEM
11740-370,RUA EDUARDO CASTRO DE ARAÚJO,CIDADE ANCHIETA,ITANHAEM
11742-806,RUA EDUARDO CASTRO DE ARAÚJO,LARANJEIRAS,ITANHAEM
11743-450,RUA EDINA MARIA NERES PACHECO LORENA,GUAPURÁ,ITANHAEM
11740-392,RUA EGAS MUNIZ DE ARRUDA BOTELHO,SATÉLITE,ITANHAEM
11747-812,RUA ELDORADO,JARDIM CORONEL,ITANHAEM
11746-654,RUA ELISEU VISCONTI,BELAS ARTES,ITANHAEM
11751-616,RUA ELI SILVA MARTINS,JARDIM ANCHIETA,ITANHAEM
11742-028,RUA ELZA GALVÃO BRANCO,JARDIM SUARÃO (INTERIOR),ITANHAEM
11743-290,RUA ELIZA F. FORNACIARI,JARDIM OÁSIS,ITANHAEM
11747-230,RUA ELISA MARIA DE AQUINO,UMUARAMA,ITANHAEM
11751-578,RUA ELIANE SIQUEIRA LORENA,JARDIM ANCHIETA,ITANHAEM
11754-772,RUA ELISA MARIA DE OLIVEIRA,GAIVOTA (PRAIA),ITANHAEM
11743-506,RUA ELZA AUGUSTO DE SIQUEIRA,TROPICAL,ITANHAEM
11743-282,RUA ELIEZER CARDOSO DOS SANTOS,JARDIM OÁSIS,ITANHAEM
11755-548,RUA ELISEARIO SOARES ALBERGARIA,GAIVOTA (INTERIOR),ITANHAEM
11754-112,RUA EMÍLIA,JAMAICA (PRAIA),ITANHAEM
11748-190,RUA EMÍLIO PAULO,JARDIM CORONEL,ITANHAEM
11746-238,RUA EMÍLIO JUSTO,CIBRATEL I,ITANHAEM
11743-202,RUA EMERSON DA SILVA,JARDIM OÁSIS,ITANHAEM
11740-418,RUA EMÍDIO DE SOUZA,SATÉLITE,ITANHAEM
11742-750,RUA EMÍDIO DE SOUZA,LARANJEIRAS,ITANHAEM
11746-200,RUA EMILIANO PEDROSO,CIBRATEL I,ITANHAEM
11743-250,RUA EMÍDIO DE SOUZA,JARDIM OÁSIS,ITANHAEM
11740-975,RUA EMÍDIO DE SOUZA,JARDIM OÁSIS,ITANHAEM
11746-830,RUA EMIDIO PEREIRA DE CASTRO,GUAPIRANGA,ITANHAEM
11754-660,RUA EMILIANO RIBEIRO DA SILVA,GAIVOTA (PRAIA),ITANHAEM
11746-852,RUA ÊNIO ASTRATH,GUAPIRANGA,ITANHAEM
11748-120,RUA ENGENHEIRO ATÍLIO CARLOS PINTO FONSECA,JARDIM CORONEL,ITANHAEM
11751-308,RUA ENGENHEIRO FRANCISCO AUGUSTO SARAIVA FANUELI,CIBRATEL (CHÁCARAS),ITANHAEM
11746-396,RUA EQUADOR,CIBRATEL II,ITANHAEM
11749-438,RUA EQUADOR,BOPIRANGA,ITANHAEM
11749-616,RUA ERICH SIELKA,BOPIRANGA,ITANHAEM
11740-508,RUA ERNESTO ZWARG,GUARDA CIVIL,ITANHAEM
11741-582,RUA ÉRICO VERÍSSIMO,VERDE MAR,ITANHAEM
11749-806,RUA ERALDO DE OLIVEIRA,SÃO FERNANDO (CHÁCARAS),ITANHAEM
11743-418,RUA ERNESTO MARIANO DOS SANTOS,GUAPURÁ,ITANHAEM
11754-238,RUA ERALDO EUGENIO DE OLIVEIRA VIANTI,JAMAICA (PRAIA),ITANHAEM
11747-854,RUA ESMERALDA,JARDIM CORONEL,ITANHAEM
11749-612,RUA ESTELA BALAÇO,BOPIRANGA,ITANHAEM
11754-590,RUA ESPIRITO SANTO,GAIVOTA (PRAIA),ITANHAEM
11746-328,RUA ESPIRITO SANTO,CIBRATEL II,ITANHAEM
11743-268,RUA ESTANISLAU GERONIMO,JARDIM OÁSIS,ITANHAEM
11741-560,RUA ESTER SANCHES LOPES,VERDE MAR,ITANHAEM
11746-056,RUA EUROPA,PRAIA DOS SONHOS,ITANHAEM
11751-332,RUA EUCLIDES DA SILVA,CIBRATEL (CHÁCARAS),ITANHAEM
11754-146,RUA EULICIA CHAVES SOUZA,JAMAICA (PRAIA),ITANHAEM
11751-358,RUA EUCLIDES GALDINO DA COSTA,CIBRATEL (CHÁCARAS),ITANHAEM
11746-154,RUA EWALDO RAMALHO FOZ,CIBRATEL I,ITANHAEM
11740-078,RUA EXPEDICIONÁRIO POITENA,CENTRO,ITANHAEM
11746-166,RUA FÁBIO OLIVEIRA DE BARROS,CIBRATEL I,ITANHAEM
11746-312,RUA FELICIO ROSATI,CIBRATEL II,ITANHAEM
11746-678,RUA FELÍCIO DE LIMA,BELAS ARTES,ITANHAEM
11754-624,RUA FELISBERTO DE JESUS FIARRESGO,GAIVOTA (PRAIA),ITANHAEM
11751-636,RUA FERNANDO OTAVIANO TOLEDO FABREGUES,JARDIM ANCHIETA,ITANHAEM
11750-134,RUA FIGUEIRA,SÃO FERNANDO (CHÁCARAS),ITANHAEM
11741-694,RUA FLORIDA,JARDIM SUARÃO (INTERIOR),ITANHAEM
11749-306,RUA FLAMBOYAN,TUPY,ITANHAEM
11749-370,RUA FLAMBOYAN,BOPIRANGA,ITANHAEM
11746-728,RUA FLÁVIO PRADO,BELAS ARTES,ITANHAEM
11749-462,RUA FLORIANOPOLIS,BOPIRANGA,ITANHAEM
11754-594,RUA FLORIANOPOLIS,GAIVOTA (PRAIA),ITANHAEM
11752-136,RUA FLORIANÓPOLIS,JARDIM ANCHIETA,ITANHAEM
11747-886,RUA FLORIDES MENEZES DA SILVA,JARDIM CORONEL,ITANHAEM
11754-640,RUA FORTALEZA,GAIVOTA (PRAIA),ITANHAEM
11748-080,RUA FORTALEZA,JARDIM CORONEL,ITANHAEM
11749-430,RUA FRANÇA,BOPIRANGA,ITANHAEM
11747-808,RUA FRANÇA,JARDIM CORONEL,ITANHAEM
11740-850,RUA FRANCISCO PIVA,JARDIM SUARÃO (PRAIA),ITANHAEM
11747-272,RUA FRANCISCO CESAR,UMUARAMA,ITANHAEM
11748-494,RUA FRANCISCO MEDICI,JARDIM CORONEL,ITANHAEM
11742-652,RUA FREDERICO WALTER,SAVOY,ITANHAEM
11743-246,RUA FRANCISCO SANCHES,JARDIM OÁSIS,ITANHAEM
11740-368,RUA FRANCELINO ROMÃO,CIDADE ANCHIETA,ITANHAEM
11742-812,RUA FRANCELINO ROMÃO,LARANJEIRAS,ITANHAEM
11754-692,RUA FRANCISCO MAURICIO,GAIVOTA (PRAIA),ITANHAEM
11747-296,RUA FRANCISCO S NICOLINI,UMUARAMA,ITANHAEM
11749-592,RUA FREDERICO JORGE MULLER,BOPIRANGA,ITANHAEM
11740-780,RUA FRANCISCO THEODORO RAMOS,JARDIM SUARÃO (PRAIA),ITANHAEM
11747-280,RUA FRANCISCO RODRIGUES GOMES,UMUARAMA,ITANHAEM
11742-612,RUA FRANCISCO DE ARAÚJO FILHO,SAVOY,ITANHAEM
11743-424,RUA FRANCISCO LOPES TEIXEIRA FORTE,GUAPURÁ,ITANHAEM
11749-576,RUA FRANCISCO BRAULIO ENNES RIBERIRO,BOPIRANGA,ITANHAEM
11742-530,RUA FRANCISCO DE ASSIS RODRIGUES DA SILVA,NOVA ITANHAÉM (INTERIOR),ITANHAEM
11749-126,RUA GABIROBA,TUPY,ITANHAEM
11749-338,RUA GABIROBA,BOPIRANGA,ITANHAEM
11749-292,RUA GAMELEIRA,TUPY,ITANHAEM
11749-382,RUA GAMELEIRA,BOPIRANGA,ITANHAEM
11746-652,RUA GARCIA BENTO,BELAS ARTES,ITANHAEM
11746-190,RUA GABRIEL LEITE DO AMARAL,CIBRATEL I,ITANHAEM
11749-030,RUA GÊS,TUPY,ITANHAEM
11749-690,RUA GEZA HARY,BOPIRANGA,ITANHAEM
11757-130,RUA GEZA HARY,JAMAICA (INTERIOR),ITANHAEM
11749-624,RUA GENARO DE LUCA,BOPIRANGA,ITANHAEM
11749-466,RUA GERALDO DE SOUZA,BOPIRANGA,ITANHAEM
11749-688,RUA GERALDO RUSSOMANO,BOPIRANGA,ITANHAEM
11757-134,RUA GERALDO RUSSOMANO,JAMAICA (INTERIOR),ITANHAEM
11747-004,RUA GEORGIA SOUZA SABINO,SABAÚNA,ITANHAEM
11746-508,RUA GEORGIA SOUZA SABINO,CORUMBA,ITANHAEM
11749-248,RUA GENTIL JOSÉ DE MATOS,TUPY,ITANHAEM
11748-202,RUA GENTIL ALVES CARNEIRO,JARDIM CORONEL,ITANHAEM
11754-784,RUA GERALDO PAULON MORENO,GAIVOTA (PRAIA),ITANHAEM
11741-620,RUA GENTIL GOMES RODRIGUES,VERDE MAR,ITANHAEM
11743-298,RUA GERALDO BEZERRA DA SILVA,JARDIM OÁSIS,ITANHAEM
11747-868,RUA GENIVAL RIBEIRO RODRIGUES,JARDIM CORONEL,ITANHAEM
11747-162,RUA GIMIRIM,SABAÚNA,ITANHAEM
11747-128,RUA GINO ARDUINI,SABAÚNA,ITANHAEM
11749-600,RUA GIUSEPE SARTO,BOPIRANGA,ITANHAEM
11747-200,RUA GILENO DA SILVA,SABAÚNA,ITANHAEM
11746-576,RUA GILBERTO POMPEU,CORUMBA,ITANHAEM
11746-522,RUA GILBERTO NOTARO,CORUMBA,ITANHAEM
11741-486,RUA GILMAR JOSE CARNEIRO,VERDE MAR,ITANHAEM
11754-320,RUA GLORIA DE SOUZA,JAMAICA (PRAIA),ITANHAEM
11740-448,RUA GOIÁS,SATÉLITE,ITANHAEM
11756-692,RUA GOIÁS,JAMAICA (INTERIOR),ITANHAEM
11746-290,RUA GOIÁS,CIBRATEL II,ITANHAEM
11748-086,RUA GOIANIA,JARDIM CORONEL,ITANHAEM
11746-334,RUA GOIANIA,CIBRATEL II,ITANHAEM
11746-316,RUA GOITACAZES I,CIBRATEL II,ITANHAEM
11746-370,RUA GOITACAZES II,CIBRATEL II,ITANHAEM
11740-820,RUA GOFREDO DA SILVA TELLES,JARDIM SUARÃO (PRAIA),ITANHAEM
11746-722,RUA GREGORIO CAMPOS,BELAS ARTES,ITANHAEM
11749-044,RUA GUARA,TUPY,ITANHAEM
11757-100,RUA GUAIRA,JAMAICA (INTERIOR),ITANHAEM
11756-684,RUA GUARAÚ,JAMAICA (INTERIOR),ITANHAEM
11749-124,RUA GUAPEVA,TUPY,ITANHAEM
11746-048,RUA GUARANI,PRAIA DOS SONHOS,ITANHAEM
11740-590,RUA GUARANY,NOVA ITANHAÉM (PRAIA),ITANHAEM
11749-340,RUA GUAPEVA,BOPIRANGA,ITANHAEM
11741-358,RUA GUAXUPE,LOTY,ITANHAEM
11747-858,RUA GUARUJÁ,JARDIM CORONEL,ITANHAEM
11750-108,RUA GUARACUI,SÃO FERNANDO (CHÁCARAS),ITANHAEM
11754-568,RUA GUAPORÉ,GAIVOTA (PRAIA),ITANHAEM
11750-432,RUA GUAPORÉ,SÃO FERNANDO (CHÁCARAS),ITANHAEM
11749-022,RUA GUARANIS,TUPY,ITANHAEM
11750-508,RUA GUAICURUS,CIBRATEL (CHÁCARAS),ITANHAEM
11754-856,RUA GUARULHOS,GAIVOTA (PRAIA),ITANHAEM
11750-116,RUA GUAPIRUVU,SÃO FERNANDO (CHÁCARAS),ITANHAEM
11746-390,RUA GUATEMALA,CIBRATEL II,ITANHAEM
11750-438,RUA GUAICURUS,SÃO FERNANDO (CHÁCARAS),ITANHAEM
11746-404,RUA GUARAREMA,CIBRATEL II,ITANHAEM
11749-036,RUA GUARAÚNA,TUPY,ITANHAEM
11749-038,RUA GUAIANAZES,TUPY,ITANHAEM
11747-050,RUA GUARACIABA,SABAÚNA,ITANHAEM
11743-280,RUA GUIDO PADOVAN,JARDIM OÁSIS,ITANHAEM
11750-466,RUA GUARATINGUETA,SÃO FERNANDO (CHÁCARAS),ITANHAEM
11747-136,RUA GUIDO TOCCOLLINI,SABAÚNA,ITANHAEM
11746-032,RUA GUY PIERRE BERJEAUT,PRAIA DOS SONHOS,ITANHAEM
11741-834,RUA GUILHERME MENZEL FILHO,JARDIM SUARÃO (INTERIOR),ITANHAEM
11742-404,RUA GUILHERME MENZEL FILHO,NOSSA SENHORA DO SION,ITANHAEM
11742-466,RUA GUILHERME HERGERSHEIMER,NOSSA SENHORA DO SION,ITANHAEM
11740-506,RUA GUILHERME LOYOLLA OLIVEIRA,GUARDA CIVIL,ITANHAEM
11746-406,RUA GUILHERME DOS SANTOS SILVA,CIBRATEL II,ITANHAEM
11746-184,RUA GUILHERME ROBERTO DA COSTA,CIBRATEL I,ITANHAEM
11746-598,RUA HANS ENTHOLZER,CORUMBA,ITANHAEM
11754-138,RUA HELOÍSA,JAMAICA (PRAIA),ITANHAEM
11741-822,RUA HENRI COLSON,JARDIM SUARÃO (INTERIOR),ITANHAEM
11742-392,RUA HENRI COLSON,NOSSA SENHORA DO SION,ITANHAEM
11747-348,RUA HERTA MÜLLER,UMUARAMA,ITANHAEM
11740-116,RUA HÉLIO BORBA VITA,VILA SÃO PAULO,ITANHAEM
11740-376,RUA HÉLIO BORBA VITA,CIDADE ANCHIETA,ITANHAEM
11740-526,RUA HELVÉCIO DE SOUZA,GUARDA CIVIL,ITANHAEM
11740-872,RUA HENRIQUE SCIGLIANO,JARDIM SUARÃO (PRAIA),ITANHAEM
11754-316,RUA HEINZ WALLENTOWITZ,JAMAICA (PRAIA),ITANHAEM
11746-668,RUA HENRIQUE BERNARDELLI,BELAS ARTES,ITANHAEM
11749-246,RUA HERMINIA DIAS DE MATOS,TUPY,ITANHAEM
11746-696,RUA HENRIQUE JULIO DE LIMA,BELAS ARTES,ITANHAEM
11746-186,RUA HERMES DE ABREU FERREIRA,CIBRATEL I,ITANHAEM
11746-594,RUA HERCILIA MARIANO DA COSTA,CORUMBA,ITANHAEM
11751-348,RUA HEBER CEMENCIO DE SANTANA,CIBRATEL (CHÁCARAS),ITANHAEM
11747-082,RUA HILDETE CARNEIRO DA CUNHA,SABAÚNA,ITANHAEM
11744-328,RUA HILDEBRANDA COSTA OLIVEIRA,AGUAPEÚ,ITANHAEM
11749-406,RUA HOLANDA,BOPIRANGA,ITANHAEM
11746-388,RUA HONDURAS,CIBRATEL II,ITANHAEM
11756-656,RUA HONDURAS,JAMAICA (INTERIOR),ITANHAEM
11749-440,RUA HONDURAS,BOPIRANGA,ITANHAEM
11754-500,RUA HORTO FLORESTAL,GAIVOTA (PRAIA),ITANHAEM
11750-528,RUA HUMAITÁ,CIBRATEL (CHÁCARAS),ITANHAEM
11750-456,RUA HUMAITÁ,SÃO FERNANDO (CHÁCARAS),ITANHAEM
11746-574,RUA HUGO FORNACIARI,CORUMBA,ITANHAEM
11746-706,RUA HUGO POLASTRINI,BELAS ARTES,ITANHAEM
11749-180,RUA HUMBERTO MAINARDI,TUPY,ITANHAEM
11742-626,RUA HUMBERTO LADALLARDO,SAVOY,ITANHAEM
11746-226,RUA HUGO AUGUSTO SLIVACK,CIBRATEL I,ITANHAEM
11749-222,RUA IARA,TUPY,ITANHAEM
11749-574,RUA IAN ROBERT DUBUGRAS,BOPIRANGA,ITANHAEM
11740-816,RUA IBIÚNA,JARDIM SUARÃO (PRAIA),ITANHAEM
11754-560,RUA IDA BELETATTO MARTINS,GAIVOTA (PRAIA),ITANHAEM
11749-224,RUA IEMANJÁ,TUPY,ITANHAEM
11746-362,RUA IGUAÇU,CIBRATEL II,ITANHAEM
11757-044,RUA IGNACIO ALESUNAS,JAMAICA (INTERIOR),ITANHAEM
11754-050,RUA IGNACIO ALESUNAS,JAMAICA (PRAIA),ITANHAEM
11749-610,RUA ILÇA NUVOLLI,BOPIRANGA,ITANHAEM
11749-316,RUA IMBUIA,TUPY,ITANHAEM
11749-360,RUA IMBUIA,BOPIRANGA,ITANHAEM
11749-120,RUA IMBAUVA,TUPY,ITANHAEM
11749-344,RUA IMBAUVA,BOPIRANGA,ITANHAEM
11740-120,RUA IMPERATRIZ LEOPOLDINA,VILA SÃO PAULO,ITANHAEM
11749-376,RUA INGA,BOPIRANGA,ITANHAEM
11749-300,RUA INGA,TUPY,ITANHAEM
11749-226,RUA INAJA,TUPY,ITANHAEM
11755-566,RUA INSTITUCIONAL 1,GAIVOTA (INTERIOR),ITANHAEM
11740-318,RUA IONETE FERREIRA SOUZA E SILVA,JARDIM IVOTY,ITANHAEM
11747-058,RUA IPANEMA,SABAÚNA,ITANHAEM
11746-076,RUA IPIRANGA,PRAIA DOS SONHOS,ITANHAEM
11754-134,RUA IPIRANGA,JAMAICA (PRAIA),ITANHAEM
11750-544,RUA IPIRANGA,CIBRATEL (CHÁCARAS),ITANHAEM
11750-472,RUA IPIRANGA,SÃO FERNANDO (CHÁCARAS),ITANHAEM
11747-090,RUA IRACY,SABAÚNA,ITANHAEM
11750-536,RUA IRACEMA,CIBRATEL (CHÁCARAS),ITANHAEM
11750-464,RUA IRACEMA,SÃO FERNANDO (CHÁCARAS),ITANHAEM
11747-014,RUA IRAPUAN,SABAÚNA,ITANHAEM
11747-068,RUA IRACEMA,SABAÚNA,ITANHAEM
11740-786,RUA IRACEMA,JARDIM SUARÃO (PRAIA),ITANHAEM
11747-300,RUA IRMÃ DULCE,UMUARAMA,ITANHAEM
11749-632,RUA IRACEMA DONNARUMMO VIEIRA,BOPIRANGA,ITANHAEM
11748-218,RUA ISAIAS JOSE GOMES,JARDIM CORONEL,ITANHAEM
11754-308,RUA ISOLINA PUPO DUARTE,JAMAICA (PRAIA),ITANHAEM
11749-564,RUA ISABEL MENEZES HANGAI,BOPIRANGA,ITANHAEM
11751-596,RUA ISAURA ANTUNES GARZON,JARDIM ANCHIETA,ITANHAEM
11746-408,RUA ITU,CIBRATEL II,ITANHAEM
11749-144,RUA ITA,TUPY,ITANHAEM
11749-160,RUA ITÚ,TUPY,ITANHAEM
11749-026,RUA ITAI,TUPY,ITANHAEM
11748-288,RUA ITÚ,JARDIM CORONEL,ITANHAEM
11750-450,RUA ITAOCA,SÃO FERNANDO (CHÁCARAS),ITANHAEM
11748-520,RUA ITÁLIA,JARDIM CORONEL,ITANHAEM
11752-152,RUA ITAJAÍ,JARDIM ANCHIETA,ITANHAEM
11750-542,RUA ITAPEVA,CIBRATEL (CHÁCARAS),ITANHAEM
11749-428,RUA ITÁLIA,BOPIRANGA,ITANHAEM
11740-664,RUA ITUPEVA,SUARÃO,ITANHAEM
11740-694,RUA ITAPURA,SUARÃO,ITANHAEM
11750-522,RUA ITAÓCA,CIBRATEL (CHÁCARAS),ITANHAEM
11749-208,RUA ITABOCA,TUPY,ITANHAEM
11740-668,RUA ITAPEMA,SUARÃO,ITANHAEM
11750-470,RUA ITAPEVA,SÃO FERNANDO (CHÁCARAS),ITANHAEM
11747-874,RUA ITARARÉ,JARDIM CORONEL,ITANHAEM
11748-270,RUA ITANHAÉM,JARDIM CORONEL,ITANHAEM
11750-458,RUA ITANHAÉM,SÃO FERNANDO (CHÁCARAS),ITANHAEM
11752-124,RUA ITANHAÉM,JARDIM ANCHIETA,ITANHAEM
11750-530,RUA ITANHAÉM,CIBRATEL (CHÁCARAS),ITANHAEM
11754-606,RUA ITANHAÉM,GAIVOTA (PRAIA),ITANHAEM
11750-440,RUA ITAPECURUS,SÃO FERNANDO (CHÁCARAS),ITANHAEM
11750-510,RUA ITAPECURUS,CIBRATEL (CHÁCARAS),ITANHAEM
11749-032,RUA ITAPECERICA,TUPY,ITANHAEM
11740-658,RUA ITAGUAÇABA,SUARÃO,ITANHAEM
11750-552,RUA ITAPETININGA,CIBRATEL (CHÁCARAS),ITANHAEM
11750-480,RUA ITAPETININGA,SÃO FERNANDO (CHÁCARAS),ITANHAEM
11749-140,RUA ITAQUAQUECETUBA,TUPY,ITANHAEM
11742-656,RUA IVALDO FIRMINO DOS SANTOS,SAVOY,ITANHAEM
11740-410,RUA IVAN ALEXANDRE MATEOS DE BARROS,SATÉLITE,ITANHAEM
11740-608,RUA JACY,NOVA ITANHAÉM (PRAIA),ITANHAEM
11749-012,RUA JACI,TUPY,ITANHAEM
11756-678,RUA JAÚ,JAMAICA (INTERIOR),ITANHAEM
11748-498,RUA JAHU,JARDIM CORONEL,ITANHAEM
11740-802,RUA JACY,JARDIM SUARÃO (PRAIA),ITANHAEM
11740-724,RUA JACY,SUARÃO,ITANHAEM
11754-816,RUA JAHU,GAIVOTA (PRAIA),ITANHAEM
11747-062,RUA JACI,SABAÚNA,ITANHAEM
11742-450,RUA JACY,NOSSA SENHORA DO SION,ITANHAEM
11750-120,RUA JATAI,SÃO FERNANDO (CHÁCARAS),ITANHAEM
11749-166,RUA JATAI,TUPY,ITANHAEM
11749-374,RUA JATOBA,BOPIRANGA,ITANHAEM
11748-518,RUA JAPÃO,JARDIM CORONEL,ITANHAEM
11750-142,RUA JASMIM,SÃO FERNANDO (CHÁCARAS),ITANHAEM
11749-302,RUA JATOBA,TUPY,ITANHAEM
11746-450,RUA JACAREI,CIBRATEL II,ITANHAEM
11749-266,RUA JANDAIA,TUPY,ITANHAEM
11749-318,RUA JACARANDA,TUPY,ITANHAEM
11749-368,RUA JACUTIRAO,BOPIRANGA,ITANHAEM
11749-358,RUA JACARANDA,BOPIRANGA,ITANHAEM
11750-106,RUA JACATAUVA,SÃO FERNANDO (CHÁCARAS),ITANHAEM
11749-308,RUA JACUTIRAO,TUPY,ITANHAEM
11755-054,RUA JACAREZINHO,GAIVOTA (INTERIOR),ITANHAEM
11747-160,RUA JARDINOPÓLIS,SABAÚNA,ITANHAEM
11740-072,RUA JACOME FAJARDO,CENTRO,ITANHAEM
11747-834,RUA JARDIM CORONEL,JARDIM CORONEL,ITANHAEM
11751-618,RUA JAKSON PITELLI,JARDIM ANCHIETA,ITANHAEM
11754-312,RUA JACQUES COSTEAU,JAMAICA (PRAIA),ITANHAEM
11754-686,RUA JARBAS LOPES MOREIRA,GAIVOTA (PRAIA),ITANHAEM
11742-644,RUA JAYME LINO DOS SANTOS,SAVOY,ITANHAEM
11740-778,RUA JAIME AUGUSTO PINHEIRO,JARDIM SUARÃO (PRAIA),ITANHAEM
11747-122,RUA JAIME PINHEIRO DE SOUZA,SABAÚNA,ITANHAEM
11750-124,RUA JEQUITIBA,SÃO FERNANDO (CHÁCARAS),ITANHAEM
11757-584,RUA JEQUIRITUBA,JAMAICA (INTERIOR),ITANHAEM
11746-158,RUA JERONIMO SANTANA,CIBRATEL I,ITANHAEM
11747-368,RUA JESUS EIRAS PORBEN,UMUARAMA,ITANHAEM
11746-806,RUA JESUS FERREIRA DINIZ,GUAPIRANGA,ITANHAEM
11746-734,RUA JOINVILLE,BELAS ARTES,ITANHAEM
11752-138,RUA JOINVILLE,JARDIM ANCHIETA,ITANHAEM
11755-540,RUA JOÃO RITA,GAIVOTA (INTERIOR),ITANHAEM
11754-114,RUA JOSÉ CURY,JAMAICA (PRAIA),ITANHAEM
11746-010,RUA JOÃO FARAH,PRAIA DOS SONHOS,ITANHAEM
11741-584,RUA JOÃO BARBI,VERDE MAR,ITANHAEM
11741-756,RUA JOSÉ DONAS,JARDIM SUARÃO (INTERIOR),ITANHAEM
11754-458,RUA JOSÉ GESCA,GAIVOTA (PRAIA),ITANHAEM
11747-192,RUA JOSÉ DIOGO,SABAÚNA,ITANHAEM
11744-120,RUA JOSÉ LEITE,AGUAPEÚ,ITANHAEM
11747-240,RUA JOÃO VIANA,UMUARAMA,ITANHAEM
11755-406,RUA JOÃO PESSOA,GAIVOTA (INTERIOR),ITANHAEM
11740-176,RUA JOÃO POMPEU,VILA SÃO PAULO,ITANHAEM
11741-078,RUA JORGE CHARIF,CAMPOS ELISEOS,ITANHAEM
11754-166,RUA JOSÉ SIMONE,JAMAICA (PRAIA),ITANHAEM
11751-326,RUA JOÃO COELHO,CIBRATEL (CHÁCARAS),ITANHAEM
11747-096,RUA JOÃO RUFINO,SABAÚNA,ITANHAEM
11746-194,RUA JOÃO TONINA,CIBRATEL I,ITANHAEM
11749-628,RUA JOÃO QUINTO,BOPIRANGA,ITANHAEM
11746-276,RUA JOSÉ AMARAL,CIBRATEL II,ITANHAEM
11740-346,RUA JOÃO PEDRON,CIDADE ANCHIETA,ITANHAEM
11742-660,RUA JOSÉ MARQUES,SAVOY,ITANHAEM
11743-502,RUA JOSÉ MARQUES,TROPICAL,ITANHAEM
11742-630,RUA JOSÉ APELIAN,SAVOY,ITANHAEM
11746-090,RUA JOÃO SELYMES,PRAIA DOS SONHOS,ITANHAEM
11740-882,RUA JOSÉ A ALVES,JARDIM SUARÃO (PRAIA),ITANHAEM
11747-026,RUA JOSÉ SPINOSA,SABAÚNA,ITANHAEM
11742-566,RUA JOÃO DA GUIA,NOVA ITANHAÉM (INTERIOR),ITANHAEM
11740-066,RUA JOAQUIM MEIRA,CENTRO,ITANHAEM
11743-292,RUA JOAQUIM RASGA,JARDIM OÁSIS,ITANHAEM
11743-238,RUA JOÃO ANTONIO,JARDIM OÁSIS,ITANHAEM
11740-058,RUA JOÃO MARIANO,CENTRO,ITANHAEM
11748-512,RUA JOSÉ TROVASI,JARDIM CORONEL,ITANHAEM
11740-959,RUA JOÃO MARIANO,CENTRO,ITANHAEM
11740-970,RUA JOÃO MARIANO,CENTRO,ITANHAEM
11747-882,RUA JOÃO FERREIRA,JARDIM CORONEL,ITANHAEM
11746-080,RUA JORGE ROSSMANN,PRAIA DOS SONHOS,ITANHAEM
11748-136,RUA JOSÉ BRANDÃO,JARDIM CORONEL,ITANHAEM
11746-518,RUA JOSÉ ROSSMANN,CORUMBA,ITANHAEM
11755-408,RUA JOVINO CARDOSO,GAIVOTA (INTERIOR),ITANHAEM
11754-346,RUA JOSÉ GEROLOMO,JAMAICA (PRAIA),ITANHAEM
11747-120,RUA JOSE AGOSTINHO,SABAÚNA,ITANHAEM
11740-374,RUA JOÃO PEDRO ORSI,CIDADE ANCHIETA,ITANHAEM
11740-118,RUA JOÃO PEDRO ORSI,VILA SÃO PAULO,ITANHAEM
11747-688,RUA JOÃO ALVES NETO,JARDIM CORONEL,ITANHAEM
11747-374,RUA JOSÉ DOS SANTOS,UMUARAMA,ITANHAEM
11749-066,RUA JONAS TICHONENKO,TUPY,ITANHAEM
11740-168,RUA JOÃO RAMOS GOMES,VILA SÃO PAULO,ITANHAEM
11748-500,RUA JOÃO BARNA FILHO,JARDIM CORONEL,ITANHAEM
11741-830,RUA JOSÉ RUIZ MERINO,JARDIM SUARÃO (INTERIOR),ITANHAEM
11750-448,RUA JURUÁ,SÃO FERNANDO (CHÁCARAS),ITANHAEM
11750-468,RUA JURITI,SÃO FERNANDO (CHÁCARAS),ITANHAEM
11750-460,RUA JUREMA,SÃO FERNANDO (CHÁCARAS),ITANHAEM
11747-046,RUA JUREMA,SABAÚNA,ITANHAEM
11750-462,RUA JURACI,SÃO FERNANDO (CHÁCARAS),ITANHAEM
11747-056,RUA JUPIRA,SABAÚNA,ITANHAEM
11749-050,RUA JURUÁ,TUPY,ITANHAEM
11740-784,RUA JURACY,JARDIM SUARÃO (PRAIA),ITANHAEM
11750-520,RUA JURUÁ,CIBRATEL (CHÁCARAS),ITANHAEM
11749-276,RUA JURITI,TUPY,ITANHAEM
11750-540,RUA JURITI,CIBRATEL (CHÁCARAS),ITANHAEM
11750-532,RUA JUREMA,CIBRATEL (CHÁCARAS),ITANHAEM
11750-534,RUA JURACI,CIBRATEL (CHÁCARAS),ITANHAEM
11750-454,RUA JUQUIÁ,SÃO FERNANDO (CHÁCARAS),ITANHAEM
11749-158,RUA JUSSARA,TUPY,ITANHAEM
11740-614,RUA JUNDIAÍ,NOVA ITANHAÉM (PRAIA),ITANHAEM
11756-670,RUA JUNDIAÍ,JAMAICA (INTERIOR),ITANHAEM
11740-202,RUA JULIO PIRES,MOSTEIRO,ITANHAEM
11740-164,RUA JULIO PIRES,VILA SÃO PAULO,ITANHAEM
11741-600,RUA JULIO MOUTINHO,VERDE MAR,ITANHAEM
11746-532,RUA JULIO GAMA ALVES,CORUMBA,ITANHAEM
11740-018,RUA JÚLIO DOS SANTOS,CENTRO,ITANHAEM
11740-402,RUA JUDITH DETINATTI DA SILVA,SATÉLITE,ITANHAEM
11748-234,RUA JULIO DE ALMEIDA BAPTISTA,JARDIM CORONEL,ITANHAEM
11746-196,RUA JULIA ALVES DE SOUZA CURY,CIBRATEL I,ITANHAEM
11741-284,RUA JULIO CESAR CORREA DE OLIVEIRA,LOTY,ITANHAEM
11742-526,RUA JUVÊNCIO JOSÉ DE ALMEIDA DE SOUZA,NOVA ITANHAÉM (INTERIOR),ITANHAEM
11757-118,RUA KAIOWA,JAMAICA (INTERIOR),ITANHAEM
11747-380,RUA KENRYU OHMURO,UMUARAMA,ITANHAEM
11743-460,RUA KETES DO ROSARIO DOMINGUES,GUAPURÁ,ITANHAEM
11756-698,RUA LAPA,JAMAICA (INTERIOR),ITANHAEM
11756-712,RUA LA PAZ,JAMAICA (INTERIOR),ITANHAEM
11749-492,RUA LA PAZ,BOPIRANGA,ITANHAEM
11747-366,RUA LAS VEGAS,UMUARAMA,ITANHAEM
11754-158,RUA LAZARO GOMES,JAMAICA (PRAIA),ITANHAEM
11749-622,RUA LAUDELINA MARIANO,BOPIRANGA,ITANHAEM
11749-084,RUA LAZARO LEAL DA SILVA,TUPY,ITANHAEM
11749-240,RUA LAURA BOCCARDO MAINARDI,TUPY,ITANHAEM
11746-854,RUA LAUDELINA MARIANA CAMPOS,GUAPIRANGA,ITANHAEM
11743-536,RUA LEME,TROPICAL,ITANHAEM
11740-828,RUA LEAO XIII,JARDIM SUARÃO (PRAIA),ITANHAEM
11740-730,RUA LEAO XIII,SUARÃO,ITANHAEM
11746-050,RUA LEOPOLDO DIZ,PRAIA DOS SONHOS,ITANHAEM
11743-310,RUA LEONILDO GARAVATTI,JARDIM OÁSIS,ITANHAEM
11740-064,RUA LEOPOLDINO DE ARAÚJO,CENTRO,ITANHAEM
11747-140,RUA LEANDRO MARTINS DA SILVA,SABAÚNA,ITANHAEM
11754-532,RUA LEONIDIA SANTOS DE JESUS,GAIVOTA (PRAIA),ITANHAEM
11741-634,RUA LEANDRA FERREIRA DA COSTA,VERDE MAR,ITANHAEM
11743-456,RUA LEONICIO FELINTO DA SILVA,GUAPURÁ,ITANHAEM
11740-878,RUA LILI,JARDIM SUARÃO (PRAIA),ITANHAEM
11756-714,RUA LIMA,JAMAICA (INTERIOR),ITANHAEM
11742-548,RUA LINS,NOVA ITANHAÉM (INTERIOR),ITANHAEM
11741-728,RUA LILI,JARDIM SUARÃO (INTERIOR),ITANHAEM
11756-694,RUA LIMEIRA,JAMAICA (INTERIOR),ITANHAEM
11755-032,RUA LIMEIRA,GAIVOTA (INTERIOR),ITANHAEM
11741-308,RUA LIA MARIA,LOTY,ITANHAEM
11741-242,RUA LIA MARIA,MARROCOS,ITANHAEM
11749-004,RUA LISETTE DOUAY BRANDI,TUPY,ITANHAEM
11755-052,RUA LONDRINA,GAIVOTA (INTERIOR),ITANHAEM
11756-730,RUA LOS ANGELES,JAMAICA (INTERIOR),ITANHAEM
11746-544,RUA LOURIVAL FAUSTO MUNIZ,CORUMBA,ITANHAEM
11754-694,RUA LOURDES DE SIQUEIRA MELLO,GAIVOTA (PRAIA),ITANHAEM
11747-256,RUA LOURDES PUTTINE DE OLIVEIRA,UMUARAMA,ITANHAEM
11755-020,RUA LUCELIA,GAIVOTA (INTERIOR),ITANHAEM
11741-810,RUA LUIZ REID,JARDIM SUARÃO (INTERIOR),ITANHAEM
11749-416,RUA LUXEMBURGO,BOPIRANGA,ITANHAEM
11749-070,RUA LUIZ MAINARDI,TUPY,ITANHAEM
11746-848,RUA LUIZ FICHMANN,GUAPIRANGA,ITANHAEM
11751-632,RUA LUIZ J. VEGAS,JARDIM ANCHIETA,ITANHAEM
11740-532,RUA LUIZA FORSSELL,NOVA ITANHAÉM (PRAIA),ITANHAEM
11740-412,RUA LUIZ RODRIGUES,SATÉLITE,ITANHAEM
11742-754,RUA LUIZ RODRIGUES,LARANJEIRAS,ITANHAEM
11747-376,RUA LUIZ FORNACIARI,UMUARAMA,ITANHAEM
11742-794,RUA LUIZ ANTUNES LOPES,LARANJEIRAS,ITANHAEM
11741-090,RUA LUIZ CARLOS DUARTE,CAMPOS ELISEOS,ITANHAEM
11747-132,RUA LUIZ DOMINGOS CRUZ,SABAÚNA,ITANHAEM
11746-776,RUA LUIZA ROSA BECHELLI,BELAS ARTES,ITANHAEM
11749-244,RUA LUIZ CARLOS SPOSATO,TUPY,ITANHAEM
11743-410,RUA LUIZ CHAPINA PAIXÃO,GUAPURÁ,ITANHAEM
11749-178,RUA LUIZ ANTONIO MAINARDI,TUPY,ITANHAEM
11746-658,RUA LUCILIO DE ALBUQUERQUE,BELAS ARTES,ITANHAEM
11743-356,RUA LUCIA CORREIA DOS SANTOS,GUAPURÁ,ITANHAEM
11755-536,RUA LUCIANO ALVES DOS SANTOS,GAIVOTA (INTERIOR),ITANHAEM
11741-570,RUA LUIZ GONZAGA SILVA FONSECA,VERDE MAR,ITANHAEM
11741-580,RUA LUIZ ALFREDO MANOEL PEREIRA,VERDE MAR,ITANHAEM
11742-746,RUA LUZINETE NASCIMENTO DOS SANTOS,LARANJEIRAS,ITANHAEM
11741-700,RUA LYON,JARDIM SUARÃO (INTERIOR),ITANHAEM
11741-238,RUA MARTA,MARROCOS,ITANHAEM
11742-048,RUA MALVA,JARDIM SUARÃO (INTERIOR),ITANHAEM
11741-314,RUA MARLY,LOTY,ITANHAEM
11756-706,RUA MALTA,JAMAICA (INTERIOR),ITANHAEM
11754-668,RUA MANAUS,GAIVOTA (PRAIA),ITANHAEM
11749-146,RUA MARABA,TUPY,ITANHAEM
11754-612,RUA MANAUS,GAIVOTA (PRAIA),ITANHAEM
11750-128,RUA MARFIM,SÃO FERNANDO (CHÁCARAS),ITANHAEM
11740-586,RUA MAMBÚ,NOVA ITANHAÉM (PRAIA),ITANHAEM
11750-146,RUA MANACA,SÃO FERNANDO (CHÁCARAS),ITANHAEM
11748-070,RUA MANAUS,JARDIM CORONEL,ITANHAEM
11748-004,RUA MACAPÁ,JARDIM CORONEL,ITANHAEM
11746-382,RUA MACAPÁ,CIBRATEL II,ITANHAEM
11755-412,RUA MARAJÓ,GAIVOTA (INTERIOR),ITANHAEM
11754-102,RUA MÁRCIA,JAMAICA (PRAIA),ITANHAEM
11748-002,RUA MACEIÓ,JARDIM CORONEL,ITANHAEM
11755-064,RUA MARINGÁ,GAIVOTA (INTERIOR),ITANHAEM
11750-476,RUA MARINGÁ,SÃO FERNANDO (CHÁCARAS),ITANHAEM
11752-134,RUA MARINGÁ,JARDIM ANCHIETA,ITANHAEM
11755-066,RUA MARIALVA,GAIVOTA (INTERIOR),ITANHAEM
11750-252,RUA MARGINAL,SÃO FERNANDO (CHÁCARAS),ITANHAEM
11743-564,RUA MARANATA,TROPICAL,ITANHAEM
11741-212,RUA MARGINAL,MARROCOS,ITANHAEM
11749-388,RUA MARROCOS,BOPIRANGA,ITANHAEM
11750-118,RUA MAGNOLIA,SÃO FERNANDO (CHÁCARAS),ITANHAEM
11746-402,RUA MARÍLIA,CIBRATEL II,ITANHAEM
11754-144,RUA MARGINAL,JAMAICA (PRAIA),ITANHAEM
11747-076,RUA MARANATA,SABAÚNA,ITANHAEM
11749-432,RUA MARGINAL,BOPIRANGA,ITANHAEM
11750-548,RUA MARINGÁ,CIBRATEL (CHÁCARAS),ITANHAEM
11749-172,RUA MARGINAL,TUPY,ITANHAEM
11746-454,RUA MARGINAL,CIBRATEL II,ITANHAEM
11746-280,RUA MARANHÃO,CIBRATEL II,ITANHAEM
11754-614,RUA MARANHÃO,GAIVOTA (PRAIA),ITANHAEM
11754-186,RUA MARGINAL S,JAMAICA (PRAIA),ITANHAEM
11750-558,RUA MANDAGUASSU,CIBRATEL (CHÁCARAS),ITANHAEM
11741-138,RUA MARGINAL UM,CAMPOS ELISEOS,ITANHAEM
11754-078,RUA MARIO MICAS,JAMAICA (PRAIA),ITANHAEM
11750-484,RUA MANDAGUASSU,SÃO FERNANDO (CHÁCARAS),ITANHAEM
11742-666,RUA MARIA PIRES,SAVOY,ITANHAEM
11757-002,RUA MARIO MICAS,JAMAICA (INTERIOR),ITANHAEM
11754-602,RUA MATO GROSSO,GAIVOTA (PRAIA),ITANHAEM
11746-306,RUA MATO GROSSO,CIBRATEL II,ITANHAEM
11754-788,RUA MARGINAL UM,GAIVOTA (PRAIA),ITANHAEM
11754-628,RUA MARGINAL UM,GAIVOTA (PRAIA),ITANHAEM
11746-502,RUA MARGINAL UM,CORUMBA,ITANHAEM
11741-398,RUA MATO GROSSO,LOTY,ITANHAEM
11741-318,RUA MARIA TEREZA,LOTY,ITANHAEM
11740-076,RUA MANOEL BENTO,CENTRO,ITANHAEM
11741-896,RUA MARIA BALINT,JARDIM SUARÃO (INTERIOR),ITANHAEM
11749-404,RUA MECA,BOPIRANGA,ITANHAEM
11749-290,RUA MELRO,TUPY,ITANHAEM
11754-132,RUA MÉXICO,JAMAICA (PRAIA),ITANHAEM
11749-456,RUA MÉXICO,BOPIRANGA,ITANHAEM
11746-730,RUA MESSIAS DE SOUZA PINTO,BELAS ARTES,ITANHAEM
11740-364,RUA MERIL BRANDILLA CALAZANS,CIDADE ANCHIETA,ITANHAEM
11741-652,RUA MIAMI,VERDE MAR,ITANHAEM
11741-674,RUA MIAMI,JARDIM SUARÃO (INTERIOR),ITANHAEM
11748-278,RUA MIRASOL,JARDIM CORONEL,ITANHAEM
11754-120,RUA MIGUEL CURY,JAMAICA (PRAIA),ITANHAEM
11741-400,RUA MINAS GERAIS,LOTY,ITANHAEM
11741-058,RUA MIGUEL FORTE,CAMPOS ELISEOS,ITANHAEM
11743-644,RUA MIGUEL HELOU,TROPICAL,ITANHAEM
11754-604,RUA MINAS GERAIS,GAIVOTA (PRAIA),ITANHAEM
11746-268,RUA MINAS GERAIS,CIBRATEL II,ITANHAEM
11746-754,RUA MIGUEL ANTONIO,BELAS ARTES,ITANHAEM
11746-248,RUA MILTON RODRIGUES,CIBRATEL I,ITANHAEM
11747-072,RUA MIGUEL FERNANDES,SABAÚNA,ITANHAEM
11746-708,RUA MILTON FRAGA MOREIRA,BELAS ARTES,ITANHAEM
11747-352,RUA MINERVA JULIA WUAQUIM,UMUARAMA,ITANHAEM
11754-160,RUA MILTON MARTINS POITENA,JAMAICA (PRAIA),ITANHAEM
11748-210,RUA MILTON BAENA FERNANDES,JARDIM CORONEL,ITANHAEM
11743-384,RUA MILTON MARGARIDO PEDROSO,GUAPURÁ,ITANHAEM
11748-100,RUA MIGUEL DE ALMEIDA BATISTA,JARDIM CORONEL,ITANHAEM
11754-302,RUA MINISTRO DILSON DOMINGOS FUNARO,JAMAICA (PRAIA),ITANHAEM
11749-020,RUA MOEMA,TUPY,ITANHAEM
11748-276,RUA MOCOCA,JARDIM CORONEL,ITANHAEM
11741-214,RUA MONÇÃO,MARROCOS,ITANHAEM
11741-702,RUA MONTMARTRE,JARDIM SUARÃO (INTERIOR),ITANHAEM
11755-026,RUA MONTE AZUL,GAIVOTA (INTERIOR),ITANHAEM
11749-168,RUA MOGI GUASSU,TUPY,ITANHAEM
11741-594,RUA MONTEIRO LOBATO,VERDE MAR,ITANHAEM
11741-496,RUA MONTE APRAZIVEL,VERDE MAR,ITANHAEM
11754-846,RUA MOGI DAS CRUZES,GAIVOTA (PRAIA),ITANHAEM
11740-818,RUA MORVAN FIGUEIREDO,JARDIM SUARÃO (PRAIA),ITANHAEM
11741-818,RUA MONSENHOR VICENTE ZIONI,JARDIM SUARÃO (INTERIOR),ITANHAEM
11742-388,RUA MONSENHOR VICENTE ZIONI,NOSSA SENHORA DO SION,ITANHAEM
11747-382,RUA MODESTO FERREIRO ALVAREZ,UMUARAMA,ITANHAEM
11754-168,RUA MOISES SIMPLICIO DE SOUZA,JAMAICA (PRAIA),ITANHAEM
11754-778,RUA MOACIR DE OLIVEIRA PONTES,GAIVOTA (PRAIA),ITANHAEM
11755-422,RUA NATAL,GAIVOTA (INTERIOR),ITANHAEM
11748-068,RUA NATAL,JARDIM CORONEL,ITANHAEM
11755-414,RUA NAZARÉ,GAIVOTA (INTERIOR),ITANHAEM
11740-516,RUA NATALINO GANDRA,GUARDA CIVIL,ITANHAEM
11744-256,RUA NAIR MENDES MANICA,AGUAPEÚ,ITANHAEM
11751-620,RUA NAYDE LOCENA BASAN,JARDIM ANCHIETA,ITANHAEM
11743-374,RUA NADIR DA CONCEIÇÃO,GUAPURÁ,ITANHAEM
11742-580,RUA NERVAL LEAL,NOVA ITANHAÉM (INTERIOR),ITANHAEM
11747-106,RUA NESTOR LEAL,SABAÚNA,ITANHAEM
11743-522,RUA NERVAL LEAL,TROPICAL,ITANHAEM
11740-540,RUA NERVAL LEAL,NOVA ITANHAÉM (PRAIA),ITANHAEM
11749-182,RUA NELSON MARCOS,TUPY,ITANHAEM
11749-154,RUA NELSON RICOMINI,TUPY,ITANHAEM
11746-836,RUA NELSON ALVES QUINTAS,GUAPIRANGA,ITANHAEM
11749-232,RUA NEUSA PIRES DA SILVA,TUPY,ITANHAEM
11747-110,RUA NEME SILVEIRA LEONEL,SABAÚNA,ITANHAEM
11757-080,RUA NELSON RODRIGUES VALENTE,JAMAICA (INTERIOR),ITANHAEM
11754-018,RUA NELSON RODRIGUES VALENTE,JAMAICA (PRAIA),ITANHAEM
11755-530,RUA NELSON CAITANO DA SILVA JÚNIOR,GAIVOTA (INTERIOR),ITANHAEM
11755-418,RUA NITEROI,GAIVOTA (INTERIOR),ITANHAEM
11742-002,RUA NILO AMARAL,JARDIM SUARÃO (INTERIOR),ITANHAEM
11740-840,RUA NILO AMARAL,JARDIM SUARÃO (PRAIA),ITANHAEM
11740-300,RUA NIVALDO OLIVEIRA,JARDIM IVOTY,ITANHAEM
11746-742,RUA NICOLA MANCUZO FILHO,BELAS ARTES,ITANHAEM
11752-352,RUA NOVE,JARDIM ANCHIETA,ITANHAEM
11754-426,RUA NOVE,GAIVOTA (PRAIA),ITANHAEM
11750-306,RUA NOVE,SÃO FERNANDO (CHÁCARAS),ITANHAEM
11757-722,RUA NOVE,JAMAICA (INTERIOR),ITANHAEM
11752-280,RUA NOVE,JARDIM ANCHIETA,ITANHAEM
11749-840,RUA NOVE,SÃO FERNANDO (CHÁCARAS),ITANHAEM
11756-416,RUA NOVE,JAMAICA (INTERIOR),ITANHAEM
11752-230,RUA NOVE,JARDIM ANCHIETA,ITANHAEM
11755-452,RUA NOVE,GAIVOTA (INTERIOR),ITANHAEM
11752-100,RUA NOVE,JARDIM ANCHIETA,ITANHAEM
11755-338,RUA NOVE,GAIVOTA (INTERIOR),ITANHAEM
11749-538,RUA NOVE,BOPIRANGA,ITANHAEM
11755-286,RUA NOVE,GAIVOTA (INTERIOR),ITANHAEM
11749-510,RUA NOVE,BOPIRANGA,ITANHAEM
11748-108,RUA NOVE,JARDIM CORONEL,ITANHAEM
11755-188,RUA NOVE,GAIVOTA (INTERIOR),ITANHAEM
11747-678,RUA NOVE,JARDIM CORONEL,ITANHAEM
11754-328,RUA NOVE,JAMAICA (PRAIA),ITANHAEM
11747-628,RUA NOVE,JARDIM CORONEL,ITANHAEM
11754-250,RUA NOVE,JAMAICA (PRAIA),ITANHAEM
11742-564,RUA NOVE,NOVA ITANHAÉM (INTERIOR),ITANHAEM
11754-808,RUA NOVE,GAIVOTA (PRAIA),ITANHAEM
11754-072,RUA NOVE,JAMAICA (PRAIA),ITANHAEM
11741-534,RUA NOVE,VERDE MAR,ITANHAEM
11752-372,RUA NOVE,JARDIM ANCHIETA,ITANHAEM
11754-452,RUA NOVE,GAIVOTA (PRAIA),ITANHAEM
11751-324,RUA NOVE,CIBRATEL (CHÁCARAS),ITANHAEM
11741-528,RUA NOVE,VERDE MAR,ITANHAEM
11757-186,RUA NOVENTA,JAMAICA (INTERIOR),ITANHAEM
11749-320,RUA NOGUEIRA,TUPY,ITANHAEM
11749-356,RUA NOGUEIRA,BOPIRANGA,ITANHAEM
11749-498,RUA NOVA YORK,BOPIRANGA,ITANHAEM
11751-782,RUA NOVENTA E UM,JARDIM ANCHIETA,ITANHAEM
11751-826,RUA NOVENTA E SETE,JARDIM ANCHIETA,ITANHAEM
11751-824,RUA NOVENTA E SEIS,JARDIM ANCHIETA,ITANHAEM
11747-810,RUA NOVO HORIZONTE,JARDIM CORONEL,ITANHAEM
11751-828,RUA NOVENTA E OITO,JARDIM ANCHIETA,ITANHAEM
11751-808,RUA NOVENTA E NOVE,JARDIM ANCHIETA,ITANHAEM
11751-784,RUA NOVENTA E DOIS,JARDIM ANCHIETA,ITANHAEM
11757-196,RUA NOVENTA E OITO,JAMAICA (INTERIOR),ITANHAEM
11757-188,RUA NOVENTA E DOIS,JAMAICA (INTERIOR),ITANHAEM
11757-194,RUA NOVENTA E SEIS,JAMAICA (INTERIOR),ITANHAEM
11751-786,RUA NOVENTA E TRÊS,JARDIM ANCHIETA,ITANHAEM
11749-814,RUA NOVA ESPERANÇA,SÃO FERNANDO (CHÁCARAS),ITANHAEM
11751-804,RUA NOVENTA E CINCO,JARDIM ANCHIETA,ITANHAEM
11757-190,RUA NOVENTA E QUATRO,JAMAICA (INTERIOR),ITANHAEM
11751-802,RUA NOVENTA E QUATRO,JARDIM ANCHIETA,ITANHAEM
11740-798,RUA NORBERTO FRANCISCO DOS SANTOS,JARDIM SUARÃO (PRAIA),ITANHAEM
11742-620,RUA OCTACILIO DANTAS,SAVOY,ITANHAEM
11749-062,RUA OCTAVIO CAPPELLINI,TUPY,ITANHAEM
11741-280,RUA OCTAVIO ALVES RODRIGUES,LOTY,ITANHAEM
11740-008,RUA OCTAVIANO SOARES ALBUQUERQUE,CENTRO,ITANHAEM
11744-056,RUA ODIL VASQUES MARTINEZ,AGUAPEÚ,ITANHAEM
11748-158,RUA ODILON XAVIER DA SILVA,JARDIM CORONEL,ITANHAEM
11749-626,RUA ODESIO DE SOUZA SANTOS,BOPIRANGA,ITANHAEM
11754-162,RUA ODAIR DE SOUZA SIQUEIRA,JAMAICA (PRAIA),ITANHAEM
11746-188,RUA ODILA DE CAMARGO MOREIRA,CIBRATEL I,ITANHAEM
11747-340,RUA ODILON FRANCISCO DE LIMA,UMUARAMA,ITANHAEM
11754-776,RUA OITO,GAIVOTA (PRAIA),ITANHAEM
11755-284,RUA OITO,GAIVOTA (INTERIOR),ITANHAEM
11747-630,RUA OITO,JARDIM CORONEL,ITANHAEM
11757-720,RUA OITO,JAMAICA (INTERIOR),ITANHAEM
11755-186,RUA OITO,GAIVOTA (INTERIOR),ITANHAEM
11744-440,RUA OITO,AGUAPEÚ,ITANHAEM
11756-414,RUA OITO,JAMAICA (INTERIOR),ITANHAEM
11754-326,RUA OITO,JAMAICA (PRAIA),ITANHAEM
11744-036,RUA OITO,AGUAPEÚ,ITANHAEM
11755-852,RUA OITO,JAMAICA (INTERIOR),ITANHAEM
11754-070,RUA OITO,JAMAICA (PRAIA),ITANHAEM
11741-526,RUA OITO,VERDE MAR,ITANHAEM
11750-304,RUA OITO,SÃO FERNANDO (CHÁCARAS),ITANHAEM
11752-370,RUA OITO,JARDIM ANCHIETA,ITANHAEM
11749-838,RUA OITO,SÃO FERNANDO (CHÁCARAS),ITANHAEM
11752-354,RUA OITO,JARDIM ANCHIETA,ITANHAEM
11749-074,RUA OITO,TUPY,ITANHAEM
11752-328,RUA OITO,JARDIM ANCHIETA,ITANHAEM
11752-228,RUA OITO,JARDIM ANCHIETA,ITANHAEM
11749-536,RUA OITO,BOPIRANGA,ITANHAEM
11748-110,RUA OITO,JARDIM CORONEL,ITANHAEM
11752-088,RUA OITO,JARDIM ANCHIETA,ITANHAEM
11740-856,RUA OITO,JARDIM SUARÃO (PRAIA),ITANHAEM
11755-450,RUA OITO,GAIVOTA (INTERIOR),ITANHAEM
11747-706,RUA OITO,JARDIM CORONEL,ITANHAEM
11754-806,RUA OITO,GAIVOTA (PRAIA),ITANHAEM
11755-336,RUA OITO,GAIVOTA (INTERIOR),ITANHAEM
11747-676,RUA OITO,JARDIM CORONEL,ITANHAEM
11749-218,RUA OIAPOC,TUPY,ITANHAEM
11751-770,RUA OITENTA,JARDIM ANCHIETA,ITANHAEM
11757-176,RUA OITENTA,JAMAICA (INTERIOR),ITANHAEM
11751-744,RUA OITENTA E UM,JARDIM ANCHIETA,ITANHAEM
11751-762,RUA OITENTA E SETE,JARDIM ANCHIETA,ITANHAEM
11751-774,RUA OITENTA E SEIS,JARDIM ANCHIETA,ITANHAEM
11757-182,RUA OITENTA E SEIS,JAMAICA (INTERIOR),ITANHAEM
11751-746,RUA OITENTA E OITO,JARDIM ANCHIETA,ITANHAEM
11751-754,RUA OITENTA E DOIS,JARDIM ANCHIETA,ITANHAEM
11757-184,RUA OITENTA E OITO,JAMAICA (INTERIOR),ITANHAEM
11757-178,RUA OITENTA E DOIS,JAMAICA (INTERIOR),ITANHAEM
11751-760,RUA OITENTA E TRÊS,JARDIM ANCHIETA,ITANHAEM
11751-772,RUA OITENTA E CINCO,JARDIM ANCHIETA,ITANHAEM
11751-764,RUA OITENTA E QUATRO,JARDIM ANCHIETA,ITANHAEM
11757-180,RUA OITENTA E QUATRO,JAMAICA (INTERIOR),ITANHAEM
11756-674,RUA OLINDA,JAMAICA (INTERIOR),ITANHAEM
11742-760,RUA OLIMPIA,LARANJEIRAS,ITANHAEM
11740-396,RUA OLIMPIA,SATÉLITE,ITANHAEM
11742-788,RUA OLIMPIA,LARANJEIRAS,ITANHAEM
11741-598,RUA OLAVO BILAC,VERDE MAR,ITANHAEM
11740-726,RUA OLAVO PEZZOTTI,SUARÃO,ITANHAEM
11741-630,RUA OLGA DA SILVA BARBOSA,VERDE MAR,ITANHAEM
11743-406,RUA OLINDA MARIA DE MELLO,GUAPURÁ,ITANHAEM
11749-170,RUA OLGA LEOCADIO DE SOUZA,TUPY,ITANHAEM
11746-530,RUA OLEGARIO MARCIANO MORAES,CORUMBA,ITANHAEM
11744-312,RUA ONZE,AGUAPEÚ,ITANHAEM
11746-224,RUA ONZE,CIBRATEL I,ITANHAEM
11755-192,RUA ONZE,GAIVOTA (INTERIOR),ITANHAEM
11744-084,RUA ONZE,AGUAPEÚ,ITANHAEM
11755-076,RUA ONZE,GAIVOTA (INTERIOR),ITANHAEM
11754-336,RUA ONZE,JAMAICA (PRAIA),ITANHAEM
11752-380,RUA ONZE,JARDIM ANCHIETA,ITANHAEM
11754-254,RUA ONZE,JAMAICA (PRAIA),ITANHAEM
11752-348,RUA ONZE,JARDIM ANCHIETA,ITANHAEM
11754-216,RUA ONZE,JAMAICA (PRAIA),ITANHAEM
11752-314,RUA ONZE,JARDIM ANCHIETA,ITANHAEM
11757-040,RUA ONZE,JAMAICA (INTERIOR),ITANHAEM
11750-310,RUA ONZE,SÃO FERNANDO (CHÁCARAS),ITANHAEM
11752-234,RUA ONZE,JARDIM ANCHIETA,ITANHAEM
11757-726,RUA ONZE,JAMAICA (INTERIOR),ITANHAEM
11749-844,RUA ONZE,SÃO FERNANDO (CHÁCARAS),ITANHAEM
11749-504,RUA ONZE,BOPIRANGA,ITANHAEM
11756-420,RUA ONZE,JAMAICA (INTERIOR),ITANHAEM
11748-162,RUA ONZE,JARDIM CORONEL,ITANHAEM
11740-852,RUA ONZE,JARDIM SUARÃO (PRAIA),ITANHAEM
11755-456,RUA ONZE,GAIVOTA (INTERIOR),ITANHAEM
11747-710,RUA ONZE,JARDIM CORONEL,ITANHAEM
11754-704,RUA ONZE,GAIVOTA (PRAIA),ITANHAEM
11755-342,RUA ONZE,GAIVOTA (INTERIOR),ITANHAEM
11747-624,RUA ONZE,JARDIM CORONEL,ITANHAEM
11754-516,RUA ONZE,GAIVOTA (PRAIA),ITANHAEM
11755-290,RUA ONZE,GAIVOTA (INTERIOR),ITANHAEM
11744-024,RUA ONOFRE DE MEDEIROS,AGUAPEÚ,ITANHAEM
11748-180,RUA ORELIO DE MORI,JARDIM CORONEL,ITANHAEM
11743-396,RUA ORLANDO DA SILVA,GUAPURÁ,ITANHAEM
11746-592,RUA ORMINDA CARNEIRO DOHNAL,CORUMBA,ITANHAEM
11744-352,RUA ORLANDO AUGUSTO FERNANDES,AGUAPEÚ,ITANHAEM
11754-588,RUA OSVALDO LOPES,GAIVOTA (PRAIA),ITANHAEM
11747-254,RUA OSVALDO SAGGE,UMUARAMA,ITANHAEM
11741-578,RUA OSCAR AISEMBERG,VERDE MAR,ITANHAEM
11749-252,RUA OSVALDO GUERNELLI,TUPY,ITANHAEM
11740-099,RUA OSWALDO MAGALHÃES,CENTRO,ITANHAEM
11749-588,RUA OSMAR GONÇALVES NINA,BOPIRANGA,ITANHAEM
11750-262,RUA OSCAR ANTUNES DE PRADO,SÃO FERNANDO (CHÁCARAS),ITANHAEM
11746-702,RUA OSCAR PEREIRA DA SILVA,BELAS ARTES,ITANHAEM
11757-004,RUA OSVALDO ALVES DE FREITAS,JAMAICA (INTERIOR),ITANHAEM
11754-076,RUA OSVALDO ALVES DE FREITAS,JAMAICA (PRAIA),ITANHAEM
11740-338,RUA OSCAR SIMÕES DE CARVALHO,CIDADE ANCHIETA,ITANHAEM
11749-606,RUA OSCARLINA CARDOSO BOTELHO,BOPIRANGA,ITANHAEM
11754-542,RUA OTACILIA MARIA CARDOSO,GAIVOTA (PRAIA),ITANHAEM
11740-122,RUA OTACILIO MARQUES CARREIRA,VILA SÃO PAULO,ITANHAEM
11755-050,RUA OURINHOS,GAIVOTA (INTERIOR),ITANHAEM
11741-352,RUA OURO PRETO,LOTY,ITANHAEM
11747-878,RUA OURO VERDE,JARDIM CORONEL,ITANHAEM
11740-166,RUA OVIDIO TAVARES DE OLIVEIRA,VILA SÃO PAULO,ITANHAEM
11740-212,RUA OVIDIO TAVARES DE OLIVEIRA,MOSTEIRO,ITANHAEM
11754-556,RUA PARÁ,GAIVOTA (PRAIA),ITANHAEM
11742-732,RUA PARÁ,LARANJEIRAS,ITANHAEM
11754-654,RUA PARÁ,GAIVOTA (PRAIA),ITANHAEM
11749-288,RUA PARDAL,TUPY,ITANHAEM
11755-424,RUA PALMAS,GAIVOTA (INTERIOR),ITANHAEM
11749-436,RUA PANAMÁ,BOPIRANGA,ITANHAEM
11741-180,RUA PARANÁ,MARROCOS,ITANHAEM
11756-680,RUA PARANÁ,JAMAICA (INTERIOR),ITANHAEM
11756-726,RUA PANAMÁ,JAMAICA (INTERIOR),ITANHAEM
11741-490,RUA PARANÁ,VERDE MAR,ITANHAEM
11754-656,RUA PARANÁ,GAIVOTA (PRAIA),ITANHAEM
11752-142,RUA PARANÁ,JARDIM ANCHIETA,ITANHAEM
11746-282,RUA PARAÍBA,CIBRATEL II,ITANHAEM
11746-378,RUA PARÁ II,CIBRATEL II,ITANHAEM
11742-546,RUA PAULINHA,NOVA ITANHAÉM (INTERIOR),ITANHAEM
11742-046,RUA PARAÍSO,JARDIM SUARÃO (INTERIOR),ITANHAEM
11754-650,RUA PARAÍBA,GAIVOTA (PRAIA),ITANHAEM
11754-616,RUA PARAÍBA,GAIVOTA (PRAIA),ITANHAEM
11750-114,RUA PASSUARE,SÃO FERNANDO (CHÁCARAS),ITANHAEM
11749-268,RUA PATATIVA,TUPY,ITANHAEM
11749-228,RUA PARAGUASSU,TUPY,ITANHAEM
11746-332,RUA PARAÍBA I,CIBRATEL II,ITANHAEM
11740-472,RUA PARTICULAR,GUARDA CIVIL,ITANHAEM
11752-154,RUA PARANAGUÁ,JARDIM ANCHIETA,ITANHAEM
11746-380,RUA PARAÍBA II,CIBRATEL II,ITANHAEM
11740-842,RUA PAIVA MEIRA,JARDIM SUARÃO (PRAIA),ITANHAEM
11741-814,RUA PAIVA MEIRA,JARDIM SUARÃO (INTERIOR),ITANHAEM
11740-588,RUA PARAGUAÇÚ,NOVA ITANHAÉM (PRAIA),ITANHAEM
11746-052,RUA PAULO SELYMES,PRAIA DOS SONHOS,ITANHAEM
11741-610,RUA PAULO LOUREIRO,VERDE MAR,ITANHAEM
11741-802,RUA PADRE DE CONDÊ,JARDIM SUARÃO (INTERIOR),ITANHAEM
11742-382,RUA PADRE DE CONDÊ,NOSSA SENHORA DO SION,ITANHAEM
11743-308,RUA PASCHOAL CARANGE,JARDIM OÁSIS,ITANHAEM
11751-602,RUA PADRE PEDRO VILLA,JARDIM ANCHIETA,ITANHAEM
11740-738,RUA PADRE PEDRO BALINT,SUARÃO,ITANHAEM
11743-428,RUA PAULO CESAR CHARIF,GUAPURÁ,ITANHAEM
11742-032,RUA PADRE PEDRO BALINT,JARDIM SUARÃO (INTERIOR),ITANHAEM
11741-798,RUA PADRE ARNALDO DANTE,JARDIM SUARÃO (INTERIOR),ITANHAEM
11742-380,RUA PADRE LUCIANO RONGE,NOSSA SENHORA DO SION,ITANHAEM
11740-502,RUA PAPA JOÃO PAULO II,GUARDA CIVIL,ITANHAEM
11742-378,RUA PADRE ARNALDO DANTE,NOSSA SENHORA DO SION,ITANHAEM
11741-800,RUA PADRE LUCIANO RONGE,JARDIM SUARÃO (INTERIOR),ITANHAEM
11742-386,RUA PADRE ROBERTO SABOYA,NOSSA SENHORA DO SION,ITANHAEM
11741-806,RUA PADRE ROBERTO SABOYA,JARDIM SUARÃO (INTERIOR),ITANHAEM
11746-840,RUA PAULO LEANDRO DE LIMA,GUAPIRANGA,ITANHAEM
11746-086,RUA PATRICIA BERNARDI CURY,PRAIA DOS SONHOS,ITANHAEM
11741-824,RUA PADRE LEOPOLDO BRENTANO,JARDIM SUARÃO (INTERIOR),ITANHAEM
11742-394,RUA PADRE LEOPOLDO BRENTANO,NOSSA SENHORA DO SION,ITANHAEM
11742-670,RUA PAULINO AMANCIO RIBEIRO,SAVOY,ITANHAEM
11742-364,RUA PADRE THEODORO RATISBONE,NOSSA SENHORA DO SION,ITANHAEM
11749-478,RUA PERU,BOPIRANGA,ITANHAEM
11749-040,RUA PERI,TUPY,ITANHAEM
11749-366,RUA PEROBA,BOPIRANGA,ITANHAEM
11749-310,RUA PEROBA,TUPY,ITANHAEM
11746-082,RUA PERUÍBE,PRAIA DOS SONHOS,ITANHAEM
11746-182,RUA PERUÍBE,CIBRATEL I,ITANHAEM
11754-126,RUA PERNAMBUCO,JAMAICA (PRAIA),ITANHAEM
11744-016,RUA PERIMETRAL,AGUAPEÚ,ITANHAEM
11754-618,RUA PERNAMBUCO,GAIVOTA (PRAIA),ITANHAEM
11743-640,RUA PESCADORES,TROPICAL,ITANHAEM
11746-676,RUA PEDRO AMERICO,BELAS ARTES,ITANHAEM
11751-598,RUA PEDRO FONSECA,JARDIM ANCHIETA,ITANHAEM
11755-544,RUA PEDRO REGUERA,GAIVOTA (INTERIOR),ITANHAEM
11747-242,RUA PEDRO SILVEIRA,UMUARAMA,ITANHAEM
11740-866,RUA PEDRO DE CASTRO,JARDIM SUARÃO (PRAIA),ITANHAEM
11740-146,RUA PERMINIO DE SOUZA,VILA SÃO PAULO,ITANHAEM
11746-704,RUA PEDRO ALEXANDRINO,BELAS ARTES,ITANHAEM
11740-742,RUA PEDRO S MAGALHÃES,SUARÃO,ITANHAEM
11742-024,RUA PEDRO S MAGALHÃES,JARDIM SUARÃO (INTERIOR),ITANHAEM
11741-636,RUA PEDRO PEREIRA PAES,VERDE MAR,ITANHAEM
11746-844,RUA PEDRO ANTONIO RIBEIRO,GUAPIRANGA,ITANHAEM
11741-616,RUA PEDRO GONÇALVES MENDES,VERDE MAR,ITANHAEM
11743-354,RUA PEDRO BEZERRA DA SILVA FILHO,GUAPURÁ,ITANHAEM
11754-558,RUA PIAUÍ,GAIVOTA (PRAIA),ITANHAEM
11746-444,RUA PIEDADE,CIBRATEL II,ITANHAEM
11740-830,RUA PIO XII,JARDIM SUARÃO (PRAIA),ITANHAEM
11740-732,RUA PIO XII,SUARÃO,ITANHAEM
11746-088,RUA PIRAGUIRA,PRAIA DOS SONHOS,ITANHAEM
11754-502,RUA PINDORAMA,GAIVOTA (PRAIA),ITANHAEM
11755-030,RUA PIRACICABA,GAIVOTA (INTERIOR),ITANHAEM
11749-286,RUA PINTARROXO,TUPY,ITANHAEM
11742-534,RUA PIRACICABA,NOVA ITANHAÉM (INTERIOR),ITANHAEM
11749-278,RUA PINTASSILGO,TUPY,ITANHAEM
11746-062,RUA PIRATININGA,PRAIA DOS SONHOS,ITANHAEM
11751-574,RUA PINTOR NELSON NOBREGA,JARDIM ANCHIETA,ITANHAEM
11746-670,RUA PLACIDO LOUZADA DIZ,BELAS ARTES,ITANHAEM
11744-248,RUA PLINIO ANTONIO BRANCO,AGUAPEÚ,ITANHAEM
11746-440,RUA POÁ,CIBRATEL II,ITANHAEM
11749-048,RUA POÁ,TUPY,ITANHAEM
11750-482,RUA POTIS,SÃO FERNANDO (CHÁCARAS),ITANHAEM
11755-034,RUA POMPEIA,GAIVOTA (INTERIOR),ITANHAEM
11740-622,RUA PORTIRA,NOVA ITANHAÉM (PRAIA),ITANHAEM
11740-654,RUA PORTIRA,SUARÃO,ITANHAEM
11750-446,RUA POROROCA,SÃO FERNANDO (CHÁCARAS),ITANHAEM
11748-522,RUA PORTUGAL,JARDIM CORONEL,ITANHAEM
11746-448,RUA POMPÉIA,CIBRATEL II,ITANHAEM
11750-518,RUA PORORÓCA,CIBRATEL (CHÁCARAS),ITANHAEM
11740-698,RUA POTIGUAÇU,SUARÃO,ITANHAEM
11748-008,RUA PORTO VELHO,JARDIM CORONEL,ITANHAEM
11748-082,RUA PORTO ALEGRE,JARDIM CORONEL,ITANHAEM
11748-016,RUA POMPEU RASGA,JARDIM CORONEL,ITANHAEM
11752-146,RUA PONTA GROSSA,JARDIM ANCHIETA,ITANHAEM
11749-460,RUA PORTO ALEGRE,BOPIRANGA,ITANHAEM
11754-642,RUA PORTO ALEGRE,GAIVOTA (PRAIA),ITANHAEM
11754-648,RUA PONTA GROSSA,GAIVOTA (PRAIA),ITANHAEM
11741-628,RUA POETISA COLOMBINA,VERDE MAR,ITANHAEM
11746-688,RUA PROJETADA,BELAS ARTES,ITANHAEM
11751-546,RUA PROJETADA,JARDIM ANCHIETA,ITANHAEM
11741-586,RUA PRESTES MAIA,VERDE MAR,ITANHAEM
11754-044,RUA PROJETADA TRÊS,JAMAICA (PRAIA),ITANHAEM
11754-038,RUA PROJETADA QUATRO,JAMAICA (PRAIA),ITANHAEM
11740-220,RUA PRUDENTE DE MORAES,MOSTEIRO,ITANHAEM
11746-586,RUA PROFETA JOSEPH SMITH,CORUMBA,ITANHAEM
11740-084,RUA PROFESSOR DINORAH CRUZ,CENTRO,ITANHAEM
11741-590,RUA PRESIDENTE CAFÉ FILHO,VERDE MAR,ITANHAEM
11746-242,RUA PROFESSOR HERALDO BARBUY,CIBRATEL I,ITANHAEM
11747-142,RUA PROFESSOR WALTER ARDUINI,SABAÚNA,ITANHAEM
11743-300,RUA PROFESSOR ATTILIO FONSECA,JARDIM OÁSIS,ITANHAEM
11741-070,RUA PROFESSOR LOUREIRO JÚNIOR,CAMPOS ELISEOS,ITANHAEM
11746-274,RUA PROFESSORA DALVA DATI RUIVO,CIBRATEL II,ITANHAEM
11747-116,RUA PROFESSOR LUIZ CARLOS DE SOUZA,SABAÚNA,ITANHAEM
11741-328,RUA PREFEITA SPASIA BECHELLI CECCHI,LOTY,ITANHAEM
11741-232,RUA PREFEITA SPASIA BECHELLI CECCHI,MARROCOS,ITANHAEM
11754-676,RUA PROFESSORA ROSÉLIA BRAGA XAVIER,GAIVOTA (PRAIA),ITANHAEM
11741-618,RUA PROFESSOR NILSON GOMES RODRIGUES,VERDE MAR,ITANHAEM
11741-234,RUA PREFEITO SEZESFREDO AMORIM CORTEZ,MARROCOS,ITANHAEM
11741-326,RUA PREFEITO SEZESFREDO AMORIM CORTEZ,LOTY,ITANHAEM
11740-606,RUA PROFESSOR AUGUSTO RIBEIRO DE CARVALHO,NOVA ITANHAÉM (PRAIA),ITANHAEM
11740-720,RUA PROFESSOR AUGUSTO RIBEIRO DE CARVALHO,SUARÃO,ITANHAEM
11746-834,RUA PROFESSORA LEONOR YARA SOARES DA SILVA,GUAPIRANGA,ITANHAEM
11746-144,RUA PROFESSORA ALICE TEIXEIRA DE CARVALHO SARAIVA,CIBRATEL I,ITANHAEM
11750-566,RUA QUATRO,CIBRATEL (CHÁCARAS),ITANHAEM
11747-668,RUA QUATRO,JARDIM CORONEL,ITANHAEM
11747-742,RUA QUATRO,JARDIM CORONEL,ITANHAEM
11742-654,RUA QUINZE,SAVOY,ITANHAEM
11752-246,RUA QUINZE,JARDIM ANCHIETA,ITANHAEM
11750-318,RUA QUINZE,SÃO FERNANDO (CHÁCARAS),ITANHAEM
11755-432,RUA QUINZE,GAIVOTA (INTERIOR),ITANHAEM
11747-646,RUA QUATRO,JARDIM CORONEL,ITANHAEM
11752-072,RUA QUINZE,JARDIM ANCHIETA,ITANHAEM
11749-852,RUA QUINZE,SÃO FERNANDO (CHÁCARAS),ITANHAEM
11755-350,RUA QUINZE,GAIVOTA (INTERIOR),ITANHAEM
11747-012,RUA QUATRO,SABAÚNA,ITANHAEM
11757-734,RUA QUINZE,JAMAICA (INTERIOR),ITANHAEM
11752-378,RUA QUATRO,JARDIM ANCHIETA,ITANHAEM
11750-492,RUA QUATRO,SÃO FERNANDO (CHÁCARAS),ITANHAEM
11755-298,RUA QUINZE,GAIVOTA (INTERIOR),ITANHAEM
11756-428,RUA QUINZE,JAMAICA (INTERIOR),ITANHAEM
11742-576,RUA QUINZE,NOVA ITANHAÉM (INTERIOR),ITANHAEM
11743-576,RUA QUATRO,TROPICAL,ITANHAEM
11752-338,RUA QUATRO,JARDIM ANCHIETA,ITANHAEM
11755-240,RUA QUINZE,GAIVOTA (INTERIOR),ITANHAEM
11744-488,RUA QUINZE,AGUAPEÚ,ITANHAEM
11750-296,RUA QUATRO,SÃO FERNANDO (CHÁCARAS),ITANHAEM
11756-058,RUA QUINZE,JAMAICA (INTERIOR),ITANHAEM
11743-544,RUA QUATRO,TROPICAL,ITANHAEM
11754-360,RUA QUINZE,JAMAICA (PRAIA),ITANHAEM
11752-330,RUA QUATRO,JARDIM ANCHIETA,ITANHAEM
11755-200,RUA QUINZE,GAIVOTA (INTERIOR),ITANHAEM
11744-104,RUA QUINZE,AGUAPEÚ,ITANHAEM
11757-712,RUA QUATRO,JAMAICA (INTERIOR),ITANHAEM
11743-532,RUA QUATRO,TROPICAL,ITANHAEM
11754-224,RUA QUINZE,JAMAICA (PRAIA),ITANHAEM
11741-014,RUA QUATRO,JARDIM SUARÃO (PRAIA),ITANHAEM
11752-222,RUA QUATRO,JARDIM ANCHIETA,ITANHAEM
11755-442,RUA QUATRO,GAIVOTA (INTERIOR),ITANHAEM
11744-344,RUA QUATRO,AGUAPEÚ,ITANHAEM
11757-076,RUA QUATRO,JAMAICA (INTERIOR),ITANHAEM
11741-158,RUA QUATRO,MARROCOS,ITANHAEM
11740-574,RUA QUATRO,NOVA ITANHAÉM (PRAIA),ITANHAEM
11754-206,RUA QUATRO,JAMAICA (PRAIA),ITANHAEM
11754-522,RUA QUINZE,GAIVOTA (PRAIA),ITANHAEM
11752-080,RUA QUATRO,JARDIM ANCHIETA,ITANHAEM
11755-328,RUA QUATRO,GAIVOTA (INTERIOR),ITANHAEM
11744-028,RUA QUATRO,AGUAPEÚ,ITANHAEM
11748-254,RUA QUINZE,JARDIM CORONEL,ITANHAEM
11756-408,RUA QUATRO,JAMAICA (INTERIOR),ITANHAEM
11741-552,RUA QUINZE,VERDE MAR,ITANHAEM
11740-570,RUA QUATRO,NOVA ITANHAÉM (PRAIA),ITANHAEM
11754-796,RUA QUATRO,GAIVOTA (PRAIA),ITANHAEM
11755-276,RUA QUATRO,GAIVOTA (INTERIOR),ITANHAEM
11748-078,RUA RADIAL,JARDIM CORONEL,ITANHAEM
11740-782,RUA RAUL PINTO,JARDIM SUARÃO (PRAIA),ITANHAEM
11742-804,RUA RAUL SEIXAS,LARANJEIRAS,ITANHAEM
11742-560,RUA RAPHAEL XELLA,NOVA ITANHAÉM (INTERIOR),ITANHAEM
11741-876,RUA RANCHO ALEGRE,JARDIM SUARÃO (INTERIOR),ITANHAEM
11742-438,RUA RANCHO ALEGRE,NOSSA SENHORA DO SION,ITANHAEM
11741-592,RUA RANIERI MAZILLI,VERDE MAR,ITANHAEM
11740-896,RUA RAFAEL GONZALES,JARDIM SUARÃO (PRAIA),ITANHAEM
11755-636,RUA RAMAL DOS MORRINHOS,GAIVOTA (INTERIOR),ITANHAEM
11744-100,RUA RAFAEL COIMBRA NETO,AGUAPEÚ,ITANHAEM
11748-176,RUA RAIMUNDO JOSE DE MOURA,JARDIM CORONEL,ITANHAEM
11740-991,RUA RADAMÉS INCONTRI FILHO,,ITANHAEM
11751-584,RUA RADAMÉS INCONTRI FILHO,JARDIM ANCHIETA,ITANHAEM
11740-314,RUA RAIMUNDA GOMES DA SILVA,JARDIM IVOTY,ITANHAEM
11743-458,RUA RAFHAELA MARTINS DELGADO,GUAPURÁ,ITANHAEM
11746-208,RUA RAYMUNDO BAPTISTA DE ANDRADE,CIBRATEL I,ITANHAEM
11748-092,RUA RECIFE,JARDIM CORONEL,ITANHAEM
11749-458,RUA RECIFE,BOPIRANGA,ITANHAEM
11754-638,RUA RECIFE,GAIVOTA (PRAIA),ITANHAEM
11746-716,RUA RENATO RAMOS TEIXEIRA,BELAS ARTES,ITANHAEM
11740-080,RUA RENE DE CASTRO THIOLLIER,CENTRO,ITANHAEM
11748-150,RUA REGINA APARECIDA DA SILVA NEVES,JARDIM CORONEL,ITANHAEM
11748-286,RUA RIO PRETO,JARDIM CORONEL,ITANHAEM
11748-006,RUA RIO BRANCO,JARDIM CORONEL,ITANHAEM
11754-564,RUA RIO BRANCO,GAIVOTA (PRAIA),ITANHAEM
11748-062,RUA RIO DE JANEIRO,JARDIM CORONEL,ITANHAEM
11741-396,RUA RIO DE JANEIRO,LOTY,ITANHAEM
11746-266,RUA RIO DE JANEIRO,CIBRATEL II,ITANHAEM
11746-456,RUA RISTO DOBREVSKI,CIBRATEL II,ITANHAEM
11748-478,RUA RIO GRANDE DO SUL,JARDIM CORONEL,ITANHAEM
11743-242,RUA RITA PRADO DA SILVA,JARDIM OÁSIS,ITANHAEM
11746-330,RUA RIO GRANDE DO NORTE,CIBRATEL II,ITANHAEM
11742-814,RUA RICARDO LACERDA JARDIM,LARANJEIRAS,ITANHAEM
11754-574,RUA ROBERTO HARBS,GAIVOTA (PRAIA),ITANHAEM
11748-490,RUA ROQUE LOMBARDI,JARDIM CORONEL,ITANHAEM
11740-604,RUA ROGÊ FERREIRA,NOVA ITANHAÉM (PRAIA),ITANHAEM
11740-806,RUA ROGÊ FERREIRA,JARDIM SUARÃO (PRAIA),ITANHAEM
11740-708,RUA ROGÊ FERREIRA,SUARÃO,ITANHAEM
11746-680,RUA RODOLFO AMOEDO,BELAS ARTES,ITANHAEM
11740-348,RUA ROBERTO POMPEU,CIDADE ANCHIETA,ITANHAEM
11746-666,RUA RODOLFO AMOEDO,BELAS ARTES,ITANHAEM
11740-812,RUA ROSALIA FERRARO,JARDIM SUARÃO (PRAIA),ITANHAEM
11740-222,RUA RODRIGUES ALVES,MOSTEIRO,ITANHAEM
11755-272,RUA ROBERTO APELIAN,GAIVOTA (INTERIOR),ITANHAEM
11748-454,RUA ROBERTO MOCERINO,JARDIM CORONEL,ITANHAEM
11741-074,RUA RODRIGO BALESTRA,CAMPOS ELISEOS,ITANHAEM
11746-720,RUA ROQUE ARRIVABENE,BELAS ARTES,ITANHAEM
11741-606,RUA ROBERTO LOUREIRO,VERDE MAR,ITANHAEM
11748-134,RUA RODOLPHO CACHELLO,JARDIM CORONEL,ITANHAEM
11749-088,RUA ROSALVO JOSÉ ALVES,TUPY,ITANHAEM
11746-618,RUA ROSENE DOS PASSOS JR,CORUMBA,ITANHAEM
11743-468,RUA RONILTON CHAVES SOUZA,GUAPURÁ,ITANHAEM
11754-462,RUA ROSÁLIA ALVES MICHEL,GAIVOTA (PRAIA),ITANHAEM
11751-328,RUA ROSA MARIA DE OLIVEIRA,CIBRATEL (CHÁCARAS),ITANHAEM
11746-512,RUA ROBERTO AYRES DE OLIVEIRA,CORUMBA,ITANHAEM
11741-122,RUA ROSANA APARECIDA MARQUES CARREIRA,CAMPOS ELISEOS,ITANHAEM
11741-500,RUA ROSANA APARECIDA MARQUES CARREIRA,VERDE MAR,ITANHAEM
11747-856,RUA RUBI,JARDIM CORONEL,ITANHAEM
11747-166,RUA RUY PIN FORNIER,SABAÚNA,ITANHAEM
11747-290,RUA RUBENS ELIAS ANOROSO,UMUARAMA,ITANHAEM
11749-024,RUA SACI,TUPY,ITANHAEM
11754-130,RUA SANTOS,JAMAICA (PRAIA),ITANHAEM
11747-866,RUA SANTOS,JARDIM CORONEL,ITANHAEM
11746-054,RUA SANTOS,PRAIA DOS SONHOS,ITANHAEM
11754-828,RUA SANTOS,GAIVOTA (PRAIA),ITANHAEM
11755-420,RUA SALVADOR,GAIVOTA (INTERIOR),ITANHAEM
11748-088,RUA SALVADOR,JARDIM CORONEL,ITANHAEM
11748-074,RUA SÃO LUIZ,JARDIM CORONEL,ITANHAEM
11741-862,RUA SÃO LUIZ,JARDIM SUARÃO (INTERIOR),ITANHAEM
11750-144,RUA SASSAFRAZ,SÃO FERNANDO (CHÁCARAS),ITANHAEM
11754-619,RUA SÃO LUIZ,GAIVOTA (PRAIA),ITANHAEM
11749-804,RUA SAPOPEMBA,SÃO FERNANDO (CHÁCARAS),ITANHAEM
11740-616,RUA SAMAMBAIA,NOVA ITANHAÉM (PRAIA),ITANHAEM
11746-584,RUA SANTO IVO,CORUMBA,ITANHAEM
11742-412,RUA SÃO JOÃO,NOSSA SENHORA DO SION,ITANHAEM
11749-468,RUA SANTA RITA,BOPIRANGA,ITANHAEM
11755-040,RUA SÃO PEDRO,GAIVOTA (INTERIOR),ITANHAEM
11741-832,RUA SÃO PEDRO,JARDIM SUARÃO (INTERIOR),ITANHAEM
11754-832,RUA SÃO ROQUE,GAIVOTA (PRAIA),ITANHAEM
11754-136,RUA SÃO PAULO,JAMAICA (PRAIA),ITANHAEM
11754-608,RUA SÃO PAULO,GAIVOTA (PRAIA),ITANHAEM
11741-844,RUA SÃO JOÃO,JARDIM SUARÃO (INTERIOR),ITANHAEM
11747-328,RUA SÃO JOÃO,UMUARAMA,ITANHAEM
11746-430,RUA SÃO ROQUE,CIBRATEL II,ITANHAEM
11752-128,RUA SÃO PAULO,JARDIM ANCHIETA,ITANHAEM
11746-270,RUA SÃO PAULO,CIBRATEL II,ITANHAEM
11746-044,RUA SÃO PAULO,PRAIA DOS SONHOS,ITANHAEM
11752-156,RUA SÃO JOSÉ,JARDIM ANCHIETA,ITANHAEM
11755-738,RUA SÃO PEDRO,JAMAICA (INTERIOR),ITANHAEM
11743-654,RUA SANTA CRUZ,TROPICAL,ITANHAEM
11756-660,RUA SÃO PAULO,JAMAICA (INTERIOR),ITANHAEM
11748-294,RUA SÃO PAULO,JARDIM CORONEL,ITANHAEM
11755-734,RUA SALGUEIROS,JAMAICA (INTERIOR),ITANHAEM
11746-414,RUA SÃO JOSÉ,CIBRATEL II,ITANHAEM
11742-402,RUA SÃO PEDRO,NOSSA SENHORA DO SION,ITANHAEM
11755-740,RUA SÃO JOÃO,JAMAICA (INTERIOR),ITANHAEM
11748-060,RUA SÃO PAULO,JARDIM CORONEL,ITANHAEM
11755-044,RUA SÃO SIMÃO,GAIVOTA (INTERIOR),ITANHAEM
11754-830,RUA SANTO AMARO,GAIVOTA (PRAIA),ITANHAEM
11748-282,RUA SÃO CARLOS,JARDIM CORONEL,ITANHAEM
11742-026,RUA SÃO THIAGO,JARDIM SUARÃO (INTERIOR),ITANHAEM
11747-766,RUA SÃO CARLOS,JARDIM CORONEL,ITANHAEM
11754-824,RUA SÃO MIGUEL,GAIVOTA (PRAIA),ITANHAEM
11754-822,RUA SÃO CARLOS,GAIVOTA (PRAIA),ITANHAEM
11746-416,RUA SÃO MIGUEL,CIBRATEL II,ITANHAEM
11756-686,RUA SÃO CARLOS,JAMAICA (INTERIOR),ITANHAEM
11746-538,RUA SALAH FOUAD,CORUMBA,ITANHAEM
11744-064,RUA SANTA CLARA,AGUAPEÚ,ITANHAEM
11746-432,RUA SANTO ANDRÉ,CIBRATEL II,ITANHAEM
11754-826,RUA SANTA ISABEL,GAIVOTA (PRAIA),ITANHAEM
11754-110,RUA SCHEILA,JAMAICA (PRAIA),ITANHAEM
11756-658,RUA SCHEILA,JAMAICA (INTERIOR),ITANHAEM
11741-524,RUA SETE,VERDE MAR,ITANHAEM
11752-226,RUA SETE,JARDIM ANCHIETA,ITANHAEM
11754-242,RUA SEIS,JAMAICA (PRAIA),ITANHAEM
11754-322,RUA SETE,JAMAICA (PRAIA),ITANHAEM
11747-724,RUA SETE,JARDIM CORONEL,ITANHAEM
11744-416,RUA SETE,AGUAPEÚ,ITANHAEM
11741-020,RUA SEIS,JARDIM SUARÃO (PRAIA),ITANHAEM
11752-086,RUA SETE,JARDIM ANCHIETA,ITANHAEM
11757-716,RUA SEIS,JAMAICA (INTERIOR),ITANHAEM
11754-210,RUA SEIS,JAMAICA (PRAIA),ITANHAEM
11747-704,RUA SETE,JARDIM CORONEL,ITANHAEM
11744-072,RUA SETE,AGUAPEÚ,ITANHAEM
11740-860,RUA SEIS,JARDIM SUARÃO (PRAIA),ITANHAEM
11741-522,RUA SEIS,VERDE MAR,ITANHAEM
11755-834,RUA SEIS,JAMAICA (INTERIOR),ITANHAEM
11747-674,RUA SETE,JARDIM CORONEL,ITANHAEM
11740-572,RUA SEIS,NOVA ITANHAÉM (PRAIA),ITANHAEM
11744-032,RUA SEIS,AGUAPEÚ,ITANHAEM
11754-804,RUA SETE,GAIVOTA (PRAIA),ITANHAEM
11755-448,RUA SETE,GAIVOTA (INTERIOR),ITANHAEM
11750-570,RUA SEIS,CIBRATEL (CHÁCARAS),ITANHAEM
11747-640,RUA SETE,JARDIM CORONEL,ITANHAEM
11749-534,RUA SETE,BOPIRANGA,ITANHAEM
11755-334,RUA SETE,GAIVOTA (INTERIOR),ITANHAEM
11750-302,RUA SETE,SÃO FERNANDO (CHÁCARAS),ITANHAEM
11752-362,RUA SEIS,JARDIM ANCHIETA,ITANHAEM
11741-418,RUA SETE,LOTY,ITANHAEM
11755-282,RUA SETE,GAIVOTA (INTERIOR),ITANHAEM
11749-836,RUA SETE,SÃO FERNANDO (CHÁCARAS),ITANHAEM
11754-802,RUA SEIS,GAIVOTA (PRAIA),ITANHAEM
11748-116,RUA SEIS,JARDIM CORONEL,ITANHAEM
11756-412,RUA SETE,JAMAICA (INTERIOR),ITANHAEM
11752-334,RUA SEIS,JARDIM ANCHIETA,ITANHAEM
11749-532,RUA SEIS,BOPIRANGA,ITANHAEM
11741-390,RUA SETE,LOTY,ITANHAEM
11755-184,RUA SETE,GAIVOTA (INTERIOR),ITANHAEM
11754-702,RUA SEIS,GAIVOTA (PRAIA),ITANHAEM
11747-748,RUA SEIS,JARDIM CORONEL,ITANHAEM
11755-844,RUA SETE,JAMAICA (INTERIOR),ITANHAEM
11752-294,RUA SEIS,JARDIM ANCHIETA,ITANHAEM
11741-286,RUA SEIS,LOTY,ITANHAEM
11755-446,RUA SEIS,GAIVOTA (INTERIOR),ITANHAEM
11750-496,RUA SEIS,SÃO FERNANDO (CHÁCARAS),ITANHAEM
11754-510,RUA SEIS,GAIVOTA (PRAIA),ITANHAEM
11747-726,RUA SEIS,JARDIM CORONEL,ITANHAEM
11752-258,RUA SEIS,JARDIM ANCHIETA,ITANHAEM
11740-858,RUA SETE,JARDIM SUARÃO (PRAIA),ITANHAEM
11741-154,RUA SEIS,MARROCOS,ITANHAEM
11755-332,RUA SEIS,GAIVOTA (INTERIOR),ITANHAEM
11750-300,RUA SEIS,SÃO FERNANDO (CHÁCARAS),ITANHAEM
11747-308,RUA SHINJI MURATA,UMUARAMA,ITANHAEM
11741-604,RUA SHIRLEY LOUREIRO,VERDE MAR,ITANHAEM
11754-600,RUA SHIRLEY MARCHI FERREIRA,GAIVOTA (PRAIA),ITANHAEM
11741-322,RUA SILVIA,LOTY,ITANHAEM
11741-356,RUA SINHO MONTEIRO,LOTY,ITANHAEM
11741-864,RUA SILVIO FIGUEIREDO,JARDIM SUARÃO (INTERIOR),ITANHAEM
11742-428,RUA SILVIO FIGUEIREDO,NOSSA SENHORA DO SION,ITANHAEM
11749-568,RUA SILVILINO MACHADO,BOPIRANGA,ITANHAEM
11743-388,RUA SINEVAL CAVIQUIOLI,GUAPURÁ,ITANHAEM
11746-612,RUA SINVALDO SOUZA AMARAL,CORUMBA,ITANHAEM
11747-188,RUA SILVINO FERREIRA NUNES,SABAÚNA,ITANHAEM
11746-120,RUA SILVIA MARIA DOS PASSOS,PRAIA DOS SONHOS,ITANHAEM
11749-584,RUA SILVIO QUEIROZ DA SILVA,BOPIRANGA,ITANHAEM
11741-852,RUA SILVINO BENTO DOS SANTOS,JARDIM SUARÃO (INTERIOR),ITANHAEM
11742-418,RUA SILVINO BENTO DOS SANTOS,NOSSA SENHORA DO SION,ITANHAEM
11754-100,RUA SÔNIA,JAMAICA (PRAIA),ITANHAEM
11754-106,RUA SOROCABA,JAMAICA (PRAIA),ITANHAEM
11747-870,RUA SOROCABA,JARDIM CORONEL,ITANHAEM
11741-494,RUA SOROCABA,VERDE MAR,ITANHAEM
11754-850,RUA SOROCABA,GAIVOTA (PRAIA),ITANHAEM
11740-097,RUA SOROCABANA,CENTRO,ITANHAEM
11754-142,RUA SOROCABANA,JAMAICA (PRAIA),ITANHAEM
11748-302,RUA SOROCABANA,JARDIM CORONEL,ITANHAEM
11754-468,RUA SOROCABANA,GAIVOTA (PRAIA),ITANHAEM
11747-738,RUA SONIA APARECIDA SANTANA,JARDIM CORONEL,ITANHAEM
11740-436,RUA STANISLAU WITKOWSKI JÚNIOR,SATÉLITE,ITANHAEM
11754-840,RUA SUZANO,GAIVOTA (PRAIA),ITANHAEM
11741-316,RUA SUZANA,LOTY,ITANHAEM
11749-422,RUA SUIÇA,BOPIRANGA,ITANHAEM
11749-410,RUA SUECIA,BOPIRANGA,ITANHAEM
11740-696,RUA SUARÃO,SUARÃO,ITANHAEM
11741-134,RUA TATUI,CAMPOS ELISEOS,ITANHAEM
11749-006,RUA TAPUIAS,TUPY,ITANHAEM
11749-116,RUA TAPIOCA,TUPY,ITANHAEM
11749-148,RUA TAPAJOS,TUPY,ITANHAEM
11749-350,RUA TAIPOCA,BOPIRANGA,ITANHAEM
11746-442,RUA TAUBATÉ,CIBRATEL II,ITANHAEM
11749-272,RUA TANGARÁ,TUPY,ITANHAEM
11747-864,RUA TAUBATÉ,JARDIM CORONEL,ITANHAEM
11750-506,RUA TAPAJÓS,CIBRATEL (CHÁCARAS),ITANHAEM
11747-170,RUA TAUBATÉ,SABAÚNA,ITANHAEM
11749-018,RUA TABAJARAS,TUPY,ITANHAEM
11750-434,RUA TAPIOCANGA,SÃO FERNANDO (CHÁCARAS),ITANHAEM
11740-688,RUA TAYAÇUPEBA,SUARÃO,ITANHAEM
11750-504,RUA TABATINGUERA,CIBRATEL (CHÁCARAS),ITANHAEM
11741-626,RUA TARCISIO MATIAS DE OLIVEIRA FILHO,VERDE MAR,ITANHAEM
11754-350,RUA TERCEIRA,JAMAICA (PRAIA),ITANHAEM
11748-066,RUA TERESINA,JARDIM CORONEL,ITANHAEM
11740-160,RUA TELMO DIZ,VILA SÃO PAULO,ITANHAEM
11744-472,RUA TENENTE JURACY COLELLA,AGUAPEÚ,ITANHAEM
11741-008,RUA TEREZA OTENCIA GONZALES,JARDIM SUARÃO (PRAIA),ITANHAEM
11740-302,RUA TEREZA DA SILVA BARBOSA,JARDIM IVOTY,ITANHAEM
11742-554,RUA TENENTE ARTUR ROSA RAMOS,NOVA ITANHAÉM (INTERIOR),ITANHAEM
11754-226,RUA TERESINHA AUGUSTA GAROFALO,JAMAICA (PRAIA),ITANHAEM
11747-354,RUA TEREZA ARIAS GARDON LORENZO,UMUARAMA,ITANHAEM
11741-306,RUA THAIS,LOTY,ITANHAEM
11741-244,RUA THAIS,MARROCOS,ITANHAEM
11741-304,RUA THELMA,LOTY,ITANHAEM
11741-248,RUA THELMA,MARROCOS,ITANHAEM
11740-162,RUA THEODOMIRO MANOEL DOS SANTOS,VILA SÃO PAULO,ITANHAEM
11754-562,RUA TIRADENTES,GAIVOTA (PRAIA),ITANHAEM
11750-514,RUA TIBIRIÇÁ,CIBRATEL (CHÁCARAS),ITANHAEM
11742-502,RUA TIMOTEO GARCIA LAMAS,NOVA ITANHAÉM (INTERIOR),ITANHAEM
11743-594,RUA TIMOTEO GARCIA LAMAS,TROPICAL,ITANHAEM
11742-460,RUA TIMOTEO GARCIA LAMAS,NOSSA SENHORA DO SION,ITANHAEM
11740-624,RUA TIMOTEO GARCIA LAMAS,NOVA ITANHAÉM (PRAIA),ITANHAEM
11747-852,RUA TOPÁZIO,JARDIM CORONEL,ITANHAEM
11755-274,RUA TRÊS,GAIVOTA (INTERIOR),ITANHAEM
11755-074,RUA TREZE,GAIVOTA (INTERIOR),ITANHAEM
11752-376,RUA TRÊS,JARDIM ANCHIETA,ITANHAEM
11742-650,RUA TREZE,SAVOY,ITANHAEM
11757-054,RUA TREZE,JAMAICA (INTERIOR),ITANHAEM
11747-698,RUA TRÊS,JARDIM CORONEL,ITANHAEM
11755-176,RUA TRÊS,GAIVOTA (INTERIOR),ITANHAEM
11752-340,RUA TRÊS,JARDIM ANCHIETA,ITANHAEM
11750-314,RUA TREZE,SÃO FERNANDO (CHÁCARAS),ITANHAEM
11756-424,RUA TREZE,JAMAICA (INTERIOR),ITANHAEM
11747-666,RUA TRÊS,JARDIM CORONEL,ITANHAEM
11754-710,RUA TREZE,GAIVOTA (PRAIA),ITANHAEM
11754-344,RUA TREZE,JAMAICA (PRAIA),ITANHAEM
11752-308,RUA TRÊS,JARDIM ANCHIETA,ITANHAEM
11749-848,RUA TREZE,SÃO FERNANDO (CHÁCARAS),ITANHAEM
11757-710,RUA TRÊS,JAMAICA (INTERIOR),ITANHAEM
11747-648,RUA TRÊS,JARDIM CORONEL,ITANHAEM
11754-798,RUA TRÊS,GAIVOTA (PRAIA),ITANHAEM
11754-278,RUA TREZE,JAMAICA (PRAIA),ITANHAEM
11752-224,RUA TRÊS,JARDIM ANCHIETA,ITANHAEM
11750-490,RUA TRÊS,SÃO FERNANDO (CHÁCARAS),ITANHAEM
11757-626,RUA TRÊS,JAMAICA (INTERIOR),ITANHAEM
11754-504,RUA TRÊS,GAIVOTA (PRAIA),ITANHAEM
11754-220,RUA TREZE,JAMAICA (PRAIA),ITANHAEM
11752-078,RUA TRÊS,JARDIM ANCHIETA,ITANHAEM
11750-294,RUA TRÊS,SÃO FERNANDO (CHÁCARAS),ITANHAEM
11749-540,RUA TREZE,BOPIRANGA,ITANHAEM
11757-038,RUA TRÊS,JAMAICA (INTERIOR),ITANHAEM
11754-310,RUA TRÊS,JAMAICA (PRAIA),ITANHAEM
11743-578,RUA TRÊS,TROPICAL,ITANHAEM
11749-828,RUA TRÊS,SÃO FERNANDO (CHÁCARAS),ITANHAEM
11749-526,RUA TRÊS,BOPIRANGA,ITANHAEM
11756-404,RUA TRÊS,JAMAICA (INTERIOR),ITANHAEM
11752-384,RUA TREZE,JARDIM ANCHIETA,ITANHAEM
11754-204,RUA TRÊS,JAMAICA (PRAIA),ITANHAEM
11748-166,RUA TREZE,JARDIM CORONEL,ITANHAEM
11743-538,RUA TRÊS,TROPICAL,ITANHAEM
11749-518,RUA TRÊS,BOPIRANGA,ITANHAEM
11755-804,RUA TRÊS,JAMAICA (INTERIOR),ITANHAEM
11755-460,RUA TREZE,GAIVOTA (INTERIOR),ITANHAEM
11752-282,RUA TREZE,JARDIM ANCHIETA,ITANHAEM
11750-564,RUA TRÊS,CIBRATEL (CHÁCARAS),ITANHAEM
11747-690,RUA TREZE,JARDIM CORONEL,ITANHAEM
11742-452,RUA TREZE,NOSSA SENHORA DO SION,ITANHAEM
11741-012,RUA TRÊS,JARDIM SUARÃO (PRAIA),ITANHAEM
11743-470,RUA TRÊS,GUAPURÁ,ITANHAEM
11755-346,RUA TREZE,GAIVOTA (INTERIOR),ITANHAEM
11741-726,RUA TRÊS,JARDIM SUARÃO (INTERIOR),ITANHAEM
11752-238,RUA TREZE,JARDIM ANCHIETA,ITANHAEM
11747-620,RUA TREZE,JARDIM CORONEL,ITANHAEM
11749-262,RUA TUIM,TUPY,ITANHAEM
11755-016,RUA TUPÃ,GAIVOTA (INTERIOR),ITANHAEM
11749-322,RUA TUCUM,TUPY,ITANHAEM
11750-452,RUA TUIUTI,SÃO FERNANDO (CHÁCARAS),ITANHAEM
11756-736,RUA TUCUMAN,JAMAICA (INTERIOR),ITANHAEM
11750-524,RUA TUIUTÍ,CIBRATEL (CHÁCARAS),ITANHAEM
11749-394,RUA TURQUIA,BOPIRANGA,ITANHAEM
11747-054,RUA TUPINAMBA,SABAÚNA,ITANHAEM
11749-008,RUA TUPINAMBAS,TUPY,ITANHAEM
11746-368,RUA TUPINIQUINS,CIBRATEL II,ITANHAEM
11749-014,RUA TUPINIQUINS,TUPY,ITANHAEM
11749-046,RUA UBA,TUPY,ITANHAEM
11749-156,RUA UBIRAJARA,TUPY,ITANHAEM
11743-408,RUA ULISSES PEREIRA DOS SANTOS,GUAPURÁ,ITANHAEM
11752-274,RUA UM,JARDIM ANCHIETA,ITANHAEM
11754-700,RUA UM,GAIVOTA (PRAIA),ITANHAEM
11755-370,RUA UM,GAIVOTA (INTERIOR),ITANHAEM
11747-736,RUA UM,JARDIM CORONEL,ITANHAEM
11752-240,RUA UM,JARDIM ANCHIETA,ITANHAEM
11755-322,RUA UM,GAIVOTA (INTERIOR),ITANHAEM
11747-722,RUA UM,JARDIM CORONEL,ITANHAEM
11752-074,RUA UM,JARDIM ANCHIETA,ITANHAEM
11755-172,RUA UM,GAIVOTA (INTERIOR),ITANHAEM
11747-656,RUA UM,JARDIM CORONEL,ITANHAEM
11743-540,RUA UM,TROPICAL,ITANHAEM
11754-116,RUA UM,JAMAICA (PRAIA),ITANHAEM
11744-336,RUA UM,AGUAPEÚ,ITANHAEM
11746-504,RUA UM,CORUMBA,ITANHAEM
11754-052,RUA UM,JAMAICA (PRAIA),ITANHAEM
11741-344,RUA UM,LOTY,ITANHAEM
11740-554,RUA UM,NOVA ITANHAÉM (PRAIA),ITANHAEM
11750-560,RUA UM,CIBRATEL (CHÁCARAS),ITANHAEM
11741-262,RUA UM,MARROCOS,ITANHAEM
11749-636,RUA UM,BOPIRANGA,ITANHAEM
11757-706,RUA UM,JAMAICA (INTERIOR),ITANHAEM
11750-486,RUA UM,SÃO FERNANDO (CHÁCARAS),ITANHAEM
11741-216,RUA UM,MARROCOS,ITANHAEM
11749-522,RUA UM,BOPIRANGA,ITANHAEM
11757-622,RUA UM,JAMAICA (INTERIOR),ITANHAEM
11741-108,RUA UM,CAMPOS ELISEOS,ITANHAEM
11741-018,RUA UM,JARDIM SUARÃO (PRAIA),ITANHAEM
11757-034,RUA UM,JAMAICA (INTERIOR),ITANHAEM
11748-488,RUA UM,JARDIM CORONEL,ITANHAEM
11752-368,RUA UM,JARDIM ANCHIETA,ITANHAEM
11740-876,RUA UM,JARDIM SUARÃO (PRAIA),ITANHAEM
11755-784,RUA UM,JAMAICA (INTERIOR),ITANHAEM
11747-836,RUA UM,JARDIM CORONEL,ITANHAEM
11752-344,RUA UM,JARDIM ANCHIETA,ITANHAEM
11754-790,RUA UM,GAIVOTA (PRAIA),ITANHAEM
11755-436,RUA UM,GAIVOTA (INTERIOR),ITANHAEM
11747-752,RUA UM,JARDIM CORONEL,ITANHAEM
11749-210,RUA UMUARAMA,TUPY,ITANHAEM
11749-164,RUA URUPES,TUPY,ITANHAEM
11749-450,RUA URUGUAI,BOPIRANGA,ITANHAEM
11750-104,RUA URUCUNANA,SÃO FERNANDO (CHÁCARAS),ITANHAEM
11740-262,RUA URCEZINO FERREIRA,BAIXIO,ITANHAEM
11740-242,RUA URCEZINO FERREIRA,GUARAÚ,ITANHAEM
11746-556,RUA URCELINA MARIA DOS PASSOS,CORUMBA,ITANHAEM
11742-544,RUA VALINHOS,NOVA ITANHAÉM (INTERIOR),ITANHAEM
11743-286,RUA VALDOMIRO PEDRO LUZ,JARDIM OÁSIS,ITANHAEM
11747-078,RUA VALDERIR LEÃO VIDAL,SABAÚNA,ITANHAEM
11740-152,RUA VALDEMIR BILLER BRANDÃO,VILA SÃO PAULO,ITANHAEM
11747-888,RUA VALENTIN CORREDOIRA PORTO,JARDIM CORONEL,ITANHAEM
11751-312,RUA VALDOMIRO DO ESPIRITO SANTO DE ALMEIDA,CIBRATEL (CHÁCARAS),ITANHAEM
11754-854,RUA VERA CRUZ,GAIVOTA (PRAIA),ITANHAEM
11746-372,RUA VENEZUELA,CIBRATEL II,ITANHAEM
11744-136,RUA VENANCIO DE LIMA,AGUAPEÚ,ITANHAEM
11746-516,RUA VEREADOR MERENCIO,CORUMBA,ITANHAEM
11740-518,RUA VEREADOR JOSÉ CALVO,GUARDA CIVIL,ITANHAEM
11740-504,RUA VEREADOR EDSON BELLO,GUARDA CIVIL,ITANHAEM
11747-100,RUA VEREADOR JOSÉ CALVO,SABAÚNA,ITANHAEM
11747-332,RUA VEREADOR JOÃO BECHIR,UMUARAMA,ITANHAEM
11746-024,RUA VEREADOR JOVIANO SALLES,PRAIA DOS SONHOS,ITANHAEM
11742-662,RUA VEREADOR ANTONIO ATAULO,SAVOY,ITANHAEM
11750-266,RUA VENTURA PEREIRA DA COSTA,SÃO FERNANDO (CHÁCARAS),ITANHAEM
11749-056,RUA VEREADOR TIBOR GEZA HARY,TUPY,ITANHAEM
11746-028,RUA VEREADOR ROBERTO BERNARDI,PRAIA DOS SONHOS,ITANHAEM
11740-520,RUA VEREADOR MARCELO DOS SANTOS,GUARDA CIVIL,ITANHAEM
11746-446,RUA VEREADOR SILVIO OLIVAN NETO,CIBRATEL II,ITANHAEM
11740-148,RUA VEREADOR JOSÉ ROBERTO CALVO,VILA SÃO PAULO,ITANHAEM
11746-772,RUA VEREADOR ANGELINO DE BORTOLI,BELAS ARTES,ITANHAEM
11751-350,RUA VENERÁVEL PAULO ROBERTO LOPES,CIBRATEL (CHÁCARAS),ITANHAEM
11747-164,RUA VEREADOR ALACYR FERREIRA COSTA,SABAÚNA,ITANHAEM
11740-522,RUA VEREADOR EDUARDO GOMES DA ROCHA,GUARDA CIVIL,ITANHAEM
11743-504,RUA VEREADOR JOSÉ SANTINO DE SOUZA,TROPICAL,ITANHAEM
11742-658,RUA VEREADOR JOSÉ SANTINO DE SOUZA,SAVOY,ITANHAEM
11747-320,RUA VEREADOR AUGUSTO PEREIRA ARAÚJO,UMUARAMA,ITANHAEM
11740-468,RUA VEREADOR APOLLO RODRIGUES JÚNIOR,GUARDA CIVIL,ITANHAEM
11741-516,RUA VEREADOR CASIMIRO GUIMARAES JÚNIOR,VERDE MAR,ITANHAEM
11741-110,RUA VEREADOR CASIMIRO GUIMARAES JÚNIOR,CAMPOS ELISEOS,ITANHAEM
11742-464,RUA VEREADOR ERNESTINO ALVES MASCARENHAS,NOSSA SENHORA DO SION,ITANHAEM
11752-256,RUA VINTE,JARDIM ANCHIETA,ITANHAEM
11744-200,RUA VINTE,AGUAPEÚ,ITANHAEM
11754-378,RUA VINTE,JAMAICA (PRAIA),ITANHAEM
11751-624,RUA VINTE,JARDIM ANCHIETA,ITANHAEM
11754-290,RUA VINTE,JAMAICA (PRAIA),ITANHAEM
11754-234,RUA VINTE,JAMAICA (PRAIA),ITANHAEM
11742-474,RUA VINTE,NOSSA SENHORA DO SION,ITANHAEM
11755-360,RUA VINTE,GAIVOTA (INTERIOR),ITANHAEM
11754-032,RUA VINTE,JAMAICA (PRAIA),ITANHAEM
11755-308,RUA VINTE,GAIVOTA (INTERIOR),ITANHAEM
11755-210,RUA VINTE,GAIVOTA (INTERIOR),ITANHAEM
11757-744,RUA VINTE,JAMAICA (INTERIOR),ITANHAEM
11755-092,RUA VINTE,GAIVOTA (INTERIOR),ITANHAEM
11756-438,RUA VINTE,JAMAICA (INTERIOR),ITANHAEM
11743-352,RUA VINTE,GUAPURÁ,ITANHAEM
11748-142,RUA VINTE,JARDIM CORONEL,ITANHAEM
11741-768,RUA VINTE,JARDIM SUARÃO (INTERIOR),ITANHAEM
11749-552,RUA VINTE,BOPIRANGA,ITANHAEM
11749-862,RUA VINTE,SÃO FERNANDO (CHÁCARAS),ITANHAEM
11741-566,RUA VINTE,VERDE MAR,ITANHAEM
11744-512,RUA VINTE,AGUAPEÚ,ITANHAEM
11747-604,RUA VINTE,JARDIM CORONEL,ITANHAEM
11742-426,RUA VITORIA,NOSSA SENHORA DO SION,ITANHAEM
11754-586,RUA VITORIA,GAIVOTA (PRAIA),ITANHAEM
11741-860,RUA VITORIA,JARDIM SUARÃO (INTERIOR),ITANHAEM
11749-812,RUA VITORIA,SÃO FERNANDO (CHÁCARAS),ITANHAEM
11752-260,RUA VINTE E UM,JARDIM ANCHIETA,ITANHAEM
11755-094,RUA VINTE E UM,GAIVOTA (INTERIOR),ITANHAEM
11741-564,RUA VINTE E UM,VERDE MAR,ITANHAEM
11752-098,RUA VINTE E UM,JARDIM ANCHIETA,ITANHAEM
11742-476,RUA VINTE E UM,NOSSA SENHORA DO SION,ITANHAEM
11754-534,RUA VINTE E UM,GAIVOTA (PRAIA),ITANHAEM
11743-516,RUA VINTE E UM,TROPICAL,ITANHAEM
11748-144,RUA VINTE E UM,JARDIM CORONEL,ITANHAEM
11741-770,RUA VINTE E UM,JARDIM SUARÃO (INTERIOR),ITANHAEM
11747-602,RUA VINTE E UM,JARDIM CORONEL,ITANHAEM
11757-748,RUA VINTE E UM,JAMAICA (INTERIOR),ITANHAEM
11749-554,RUA VINTE E UM,BOPIRANGA,ITANHAEM
11756-440,RUA VINTE E UM,JAMAICA (INTERIOR),ITANHAEM
11743-370,RUA VINTE E UM,GUAPURÁ,ITANHAEM
11749-864,RUA VINTE E UM,SÃO FERNANDO (CHÁCARAS),ITANHAEM
11754-292,RUA VINTE E UM,JAMAICA (PRAIA),ITANHAEM
11755-362,RUA VINTE E UM,GAIVOTA (INTERIOR),ITANHAEM
11744-288,RUA VINTE E UM,AGUAPEÚ,ITANHAEM
11755-310,RUA VINTE E UM,GAIVOTA (INTERIOR),ITANHAEM
11744-192,RUA VINTE E UM,AGUAPEÚ,ITANHAEM
11755-216,RUA VINTE E UM,GAIVOTA (INTERIOR),ITANHAEM
11747-388,RUA VINTE E UM,UMUARAMA,ITANHAEM
11741-640,RUA VINTE E UM,VERDE MAR,ITANHAEM
11756-460,RUA VINTE E NOVE,JAMAICA (INTERIOR),ITANHAEM
11749-488,RUA WASHINGTON,BOPIRANGA,ITANHAEM
11744-272,RUA WAGNER BONFIM,AGUAPEÚ,ITANHAEM
11748-504,RUA WASHINGTON LUIS,JARDIM CORONEL,ITANHAEM
11748-178,RUA WALDIR GOTTSFRITZ,JARDIM CORONEL,ITANHAEM
11748-154,RUA WALDEMAR SILVEIRA,JARDIM CORONEL,ITANHAEM
11751-322,RUA WALDEMAR FELÍCIO,CIBRATEL (CHÁCARAS),ITANHAEM
11747-350,RUA WALDEMAR CASTILHO,UMUARAMA,ITANHAEM
11742-582,RUA WALDEMAR MAGALHÃES,NOVA ITANHAÉM (INTERIOR),ITANHAEM
11743-518,RUA WALDEMAR MAGALHÃES,TROPICAL,ITANHAEM
11740-538,RUA WALDEMAR MAGALHÃES,NOVA ITANHAÉM (PRAIA),ITANHAEM
11748-164,RUA WALDEMAR AUGUSTO SERRA,JARDIM CORONEL,ITANHAEM
11741-488,RUA WANDERLY DA CRUZ ABBASI,VERDE MAR,ITANHAEM
11749-254,RUA WAGNER PEREIRA DA SILVA,TUPY,ITANHAEM
11747-378,RUA WALDEMAR AUGUSTO MARTINS,UMUARAMA,ITANHAEM
11749-674,RUA WASHINGTON DIA DOS SANTOS,BOPIRANGA,ITANHAEM
11741-784,RUA WILSON APELIAN,JARDIM SUARÃO (INTERIOR),ITANHAEM
11740-400,RUA WILSON DE MORAES,SATÉLITE,ITANHAEM
11746-070,RUA WILTON PAES DE ALMEIDA,PRAIA DOS SONHOS,ITANHAEM
11749-256,RUA WILSON FLÁVIO CHIEREGUINI,TUPY,ITANHAEM
11749-142,RUA XERENTES,TUPY,ITANHAEM
11749-150,RUA XINGU,TUPY,ITANHAEM
11747-060,RUA YARA,SABAÚNA,ITANHAEM
11740-584,RUA YBERABA,NOVA ITANHAÉM (PRAIA),ITANHAEM
11747-042,RUA YMA,SABAÚNA,ITANHAEM
11749-372,RUA YPE,BOPIRANGA,ITANHAEM
11749-304,RUA YPE,TUPY,ITANHAEM
11746-768,RUA ZARAGOZA,BELAS ARTES,ITANHAEM
11740-026,RUA ZEFERINO SOARES,CENTRO,ITANHAEM
11746-672,RUA ZEFERINO DA COSTA,BELAS ARTES,ITANHAEM
11754-248,RUA ZENAIDE MEIRA MAYR,JAMAICA (PRAIA),ITANHAEM
11752-288,AVENIDA A,JARDIM ANCHIETA,ITANHAEM
11746-803,AVENIDA ALFA,GUAPIRANGA,ITANHAEM
11749-424,AVENIDA ALEMANHA,BOPIRANGA,ITANHAEM
11741-272,AVENIDA ANCHIETA,LOTY,ITANHAEM
11741-204,AVENIDA ANCHIETA,MARROCOS,ITANHAEM
11740-438,AVENIDA ARMÊNIA,SATÉLITE,ITANHAEM
11749-398,AVENIDA ARMÊNIA,BOPIRANGA,ITANHAEM
11747-816,AVENIDA AMAZONAS,JARDIM CORONEL,ITANHAEM
11742-728,AVENIDA ARMÊNIA,LARANJEIRAS,ITANHAEM
11743-466,AVENIDA A DIREITA,GUAPURÁ,ITANHAEM
11749-448,AVENIDA ARGENTINA,BOPIRANGA,ITANHAEM
11741-402,AVENIDA ATLÂNTICA,LOTY,ITANHAEM
11741-188,AVENIDA ATLÂNTICA,MARROCOS,ITANHAEM
11743-464,AVENIDA A ESQUERDA,GUAPURÁ,ITANHAEM
11749-396,AVENIDA ALBERT SABIN,BOPIRANGA,ITANHAEM
11754-446,AVENIDA ALBERT SABIN,GAIVOTA (PRAIA),ITANHAEM
11754-048,AVENIDA ALBERT SABIN,JAMAICA (PRAIA),ITANHAEM
11741-256,AVENIDA AURÉLIO CAMPOS,MARROCOS,ITANHAEM
11746-692,AVENIDA ALMEIDA JÚNIOR,BELAS ARTES,ITANHAEM
11741-276,AVENIDA AURÉLIO CAMPOS,LOTY,ITANHAEM
11740-130,AVENIDA ARY CARNEIRO DE SARAIVA,VILA SÃO PAULO,ITANHAEM
11740-733,AVENIDA ARY CARNEIRO DE SARAIVA,SUARÃO,ITANHAEM
11740-452,AVENIDA ARY CARNEIRO DE SARAIVA,SATÉLITE,ITANHAEM
11740-470,AVENIDA ARY CARNEIRO DE SARAIVA,GUARDA CIVIL,ITANHAEM
11740-578,AVENIDA ARY CARNEIRO DE SARAIVA,NOVA ITANHAÉM (PRAIA),ITANHAEM
11749-080,AVENIDA ANTONIO BAENA FERNANDES,TUPY,ITANHAEM
11752-304,AVENIDA B,JARDIM ANCHIETA,ITANHAEM
11747-814,AVENIDA BAHIA,JARDIM CORONEL,ITANHAEM
11743-550,AVENIDA BAURU,TROPICAL,ITANHAEM
11742-524,AVENIDA BAURU,NOVA ITANHAÉM (INTERIOR),ITANHAEM
11741-102,AVENIDA BRASIL,CAMPOS ELISEOS,ITANHAEM
11752-144,AVENIDA BRASIL,JARDIM ANCHIETA,ITANHAEM
11754-550,AVENIDA BRASIL,GAIVOTA (PRAIA),ITANHAEM
11740-420,AVENIDA BEIRA MAR,SATÉLITE,ITANHAEM
11741-132,AVENIDA BEIRA MAR,CAMPOS ELISEOS,ITANHAEM
11740-462,AVENIDA BEIRA MAR,GUARDA CIVIL,ITANHAEM
11740-550,AVENIDA BEIRA MAR,NOVA ITANHAÉM (PRAIA),ITANHAEM
11740-804,AVENIDA BEIRA MAR,JARDIM SUARÃO (PRAIA),ITANHAEM
11741-166,AVENIDA BEIRA MAR,MARROCOS,ITANHAEM
11752-126,AVENIDA BANDEIRANTES,JARDIM ANCHIETA,ITANHAEM
11748-292,AVENIDA BANDEIRANTES,JARDIM CORONEL,ITANHAEM
11747-828,AVENIDA BRASILIA SECKLER,JARDIM CORONEL,ITANHAEM
11743-560,AVENIDA BENEDITO RIBEIRO,TROPICAL,ITANHAEM
11742-514,AVENIDA BENEDITO RIBEIRO,NOVA ITANHAÉM (INTERIOR),ITANHAEM
11747-684,AVENIDA BENEDITO ANTONIO MUNIZ,JARDIM CORONEL,ITANHAEM
11749-654,AVENIDA C,BOPIRANGA,ITANHAEM
11752-320,AVENIDA C,JARDIM ANCHIETA,ITANHAEM
11749-454,AVENIDA CHILE,BOPIRANGA,ITANHAEM
11748-040,AVENIDA CENTRAL,JARDIM CORONEL,ITANHAEM
11743-616,AVENIDA CABUÇU,TROPICAL,ITANHAEM
11742-448,AVENIDA CABUÇU,NOSSA SENHORA DO SION,ITANHAEM
11747-754,AVENIDA CAVUSSÚ,JARDIM CORONEL,ITANHAEM
11746-304,AVENIDA CAMBURIÚ,CIBRATEL II,ITANHAEM
11741-196,AVENIDA CAMBUITUVA,MARROCOS,ITANHAEM
11747-820,AVENIDA CORONEL SECKLER,JARDIM CORONEL,ITANHAEM
11743-360,AVENIDA CENTRAL DIREITA,GUAPURÁ,ITANHAEM
11743-342,AVENIDA CENTRAL ESQUERDA,GUAPURÁ,ITANHAEM
11749-052,AVENIDA CARLOS JOÃO DONNER,TUPY,ITANHAEM
11749-560,AVENIDA CLARA MARTINS ZWARG,BOPIRANGA,ITANHAEM
11750-260,AVENIDA CARLOS JOÃO DONNER,SÃO FERNANDO (CHÁCARAS),ITANHAEM
11740-050,AVENIDA CONDESSA DE VIMIEIROS,CENTRO,ITANHAEM
11740-898,AVENIDA CONDESSA DE VIMIEIROS,JARDIM SUARÃO (PRAIA),ITANHAEM
11740-398,AVENIDA CONDESSA DE VIMIEIROS,SATÉLITE,ITANHAEM
11740-052,AVENIDA CONDESSA DE VIMIEIROS,CENTRO,ITANHAEM
11747-764,AVENIDA CONCEIÇÃO DE ITANHAEM,JARDIM CORONEL,ITANHAEM
11740-440,AVENIDA CARLOS GOMES DE CAMARGO,SATÉLITE,ITANHAEM
11742-712,AVENIDA CARLOS GOMES DE CAMARGO,LARANJEIRAS,ITANHAEM
11746-394,AVENIDA CLODOMIRO DE SOUZA SILVEIRA,CIBRATEL II,ITANHAEM
11749-664,AVENIDA D,BOPIRANGA,ITANHAEM
11752-272,AVENIDA D,JARDIM ANCHIETA,ITANHAEM
11749-572,AVENIDA DOIS,BOPIRANGA,ITANHAEM
11741-218,AVENIDA DOIS,MARROCOS,ITANHAEM
11752-290,AVENIDA DOIS,JARDIM ANCHIETA,ITANHAEM
11750-292,AVENIDA DOIS,SÃO FERNANDO (CHÁCARAS),ITANHAEM
11754-424,AVENIDA DOIS,GAIVOTA (PRAIA),ITANHAEM
11741-698,AVENIDA DA FRANÇA,JARDIM SUARÃO (INTERIOR),ITANHAEM
11740-886,AVENIDA DA FRANÇA,JARDIM SUARÃO (PRAIA),ITANHAEM
11740-874,AVENIDA DO TELEGRAFO,JARDIM SUARÃO (PRAIA),ITANHAEM
11740-556,AVENIDA DO TELÉGRAFO,NOVA ITANHAÉM (PRAIA),ITANHAEM
11741-178,AVENIDA DO TELÉGRAFO,MARROCOS,ITANHAEM
11741-086,AVENIDA DO TELÉGRAFO,CAMPOS ELISEOS,ITANHAEM
11740-514,AVENIDA DO TELÉGRAFO,GUARDA CIVIL,ITANHAEM
11748-470,AVENIDA DOS FEIRANTES,JARDIM CORONEL,ITANHAEM
11747-826,AVENIDA DUÍLIO FILIPPINI,JARDIM CORONEL,ITANHAEM
11740-010,AVENIDA DEMERVAL PEREIRA LEITE,CENTRO,ITANHAEM
11740-846,AVENIDA DOUTOR ATALIBA NOGUEIRA,JARDIM SUARÃO (PRAIA),ITANHAEM
11740-788,AVENIDA DOUTOR JOSÉ PEIXE ABADE,JARDIM SUARÃO (PRAIA),ITANHAEM
11740-702,AVENIDA DOUTOR JOSÉ PEIXE ABADE,SUARÃO,ITANHAEM
11740-600,AVENIDA DOUTOR JOSÉ PEIXE ABADE,NOVA ITANHAÉM (PRAIA),ITANHAEM
11748-010,AVENIDA DOMINGOS PERES DOMINGUES,JARDIM CORONEL,ITANHAEM
11742-050,AVENIDA DOUTOR LEOCADIO JOSÉ CORREA,JARDIM SUARÃO (INTERIOR),ITANHAEM
11742-374,AVENIDA DOUTOR LEOCADIO JOSÉ CORREA,NOSSA SENHORA DO SION,ITANHAEM
11755-070,AVENIDA DORACI TRANQUELIN DE VINCENTE,GAIVOTA (INTERIOR),ITANHAEM
11754-792,AVENIDA DORACI TRANQUELIN DE VINCENTE,GAIVOTA (PRAIA),ITANHAEM
11746-210,AVENIDA DOUTOR EDSON BAPTISTA DE ANDRADE,CIBRATEL I,ITANHAEM
11751-304,AVENIDA DOUTOR ANTONIO RIBEIRO NOGUEIRA JÚNIOR,CIBRATEL (CHÁCARAS),ITANHAEM
11741-392,AVENIDA ESTHER,LOTY,ITANHAEM
11741-192,AVENIDA ESTHER,MARROCOS,ITANHAEM
11749-386,AVENIDA EUROPA,BOPIRANGA,ITANHAEM
11754-060,AVENIDA EXISTENTE,JAMAICA (PRAIA),ITANHAEM
11746-366,AVENIDA ESTADOS UNIDOS,CIBRATEL II,ITANHAEM
11742-614,AVENIDA EMILIA ALVES MÜLLER,SAVOY,ITANHAEM
11743-514,AVENIDA EMILIA ALVES MÜLLER,TROPICAL,ITANHAEM
11740-536,AVENIDA EMILIA ALVES MÜLLER,NOVA ITANHAÉM (PRAIA),ITANHAEM
11755-520,AVENIDA EDITH PRETTYMAN MOREIRA,GAIVOTA (INTERIOR),ITANHAEM
11742-556,AVENIDA ENGENHEIRO JOSÉ DE BARROS SARAIVA,NOVA ITANHAÉM (INTERIOR),ITANHAEM
11743-530,AVENIDA ENGENHEIRO JOSÉ DE BARROS SARAIVA,TROPICAL,ITANHAEM
11740-544,AVENIDA ENGENHEIRO JOSÉ DE BARROS SARAIVA,NOVA ITANHAÉM (PRAIA),ITANHAEM
11748-076,AVENIDA FLUVIAL,JARDIM CORONEL,ITANHAEM
11748-054,AVENIDA FLUVIAL,JARDIM CORONEL,ITANHAEM
11756-704,AVENIDA FORTALEZA,JAMAICA (INTERIOR),ITANHAEM
11740-973,AVENIDA FLACIDES FERREIRA,GAIVOTA (PRAIA),ITANHAEM
11755-402,AVENIDA FLACIDES FERREIRA,GAIVOTA (INTERIOR),ITANHAEM
11754-646,AVENIDA FLACIDES FERREIRA,GAIVOTA (PRAIA),ITANHAEM
11741-706,AVENIDA FRANCIS LOUIS MORRELL,JARDIM SUARÃO (INTERIOR),ITANHAEM
11740-870,AVENIDA FRANCIS LOUIS MORRELL,JARDIM SUARÃO (PRAIA),ITANHAEM
11741-274,AVENIDA FRANCISCO ANTONIO MENDES CARUSO,LOTY,ITANHAEM
11741-258,AVENIDA FRANCISCO ANTONIO MENDES CARUSO,MARROCOS,ITANHAEM
11747-824,AVENIDA GUILHERMINA,JARDIM CORONEL,ITANHAEM
11746-292,AVENIDA GONÇALO MONTEIRO,CIBRATEL II,ITANHAEM
11754-002,AVENIDA GOVERNADOR MÁRIO COVAS JÚNIOR,JAMAICA (PRAIA),ITANHAEM
11749-002,AVENIDA GOVERNADOR MÁRIO COVAS JÚNIOR,TUPY,ITANHAEM
11749-330,AVENIDA GOVERNADOR MÁRIO COVAS JÚNIOR,BOPIRANGA,ITANHAEM
11754-412,AVENIDA GOVERNADOR MÁRIO COVAS JÚNIOR,GAIVOTA (PRAIA),ITANHAEM
11746-272,AVENIDA GOVERNADOR MÁRIO COVAS JÚNIOR,CIBRATEL II,ITANHAEM
11756-722,AVENIDA HONDURAS,JAMAICA (INTERIOR),ITANHAEM
11746-546,AVENIDA HARRY FORSSELL,CORUMBA,ITANHAEM
11746-756,AVENIDA HARRY FORSSELL,BELAS ARTES,ITANHAEM
11746-694,AVENIDA HARRY FORSSELL,BELAS ARTES,ITANHAEM
11740-972,AVENIDA HARRY FORSSELL,BELAS ARTES,ITANHAEM
11740-306,AVENIDA HUMBERTO ATAULO,JARDIM IVOTY,ITANHAEM
11740-210,AVENIDA HUMBERTO ATAULO,MOSTEIRO,ITANHAEM
11748-072,AVENIDA HORIZONTAL NORTE,JARDIM CORONEL,ITANHAEM
11748-052,AVENIDA HORIZONTAL NORTE,JARDIM CORONEL,ITANHAEM
11740-822,AVENIDA IPIRANGA,JARDIM SUARÃO (PRAIA),ITANHAEM
11741-786,AVENIDA IPIRANGA,JARDIM SUARÃO (INTERIOR),ITANHAEM
11749-390,AVENIDA ISTAMBUL,BOPIRANGA,ITANHAEM
11741-088,AVENIDA ITANHAÉM,CAMPOS ELISEOS,ITANHAEM
11748-216,AVENIDA INTERNACIONAL,JARDIM CORONEL,ITANHAEM
11747-756,AVENIDA ISABEL OLIVEIRA MARTINS,JARDIM CORONEL,ITANHAEM
11740-890,AVENIDA JUQUIÁ,JARDIM SUARÃO (PRAIA),ITANHAEM
11756-662,AVENIDA JULINHA,JAMAICA (INTERIOR),ITANHAEM
11754-104,AVENIDA JULINHA,JAMAICA (PRAIA),ITANHAEM
11746-262,AVENIDA JORGE MAHFUZ,CIBRATEL II,ITANHAEM
11746-214,AVENIDA JOSEF PALLER,CIBRATEL I,ITANHAEM
11746-252,AVENIDA JORGE MAHFUZ,CIBRATEL I,ITANHAEM
11744-240,AVENIDA JOSÉ VERGARA,AGUAPEÚ,ITANHAEM
11740-394,AVENIDA JAIME DE CASTRO,SATÉLITE,ITANHAEM
11740-112,AVENIDA JAIME DE CASTRO,VILA SÃO PAULO,ITANHAEM
11746-298,AVENIDA JOSÉ DE ANCHIETA,CIBRATEL II,ITANHAEM
11740-004,AVENIDA JOÃO BATISTA LEAL,CENTRO,ITANHAEM
11754-786,AVENIDA JARDIM DA ESTAÇÃO,GAIVOTA (PRAIA),ITANHAEM
11742-772,AVENIDA JOSÉ BATISTA CAMPOS,LARANJEIRAS,ITANHAEM
11740-206,AVENIDA JOSÉ BATISTA CAMPOS,MOSTEIRO,ITANHAEM
11742-959,AVENIDA JOSÉ BATISTA CAMPOS,LARANJEIRAS,ITANHAEM
11740-342,AVENIDA JOSÉ BATISTA CAMPOS,CIDADE ANCHIETA,ITANHAEM
11740-976,AVENIDA JOSÉ BATISTA CAMPOS,LARANJEIRAS,ITANHAEM
11740-114,AVENIDA JOSÉ GARCIA IGLESIAS,VILA SÃO PAULO,ITANHAEM
11750-102,AVENIDA JOSE FIRMINO DOS SANTOS,SÃO FERNANDO (CHÁCARAS),ITANHAEM
11749-294,AVENIDA JOSE FIRMINO DOS SANTOS,TUPY,ITANHAEM
11749-114,AVENIDA JOSE FIRMINO DOS SANTOS,TUPY,ITANHAEM
11749-352,AVENIDA JOSE FIRMINO DOS SANTOS,BOPIRANGA,ITANHAEM
11749-332,AVENIDA JOSE FIRMINO DOS SANTOS,BOPIRANGA,ITANHAEM
11747-302,AVENIDA JOSÉ PEDRO TOMAZ DE AQUINO,UMUARAMA,ITANHAEM
11751-548,AVENIDA K,JARDIM ANCHIETA,ITANHAEM
11741-194,AVENIDA KALILI,MARROCOS,ITANHAEM
11741-310,AVENIDA LYDIA,LOTY,ITANHAEM
11741-240,AVENIDA LYDIA,MARROCOS,ITANHAEM
11740-442,AVENIDA LUIZ ROBERTO ARRUDA,SATÉLITE,ITANHAEM
11754-058,AVENIDA LUIZ ROBERTO NACCARATO JÚNIOR,JAMAICA (PRAIA),ITANHAEM
11749-594,AVENIDA LUIZ ROBERTO NACCARATO JÚNIOR,BOPIRANGA,ITANHAEM
11741-094,AVENIDA MARCIA,CAMPOS ELISEOS,ITANHAEM
11741-190,AVENIDA MARAJÁ,MARROCOS,ITANHAEM
11756-724,AVENIDA MÉXICO,JAMAICA (INTERIOR),ITANHAEM
11740-100,AVENIDA MARGINAL,CENTRO,ITANHAEM
11757-702,AVENIDA MARGINAL,JAMAICA (INTERIOR),ITANHAEM
11755-014,AVENIDA MARGINAL,GAIVOTA (INTERIOR),ITANHAEM
11742-676,AVENIDA MARGINAL,SAVOY,ITANHAEM
11740-336,AVENIDA MARGINAL,CIDADE ANCHIETA,ITANHAEM
11742-752,AVENIDA MARGINAL,LARANJEIRAS,ITANHAEM
11741-330,AVENIDA MARGINAL,LOTY,ITANHAEM
11740-124,AVENIDA MARGINAL,VILA SÃO PAULO,ITANHAEM
11741-208,AVENIDA MARGINAL,MARROCOS,ITANHAEM
11757-102,AVENIDA MONTEZUMA,JAMAICA (INTERIOR),ITANHAEM
11740-888,AVENIDA MARGINAL LESTE,JARDIM SUARÃO (PRAIA),ITANHAEM
11741-066,AVENIDA MARGINAL CINCO,CAMPOS ELISEOS,ITANHAEM
11741-672,AVENIDA MARGINAL OESTE,JARDIM SUARÃO (INTERIOR),ITANHAEM
11741-394,AVENIDA MARGINAL OESTE,LOTY,ITANHAEM
11741-184,AVENIDA MARGINAL LESTE,MARROCOS,ITANHAEM
11740-560,AVENIDA MARGINAL QUATRO,NOVA ITANHAÉM (PRAIA),ITANHAEM
11741-064,AVENIDA MARIA ALBERTINA,CAMPOS ELISEOS,ITANHAEM
11741-062,AVENIDA MARGINAL QUATRO,CAMPOS ELISEOS,ITANHAEM
11742-518,AVENIDA MUSTAFÁ ABBASI,NOVA ITANHAÉM (INTERIOR),ITANHAEM
11742-516,AVENIDA MUSTAFÁ ABBASI,NOVA ITANHAÉM (INTERIOR),ITANHAEM
11740-232,AVENIDA MARECHAL RONDOM,MOSTEIRO,ITANHAEM
11741-574,AVENIDA MARIA ALBERTINA,VERDE MAR,ITANHAEM
11743-584,AVENIDA MUSTAFÁ ABBASI,TROPICAL,ITANHAEM
11743-556,AVENIDA MUSTAFÁ ABBASI,TROPICAL,ITANHAEM
11746-338,AVENIDA MARGINAL DIREITA,CIBRATEL II,ITANHAEM
11746-340,AVENIDA MARGINAL ESQUERDA,CIBRATEL II,ITANHAEM
11754-770,AVENIDA MARIA DUARTE SIMOES,GAIVOTA (PRAIA),ITANHAEM
11755-522,AVENIDA MANOEL MARQUES SILVEIRA,GAIVOTA (INTERIOR),ITANHAEM
11746-710,AVENIDA MANOEL FRANCISCO LISBOA,BELAS ARTES,ITANHAEM
11748-420,AVENIDA MARCO ANTONIO DE OLIVEIRA,JARDIM CORONEL,ITANHAEM
11746-192,AVENIDA MARIA HELENA BRAGA DE ALMEIDA BAPTISTA,CIBRATEL I,ITANHAEM
11749-442,AVENIDA MARINA DA CONCEIÇÃO AMICUCCI RODRIGUES,BOPIRANGA,ITANHAEM
11757-150,AVENIDA N,JAMAICA (INTERIOR),ITANHAEM
11757-008,AVENIDA N,JAMAICA (INTERIOR),ITANHAEM
11749-508,AVENIDA NOVE,BOPIRANGA,ITANHAEM
11754-124,AVENIDA NOVARO,JAMAICA (PRAIA),ITANHAEM
11741-676,AVENIDA NEVADA,JARDIM SUARÃO (INTERIOR),ITANHAEM
11750-258,AVENIDA NELSON DE BARROS,SÃO FERNANDO (CHÁCARAS),ITANHAEM
11749-054,AVENIDA NELSON DE BARROS,TUPY,ITANHAEM
11747-734,AVENIDA NOSSA SENHORA DE PERUÍBE,JARDIM CORONEL,ITANHAEM
11746-808,AVENIDA ORLANDO DIZ,GUAPIRANGA,ITANHAEM
11740-284,AVENIDA OSWALDO CRUZ,JARDIM IVOTY,ITANHAEM
11740-894,AVENIDA PARIS,JARDIM SUARÃO (PRAIA),ITANHAEM
11741-696,AVENIDA PARIS,JARDIM SUARÃO (INTERIOR),ITANHAEM
11747-822,AVENIDA PARANÁ,JARDIM CORONEL,ITANHAEM
11749-408,AVENIDA PORTUGAL,BOPIRANGA,ITANHAEM
11749-472,AVENIDA PARAGUAI,BOPIRANGA,ITANHAEM
11747-784,AVENIDA POLÔNIA,JARDIM CORONEL,ITANHAEM
11741-364,AVENIDA PRAIAMAR,LOTY,ITANHAEM
11741-202,AVENIDA PRAIAMAR,MARROCOS,ITANHAEM
11746-012,AVENIDA PADRE ANCHIETA,PRAIA DOS SONHOS,ITANHAEM
11740-024,AVENIDA PEDRO DE TOLEDO,CENTRO,ITANHAEM
11740-548,AVENIDA PRESIDENTE VARGAS,NOVA ITANHAÉM (PRAIA),ITANHAEM
11740-790,AVENIDA PRESIDENTE VARGAS,JARDIM SUARÃO (PRAIA),ITANHAEM
11740-048,AVENIDA PRESIDENTE VARGAS,CENTRO,ITANHAEM
11746-308,AVENIDA PADRE JOÃO DANIEL,CIBRATEL II,ITANHAEM
11746-018,AVENIDA PRESIDENTE KENNEDY,PRAIA DOS SONHOS,ITANHAEM
11746-802,AVENIDA PAULO JOSÉ DE MORAES,GUAPIRANGA,ITANHAEM
11746-296,AVENIDA PADRE MANOEL DA NOBREGA,CIBRATEL II,ITANHAEM
11749-078,AVENIDA PEDRO WALMORE DE ARAÚJO,TUPY,ITANHAEM
11750-254,AVENIDA PEDRO WALMORE DE ARAÚJO,SÃO FERNANDO (CHÁCARAS),ITANHAEM
11749-186,AVENIDA PEDRO CARLOS GERONIMO SOARES,TUPY,ITANHAEM
11749-072,AVENIDA PEDRO CARLOS GERONIMO SOARES,TUPY,ITANHAEM
11750-256,AVENIDA PEDRO CARLOS GERONIMO SOARES,SÃO FERNANDO (CHÁCARAS),ITANHAEM
11751-302,AVENIDA PROFESSOR VICENTE CAETANO LIMA,CIBRATEL (CHÁCARAS),ITANHAEM
11747-002,AVENIDA PROFESSOR VICENTE CAETANO LIMA,SABAÚNA,ITANHAEM
11746-218,AVENIDA PAULO ROBERTO REZENDE DE CAMPOS MAIA,CIBRATEL I,ITANHAEM
11741-054,AVENIDA QUATRO,CAMPOS ELISEOS,ITANHAEM
11756-664,AVENIDA RECIFE,JAMAICA (INTERIOR),ITANHAEM
11742-748,AVENIDA RIO SERRA,LARANJEIRAS,ITANHAEM
11746-204,AVENIDA RAUL CURY,CIBRATEL I,ITANHAEM
11741-060,AVENIDA RUI BARBOSA,CAMPOS ELISEOS,ITANHAEM
11740-054,AVENIDA RUI BARBOSA,CENTRO,ITANHAEM
11740-464,AVENIDA RUI BARBOSA,GUARDA CIVIL,ITANHAEM
11740-558,AVENIDA RUI BARBOSA,NOVA ITANHAÉM (PRAIA),ITANHAEM
11741-002,AVENIDA RUI BARBOSA,JARDIM SUARÃO (PRAIA),ITANHAEM
11740-444,AVENIDA RUI BARBOSA,SATÉLITE,ITANHAEM
11740-056,AVENIDA RUI BARBOSA,CENTRO,ITANHAEM
11756-672,AVENIDA RIO DE JANEIRO,JAMAICA (INTERIOR),ITANHAEM
11755-004,AVENIDA RIO DE JANEIRO,GAIVOTA (INTERIOR),ITANHAEM
11754-812,AVENIDA RIO DE JANEIRO,GAIVOTA (PRAIA),ITANHAEM
11747-818,AVENIDA RIO DE JANEIRO,JARDIM CORONEL,ITANHAEM
11743-552,AVENIDA RIBEIRÃO PRETO,TROPICAL,ITANHAEM
11747-860,AVENIDA RIBEIRÃO PRETO,JARDIM CORONEL,ITANHAEM
11742-522,AVENIDA RIBEIRÃO PRETO,NOVA ITANHAÉM (INTERIOR),ITANHAEM
11748-528,AVENIDA RIO PRETO DE ITANHAEM,JARDIM CORONEL,ITANHAEM
11746-058,AVENIDA ROBERTO IWAKICHI URAGUCHI,PRAIA DOS SONHOS,ITANHAEM
11742-520,AVENIDA SANTOS,NOVA ITANHAÉM (INTERIOR),ITANHAEM
11743-546,AVENIDA SANTOS,TROPICAL,ITANHAEM
11740-826,AVENIDA SUARÃO,JARDIM SUARÃO (PRAIA),ITANHAEM
11740-722,AVENIDA SUARÃO,SUARÃO,ITANHAEM
11746-236,AVENIDA SOROCABANA,CIBRATEL I,ITANHAEM
11740-884,AVENIDA SOROCABANA,JARDIM SUARÃO (PRAIA),ITANHAEM
11740-810,AVENIDA SOROCABANA,JARDIM SUARÃO (PRAIA),ITANHAEM
11741-406,AVENIDA SÃO PAULO,LOTY,ITANHAEM
11741-224,AVENIDA SOROCABANA,MARROCOS,ITANHAEM
11754-858,AVENIDA SANTA CRUZ,GAIVOTA (PRAIA),ITANHAEM
11741-174,AVENIDA SÃO PAULO,MARROCOS,ITANHAEM
11746-322,AVENIDA SOROCABANA,CIBRATEL II,ITANHAEM
11755-002,AVENIDA SANTA CRUZ,GAIVOTA (INTERIOR),ITANHAEM
11746-264,AVENIDA SOROCABANA,CIBRATEL II,ITANHAEM
11740-446,AVENIDA SOROCABANA,SATÉLITE,ITANHAEM
11749-076,AVENIDA SOROCABANA,TUPY,ITANHAEM
11743-562,AVENIDA SANTO ANDRÉ,TROPICAL,ITANHAEM
11742-512,AVENIDA SANTO ANDRÉ,NOVA ITANHAÉM (INTERIOR),ITANHAEM
11744-048,AVENIDA STEFAN MÜLLER,AGUAPEÚ,ITANHAEM
11747-762,AVENIDA SANTA GERTRUDES,JARDIM CORONEL,ITANHAEM
11740-546,AVENIDA SÃO LEOPOLDO MANDIC,NOVA ITANHAÉM (PRAIA),ITANHAEM
11742-552,AVENIDA SÃO LEOPOLDO MANDIC,NOVA ITANHAÉM (INTERIOR),ITANHAEM
11743-534,AVENIDA SÃO LEOPOLDO MANDIC,TROPICAL,ITANHAEM
11749-596,AVENIDA SEBASTIÃO OLEGÁRIO PINTO,BOPIRANGA,ITANHAEM
11754-054,AVENIDA SEBASTIÃO OLEGÁRIO PINTO,JAMAICA (PRAIA),ITANHAEM
11741-220,AVENIDA TRÊS,MARROCOS,ITANHAEM
11752-306,AVENIDA TRÊS,JARDIM ANCHIETA,ITANHAEM
11740-678,AVENIDA TIETÊ,SUARÃO,ITANHAEM
11750-502,AVENIDA TAMOIOS,CIBRATEL (CHÁCARAS),ITANHAEM
11750-436,AVENIDA TAMOIOS,SÃO FERNANDO (CHÁCARAS),ITANHAEM
11749-034,AVENIDA TAMOIOS,TUPY,ITANHAEM
11749-260,AVENIDA TOMO KIDA,TUPY,ITANHAEM
11740-214,AVENIDA TIRADENTES,MOSTEIRO,ITANHAEM
11749-082,AVENIDA TEREZA GIACOMO,TUPY,ITANHAEM
11746-860,AVENIDA UM,GUAPIRANGA,ITANHAEM
11756-406,AVENIDA UM,JAMAICA (INTERIOR),ITANHAEM
11750-290,AVENIDA UM,SÃO FERNANDO (CHÁCARAS),ITANHAEM
11749-826,AVENIDA UM,SÃO FERNANDO (CHÁCARAS),ITANHAEM
11752-070,AVENIDA UM,JARDIM ANCHIETA,ITANHAEM
11749-582,AVENIDA UM,BOPIRANGA,ITANHAEM
11746-008,AVENIDA ULISSES FERRO,PRAIA DOS SONHOS,ITANHAEM
11748-056,AVENIDA VERTICAL,JARDIM CORONEL,ITANHAEM
11741-404,AVENIDA VERDE MAR,LOTY,ITANHAEM
11741-186,AVENIDA VERDE MAR,MARROCOS,ITANHAEM
11746-040,AVENIDA VICENTE DE CARVALHO,PRAIA DOS SONHOS,ITANHAEM
11754-630,AVENIDA VEREADOR ARMANDO FERREIRA,GAIVOTA (PRAIA),ITANHAEM
11755-434,AVENIDA VEREADOR ARMANDO FERREIRA,GAIVOTA (INTERIOR),ITANHAEM
11741-260,AVENIDA VEREADOR ANTONIO CARLOS DE ALMEIDA,MARROCOS,ITANHAEM
11747-782,AVENIDA WALDA,JARDIM CORONEL,ITANHAEM
11746-774,AVENIDA WALTER MULLER,BELAS ARTES,ITANHAEM
11742-558,AVENIDA WALTER MIRANDA,NOVA ITANHAÉM (INTERIOR),ITANHAEM
11743-526,AVENIDA WALTER MIRANDA,TROPICAL,ITANHAEM
11740-542,AVENIDA WALTER MIRANDA,NOVA ITANHAÉM (PRAIA),ITANHAEM
11754-672,AVENIDA WALTER APELIAN,GAIVOTA (PRAIA),ITANHAEM
11743-476,AVENIDA WALTER MIRANDA,GUAPURÁ,ITANHAEM
11740-028,AVENIDA WASHINGTON LUIZ,CENTRO,ITANHAEM
11740-030,AVENIDA WASHINGTON LUIZ,CENTRO,ITANHAEM
11746-128,AVENIDA WALLACE ARTHUR SKERRAT,PRAIA DOS SONHOS,ITANHAEM
11741-362,AVENIDA WALTER FRANCISCO CASTELLAN,LOTY,ITANHAEM
11741-206,AVENIDA WALTER FRANCISCO CASTELLAN,MARROCOS,ITANHAEM
11744-770,ALAMEDA AMOREIRAS,RAMINHO,ITANHAEM
11741-342,ALAMEDA ACLIMAÇÃO,LOTY,ITANHAEM
11741-222,ALAMEDA ACLIMAÇÃO,MARROCOS,ITANHAEM
11747-342,ALAMEDA ABILIO PADOVAN,UMUARAMA,ITANHAEM
11748-042,ALAMEDA ARY PINTO COSTA,JARDIM CORONEL,ITANHAEM
11748-044,ALAMEDA ANTONIO DE JESUS,JARDIM CORONEL,ITANHAEM
11748-020,ALAMEDA AMALVE PEDRO MUNIZ,JARDIM CORONEL,ITANHAEM
11748-048,ALAMEDA ALEXANDRE DOS SANTOS,JARDIM CORONEL,ITANHAEM
11748-012,ALAMEDA AUTO BRAZ DE OLIVEIRA,JARDIM CORONEL,ITANHAEM
11748-018,ALAMEDA ANTONIO LAMPING FILHO,JARDIM CORONEL,ITANHAEM
11744-800,ALAMEDA BANANEIRAS,RAMINHO,ITANHAEM
11756-676,ALAMEDA CIRCULAR,JAMAICA (INTERIOR),ITANHAEM
11744-790,ALAMEDA CAJUEIROS,RAMINHO,ITANHAEM
11741-140,ALAMEDA CAMPOS ELÍSEOS,CAMPOS ELISEOS,ITANHAEM
11746-002,ALAMEDA EMIDIO DE SOUSA,PRAIA DOS SONHOS,ITANHAEM
11748-022,ALAMEDA EDITH HONORATO DA SILVA,JARDIM CORONEL,ITANHAEM
11748-026,ALAMEDA FLÁVIO DOHNAL,JARDIM CORONEL,ITANHAEM
11751-354,ALAMEDA FRANCISCO ANDRÉ DE LIMA,CIBRATEL (CHÁCARAS),ITANHAEM
11748-050,ALAMEDA FRANCISCO MONTEIRO DA SILVA,JARDIM CORONEL,ITANHAEM
11741-484,ALAMEDA GUARAÇAI,VERDE MAR,ITANHAEM
11741-152,ALAMEDA GUARAÇAI,MARROCOS,ITANHAEM
11744-720,ALAMEDA GOIABEIRAS,RAMINHO,ITANHAEM
11748-030,ALAMEDA HELIO MARIETTO,JARDIM CORONEL,ITANHAEM
11754-140,ALAMEDA ITANHAÉM,JAMAICA (PRAIA),ITANHAEM
11744-730,ALAMEDA JAQUEIRAS,RAMINHO,ITANHAEM
11748-028,ALAMEDA JOSÉ KLEIN,JARDIM CORONEL,ITANHAEM
11744-780,ALAMEDA JABUTICABEIRAS,RAMINHO,ITANHAEM
11748-472,ALAMEDA JOAQUIM DE PAULA SOUZA,JARDIM CORONEL,ITANHAEM
11748-508,ALAMEDA JOSÉ SOARES CARVALHAES,JARDIM CORONEL,ITANHAEM
11748-024,ALAMEDA JOÃO BERNARDO NOGUEIRA,JARDIM CORONEL,ITANHAEM
11747-344,ALAMEDA JUREMA GAUDÊNCIO DUARTE,UMUARAMA,ITANHAEM
11748-474,ALAMEDA JOÃO THEOBALDO PAMPLONA,JARDIM CORONEL,ITANHAEM
11744-740,ALAMEDA LARANJEIRAS,RAMINHO,ITANHAEM
11744-710,ALAMEDA MANGUEIRA,RAMINHO,ITANHAEM
11748-046,ALAMEDA OCTACILIO CARNEIRO DA SILVA,JARDIM CORONEL,ITANHAEM
11744-750,ALAMEDA PESSEGUEIROS,RAMINHO,ITANHAEM
11747-346,ALAMEDA QUATRO,UMUARAMA,ITANHAEM
11748-014,ALAMEDA ROSA LEONTINA MORAES ALMEIDA,JARDIM CORONEL,ITANHAEM
11740-716,TRAVESSA ARACY,SUARÃO,ITANHAEM
11749-446,TRAVESSA AMÉRICA,BOPIRANGA,ITANHAEM
11740-674,TRAVESSA ARARANGABA,SUARÃO,ITANHAEM
11742-736,TRAVESSA ALFREDO ALMEIDA FRIAS,LARANJEIRAS,ITANHAEM
11740-082,TRAVESSA ALBERTO DUARTE FERREIRA,CENTRO,ITANHAEM
11740-062,TRAVESSA AMÉLIA RIBEIRO NICOLINI,CENTRO,ITANHAEM
11742-792,TRAVESSA ANTÔNIO DAMIÃO REBOUÇAS,LARANJEIRAS,ITANHAEM
11742-740,TRAVESSA AMÉLIA LOPES DE OLIVEIRA FURTADO,LARANJEIRAS,ITANHAEM
11746-640,TRAVESSA BELMIRO DE ALMEIDA,CORUMBA,ITANHAEM
11740-596,TRAVESSA BENEDITO RIBEIRO DE CARVALHO,NOVA ITANHAÉM (PRAIA),ITANHAEM
11742-762,TRAVESSA CEARÁ,LARANJEIRAS,ITANHAEM
11740-714,TRAVESSA CAJURU,SUARÃO,ITANHAEM
11740-428,TRAVESSA CAPITÃO ÁVILA,SATÉLITE,ITANHAEM
11742-744,TRAVESSA CLEUZA MORATO PEREIRA,LARANJEIRAS,ITANHAEM
11756-690,TRAVESSA DOIS,JAMAICA (INTERIOR),ITANHAEM
11755-596,TRAVESSA DOIS,GAIVOTA (INTERIOR),ITANHAEM
11742-776,TRAVESSA DIANA,LARANJEIRAS,ITANHAEM
11755-586,TRAVESSA DAVID BIRKETT,GAIVOTA (INTERIOR),ITANHAEM
11740-042,TRAVESSA DONA ALBERTINA,CENTRO,ITANHAEM
11743-236,TRAVESSA EFIGÊNIA ALVES DA CUNHA,JARDIM OÁSIS,ITANHAEM
11740-704,TRAVESSA ITAPEMA,SUARÃO,ITANHAEM
11740-662,TRAVESSA ITUPEVA,SUARÃO,ITANHAEM
11740-692,TRAVESSA ITAPURA,SUARÃO,ITANHAEM
11746-022,TRAVESSA JORGE DEVAI,PRAIA DOS SONHOS,ITANHAEM
11740-660,TRAVESSA JOSÉ EDUARDO COMIM,SUARÃO,ITANHAEM
11740-430,TRAVESSA LUIZ OMURO,SATÉLITE,ITANHAEM
11740-434,TRAVESSA MIGUEL DE PONTES CAMARGO,SATÉLITE,ITANHAEM
11740-774,TRAVESSA MATHILDE BISTANI SABONGI,JARDIM SUARÃO (PRAIA),ITANHAEM
11740-432,TRAVESSA NELSON RAINHO,SATÉLITE,ITANHAEM
11740-700,TRAVESSA POTIGUAÇU,SUARÃO,ITANHAEM
11746-638,TRAVESSA PASCHOAL MOSOLINO,CORUMBA,ITANHAEM
11755-616,TRAVESSA QUATRO,GAIVOTA (INTERIOR),ITANHAEM
11742-790,TRAVESSA S,LARANJEIRAS,ITANHAEM
11740-712,TRAVESSA SÃO LUIZ,SUARÃO,ITANHAEM
11740-046,TRAVESSA SANTA LUZIA,CENTRO,ITANHAEM
11747-124,TRAVESSA SANTA ANA DE JESUS,SABAÚNA,ITANHAEM
11740-666,TRAVESSA SOTERO CAIO DE SOUZA,SUARÃO,ITANHAEM
11746-602,TRAVESSA SALVADOR RIBEIRO SOARES,CORUMBA,ITANHAEM
11755-606,TRAVESSA TRÊS,GAIVOTA (INTERIOR),ITANHAEM
11756-696,TRAVESSA TRÊS,JAMAICA (INTERIOR),ITANHAEM
11756-688,TRAVESSA UM,JAMAICA (INTERIOR),ITANHAEM
11749-810,TRAVESSA VITORIA,SÃO FERNANDO (CHÁCARAS),ITANHAEM
11746-580,VIELA JOÃO RAMOS,CORUMBA,ITANHAEM
11746-596,VIELA JOSÉ FERREIRA DA SILVA,CORUMBA,ITANHAEM
11740-246,VIELA JOSÉ VALQUIRIO DA SILVA,GUARAÚ,ITANHAEM
11740-248,VIELA MANOEL MARQUES,GUARAÚ,ITANHAEM
11747-158,VIELA QUATRO,SABAÚNA,ITANHAEM
11746-606,VIELA SEIS,CORUMBA,ITANHAEM
11746-810,VIELA TRÊS,GUAPIRANGA,ITANHAEM
11743-558,VIELA UM,TROPICAL,ITANHAEM
11746-042,PRAÇA AURÉLIO FERRARA,PRAIA DOS SONHOS,ITANHAEM
11740-020,PRAÇA BENEDITO CALIXTO,CENTRO,ITANHAEM
11740-040,PRAÇA CARLOS BOTELHO,CENTRO,ITANHAEM
11746-206,PRAÇA DOUTOR PROCOPIO RIBEIRO DOS SANTOS,CIBRATEL I,ITANHAEM
11746-220,PRAÇA EVANDRO DANTON FERREIRA GANDRA,CIBRATEL I,ITANHAEM
11746-302,PRAÇA GASPAR RICARDO,CIBRATEL II,ITANHAEM
11746-300,PRAÇA GIGETTO CANDIA,CIBRATEL II,ITANHAEM
11749-058,PRAÇA HERMINIA CAPPELLINI,TUPY,ITANHAEM
11749-174,PRAÇA JESUS ACÁCIO PEIXOTO,TUPY,ITANHAEM
11746-124,PRAÇA KARDEC RANGEL VELOSO,PRAIA DOS SONHOS,ITANHAEM
11749-010,PRAÇA LUCAS GRANELLO SANTELLO LINO,TUPY,ITANHAEM
11741-482,PRAÇA MARGINAL ANCHIETA,VERDE MAR,ITANHAEM
11740-044,PRAÇA NARCISO DE ANDRADE,CENTRO,ITANHAEM
11740-728,PRAÇA NOSSA SENHORA DO SION,SUARÃO,ITANHAEM
11740-032,PRAÇA PIO XII,CENTRO,ITANHAEM
11754-838,PRAÇA PERUHIBE,GAIVOTA (PRAIA),ITANHAEM
11754-852,PRAÇA PIASSAGUERA,GAIVOTA (PRAIA),ITANHAEM
11741-228,PRAÇA PAULO CAMPAROTTO,MARROCOS,ITANHAEM
11748-304,PRAÇA PARQUE BALNEÁRIO,JARDIM CORONEL,ITANHAEM
11748-526,PRAÇA RANULFO PAMPLONA,JARDIM CORONEL,ITANHAEM
11755-042,PRAÇA SANTA CRUZ,GAIVOTA (INTERIOR),ITANHAEM
11754-814,PRAÇA TANIGUA,GAIVOTA (PRAIA),ITANHAEM
11748-300,PRAÇA TIRADENTES,JARDIM CORONEL,ITANHAEM
11740-620,PRAÇA TURIBIO LEITE BARROS JÚNIOR,NOVA ITANHAÉM (PRAIA),ITANHAEM
11741-226,PRAÇA VENEZA,MARROCOS,ITANHAEM
11740-718,PRAÇA VEREADOR ARNALDO FERAZO,SUARÃO,ITANHAEM
11740-036,PRAÇA VEREADOR ERNESTO ZWARG JÚNIOR,CENTRO,ITANHAEM
11740-422,PRAÇA VEREADOR PAULO BAPTISTA DE ANDRADE,SATÉLITE,ITANHAEM
11743-274,PRAÇA VEREADOR ANTONIO ALEX FERREIRA DE SOUZA,JARDIM OÁSIS,ITANHAEM
11746-060,PRAÇA WALDEMAR SIMONI DE DOURADO,PRAIA DOS SONHOS,ITANHAEM
11740-016,PRAÇA 22 DE ABRIL,CENTRO,ITANHAEM
11742-034,PRAÇA 7 DE SETEMBRO,JARDIM SUARÃO (INTERIOR),ITANHAEM
11748-232,ESTRADA PARQUE FLUVIAL,JARDIM CORONEL,ITANHAEM
11747-338,RUA CELSO AIRES DA CUNHA,UMUARAMA,ITANHAEM
11742-570,RUA CÉLIO VIUDES CARRASCO,NOVA ITANHAÉM (INTERIOR),ITANHAEM
11749-820,RUA CELESTE DE JESUS ALVES DOS SANTOS,SÃO FERNANDO (CHÁCARAS),ITANHAEM
11744-264,RUA CÉSAR BATISTA DOS SANTOS,AGUAPEÚ,ITANHAEM
11748-160,RUA CECÍLIO ALEXANDRE TRINDADE,JARDIM CORONEL,ITANHAEM
11746-510,RUA JORDÃO BRAMBILLA,CORUMBA,ITANHAEM
11744-092,RUA JORGE ROSSMAMM NETO,AGUAPEÚ,ITANHAEM
11749-578,RUA JORGE SERCONEK FILHO,BOPIRANGA,ITANHAEM
11749-816,RUA JOEL AMARO DA SILVA,SÃO FERNANDO (CHÁCARAS),ITANHAEM
11748-238,RUA JOEL ARLINDO LUIZ CARVALHO,JARDIM CORONEL,ITANHAEM
11755-528,RUA JOVINIANO CARDOSO DO NASCIMENTO,GAIVOTA (INTERIOR),ITANHAEM
11748-458,RUA PAULO SÉRGIO DE OLIVEIRA,JARDIM CORONEL,ITANHAEM
11747-022,RUA PAULO FERREIRA DOS SANTOS,SABAÚNA,ITANHAEM
11754-768,RUA PAULO ANTONIO DE OLIVEIRA,GAIVOTA (PRAIA),ITANHAEM
11743-380,RUA PAULO CERVINHO CORREDOIRA,GUAPURÁ,ITANHAEM
11751-360,RUA PAULO JOSÉ MERINO DE ASSIS,CIBRATEL (CHÁCARAS),ITANHAEM
11747-850,RUA PASTOR SIVALDO TAVARES DA SILVA,JARDIM CORONEL,ITANHAEM
11741-788,RUA PADRE THEODORO RATISBONE,JARDIM SUARÃO (INTERIOR),ITANHAEM
11742-390,RUA PADRE DITINO DELLA PARTE,NOSSA SENHORA DO SION,ITANHAEM
11741-820,RUA PADRE DITINO DELLA PARTE,JARDIM SUARÃO (INTERIOR),ITANHAEM
11740-832,RUA PADRE AFONSO MARIA RATISBONE,JARDIM SUARÃO (PRAIA),ITANHAEM
11740-734,RUA PADRE AFONSO MARIA RATISBONE,SUARÃO,ITANHAEM
11746-234,RUA PADRE ROBERTO LANDELL DE MOURA,CIBRATEL I,ITANHAEM
11742-384,RUA PADRE JOÃO BATISTA DE CARVALHO,NOSSA SENHORA DO SION,ITANHAEM
11741-804,RUA PADRE JOÃO BATISTA DE CARVALHO,JARDIM SUARÃO (INTERIOR),ITANHAEM
11746-460,RUA CATHARINA GEHRTI GARCIA,CIBRATEL II,ITANHAEM
11754-670,RUA CATARINA GIMENES MARTINEZ,GAIVOTA (PRAIA),ITANHAEM
11740-612,RUA CAETANO LETTIERI,NOVA ITANHAÉM (PRAIA),ITANHAEM
11742-632,RUA CAPITÃO ARNALDO VALENTE,SAVOY,ITANHAEM
11741-052,RUA CAPITÃO AFONSO TESSITORE,CAMPOS ELISEOS,ITANHAEM
11741-612,RUA CAPITÃO AFONSO TESSITORE,VERDE MAR,ITANHAEM
11749-630,RUA CAPITÃO ALBERTO MENDES JÚNIOR,BOPIRANGA,ITANHAEM
11748-256,RUA CABO GILBERTO OLIVEIRA DA GUIA,JARDIM CORONEL,ITANHAEM
11754-662,RUA CANDIDO BATISTA DE SOUZA,GAIVOTA (PRAIA),ITANHAEM
11748-192,RUA CARLOS MAYR FILHO,JARDIM CORONEL,ITANHAEM
11741-708,RUA CARMEN I SCIGLIANO,JARDIM SUARÃO (INTERIOR),ITANHAEM
11746-216,RUA CARLOS RAMALHO FOZ,CIBRATEL I,ITANHAEM
11749-176,RUA CARLOS JOSÉ DA SILVA,TUPY,ITANHAEM
11747-334,RUA CARLOS AGRA FERNANDES,UMUARAMA,ITANHAEM
11741-056,RUA CARLOS DUARTE DA COSTA,CAMPOS ELISEOS,ITANHAEM
11743-474,RUA CARLOS EDUARDO MONTEIRO,GUAPURÁ,ITANHAEM
11743-462,RUA CARLOS ALBERTO CARVALHO BATISTA,GUAPURÁ,ITANHAEM
11749-818,RUA CARLOS FREDERICO MUNHOZ FERREIRA,SÃO FERNANDO (CHÁCARAS),ITANHAEM
11740-868,RUA CAMUCI MARTINS DE CASTRO,JARDIM SUARÃO (PRAIA),ITANHAEM
11748-184,RUA CASSIMIRO DAMBROSKI,JARDIM CORONEL,ITANHAEM
11747-356,RUA CASTOR ZABALA DOMINGUES,UMUARAMA,ITANHAEM
11747-358,RUA SEVERINO FIRMINO DA SILVA,UMUARAMA,ITANHAEM
11756-702,RUA SERGIPE,JAMAICA (INTERIOR),ITANHAEM
11754-570,RUA SERGIPE,GAIVOTA (PRAIA),ITANHAEM
11750-140,RUA SERINGUEIRA,SÃO FERNANDO (CHÁCARAS),ITANHAEM
11748-206,RUA SERGIO SIMÕES NEVES,JARDIM CORONEL,ITANHAEM
11747-372,RUA SERAPIÃO LOPES DE LIMA,UMUARAMA,ITANHAEM
11740-794,RUA SENADOR NILO COELHO,JARDIM SUARÃO (PRAIA),ITANHAEM
11740-796,RUA SENADOR TEOTONIO VILELLA,JARDIM SUARÃO (PRAIA),ITANHAEM
11746-004,RUA SEBASTIÃO DAS DORES,PRAIA DOS SONHOS,ITANHAEM
11749-558,RUA SEBASTIÃO MOREIRA LIMA,BOPIRANGA,ITANHAEM
11742-738,RUA SEBASTIÃO SALVINO BARRETO,LARANJEIRAS,ITANHAEM
11754-330,RUA SEBASTIÃO AMANCIO RIBEIRO,JAMAICA (PRAIA),ITANHAEM
11744-176,RUA SEBASTIÃO PAULO DE AGUIAR,AGUAPEÚ,ITANHAEM
11743-376,RUA SEIS,GUAPURÁ,ITANHAEM
11755-280,RUA SEIS,GAIVOTA (INTERIOR),ITANHAEM
11747-692,RUA SEIS,JARDIM CORONEL,ITANHAEM
11752-084,RUA SEIS,JARDIM ANCHIETA,ITANHAEM
11755-182,RUA SEIS,GAIVOTA (INTERIOR),ITANHAEM
11747-672,RUA SEIS,JARDIM CORONEL,ITANHAEM
11747-650,RUA SEIS,JARDIM CORONEL,ITANHAEM
11749-834,RUA SEIS,SÃO FERNANDO (CHÁCARAS),ITANHAEM
11741-536,RUA SEO WALTER MARTINS,VERDE MAR,ITANHAEM
11749-682,RUA SESSENTA,BOPIRANGA,ITANHAEM
11757-826,RUA SESSENTA,JAMAICA (INTERIOR),ITANHAEM
11751-708,RUA SESSENTA,JARDIM ANCHIETA,ITANHAEM
11757-828,RUA SESSENTA E UM,JAMAICA (INTERIOR),ITANHAEM
11751-722,RUA SESSENTA E UM,JARDIM ANCHIETA,ITANHAEM
11751-736,RUA SESSENTA E SETE,JARDIM ANCHIETA,ITANHAEM
11757-842,RUA SESSENTA E OITO,JAMAICA (INTERIOR),ITANHAEM
11757-164,RUA SESSENTA E OITO,JAMAICA (INTERIOR),ITANHAEM
11751-750,RUA SESSENTA E SEIS,JARDIM ANCHIETA,ITANHAEM
11757-844,RUA SESSENTA E NOVE,JAMAICA (INTERIOR),ITANHAEM
11757-158,RUA SESSENTA E DOIS,JAMAICA (INTERIOR),ITANHAEM
11751-714,RUA SESSENTA E OITO,JARDIM ANCHIETA,ITANHAEM
11757-830,RUA SESSENTA E DOIS,JAMAICA (INTERIOR),ITANHAEM
11751-740,RUA SESSENTA E NOVE,JARDIM ANCHIETA,ITANHAEM
11751-720,RUA SESSENTA E DOIS,JARDIM ANCHIETA,ITANHAEM
11757-840,RUA SESSENTA E SETE,JAMAICA (INTERIOR),ITANHAEM
11757-838,RUA SESSENTA E SEIS,JAMAICA (INTERIOR),ITANHAEM
11757-162,RUA SESSENTA E SEIS,JAMAICA (INTERIOR),ITANHAEM
11757-832,RUA SESSENTA E TRÊS,JAMAICA (INTERIOR),ITANHAEM
11757-836,RUA SESSENTA E CINCO,JAMAICA (INTERIOR),ITANHAEM
11751-778,RUA SESSENTA E CINCO,JARDIM ANCHIETA,ITANHAEM
11751-730,RUA SESSENTA E TRÊS,JARDIM ANCHIETA,ITANHAEM
11752-028,RUA SESSENTA E SETE A,JARDIM ANCHIETA,ITANHAEM
11757-160,RUA SESSENTA E QUATRO,JAMAICA (INTERIOR),ITANHAEM
11751-732,RUA SESSENTA E SEIS A,JARDIM ANCHIETA,ITANHAEM
11751-710,RUA SESSENTA E QUATRO,JARDIM ANCHIETA,ITANHAEM
11757-834,RUA SESSENTA E QUATRO,JAMAICA (INTERIOR),ITANHAEM
11751-724,RUA SESSENTA E CINCO A,JARDIM ANCHIETA,ITANHAEM
11743-542,RUA SEM NOMENCLATURA,TROPICAL,ITANHAEM
11746-726,RUA DORIVAL MARQUES,BELAS ARTES,ITANHAEM
11746-824,RUA DORIVAL MARIANO SILVA,GUAPIRANGA,ITANHAEM
11747-260,RUA DORA LUCIA GARAY FABREGUES,UMUARAMA,ITANHAEM
11754-460,RUA DOS UBIS,GAIVOTA (PRAIA),ITANHAEM
11755-890,RUA DOS JARAS,JAMAICA (INTERIOR),ITANHAEM
11755-720,RUA DOS LARAS,JAMAICA (INTERIOR),ITANHAEM
11755-760,RUA DOS BURIS,JAMAICA (INTERIOR),ITANHAEM
11755-708,RUA DOS BUCUS,JAMAICA (INTERIOR),ITANHAEM
11744-012,RUA DOS CIPOS,AGUAPEÚ,ITANHAEM
11742-444,RUA DOS LIRIOS,NOSSA SENHORA DO SION,ITANHAEM
11755-752,RUA DOS ACUMAS,JAMAICA (INTERIOR),ITANHAEM
11754-434,RUA DOS ACURIS,GAIVOTA (PRAIA),ITANHAEM
11741-884,RUA DOS LIRIOS,JARDIM SUARÃO (INTERIOR),ITANHAEM
11755-748,RUA DOS INDAIAS,JAMAICA (INTERIOR),ITANHAEM
11755-756,RUA DOS CATULES,JAMAICA (INTERIOR),ITANHAEM
11755-766,RUA DOS CARANAS,JAMAICA (INTERIOR),ITANHAEM
11754-490,RUA DOS MACAJAS,GAIVOTA (PRAIA),ITANHAEM
11754-438,RUA DOS JERIVAS,GAIVOTA (PRAIA),ITANHAEM
11754-454,RUA DOS BUTIÁS,GAIVOTA (PRAIA),ITANHAEM
11755-754,RUA DOS TURIRIS,JAMAICA (INTERIOR),ITANHAEM
11755-892,RUA DOS JAVARIS,JAMAICA (INTERIOR),ITANHAEM
11754-444,RUA DOS PALMITOS,GAIVOTA (PRAIA),ITANHAEM
11754-464,RUA DOS MACUMÃS,GAIVOTA (PRAIA),ITANHAEM
11748-406,RUA DOS INGLESES,JARDIM CORONEL,ITANHAEM
11754-436,RUA DOS CARANDAS,GAIVOTA (PRAIA),ITANHAEM
11754-470,RUA DOS URUCURIS,GAIVOTA (PRAIA),ITANHAEM
11754-442,RUA DOS BABASSUS,GAIVOTA (PRAIA),ITANHAEM
11749-202,RUA DOS XAVANTES,TUPY,ITANHAEM
11755-768,RUA DOS TUCUMÃS,JAMAICA (INTERIOR),ITANHAEM
11749-206,RUA DOS TIMBIRAS,TUPY,ITANHAEM
11754-474,RUA DOS PISSANDUS,GAIVOTA (PRAIA),ITANHAEM
11743-646,RUA DOS COQUEIROS,TROPICAL,ITANHAEM
11748-412,RUA DOS LIBANESES,JARDIM CORONEL,ITANHAEM
11748-410,RUA DOS JAPONESES,JARDIM CORONEL,ITANHAEM
11748-402,RUA DOS ITALIANOS,JARDIM CORONEL,ITANHAEM
11754-498,RUA DOS COQUEIROS,GAIVOTA (PRAIA),ITANHAEM
11754-494,RUA DOS UAÇAÇÁS,GAIVOTA (PRAIA),ITANHAEM
11746-148,RUA DOS FUNDADORES,CIBRATEL I,ITANHAEM
11749-204,RUA DOS NUARUAQUES,TUPY,ITANHAEM
11741-888,RUA DOS BRILHANTES,JARDIM SUARÃO (INTERIOR),ITANHAEM
11743-642,RUA DOS CAÇADORES,TROPICAL,ITANHAEM
11742-432,RUA DOS PIRIQUITOS,NOSSA SENHORA DO SION,ITANHAEM
11755-772,RUA DOS CAAXARAMAS,JAMAICA (INTERIOR),ITANHAEM
11748-408,RUA DOS ESPANHÓIS,JARDIM CORONEL,ITANHAEM
11746-126,RUA DOS FUNDADORES,PRAIA DOS SONHOS,ITANHAEM
11741-868,RUA DOS PIRIQUITOS,JARDIM SUARÃO (INTERIOR),ITANHAEM
11748-404,RUA DOS PORTUGUESES,JARDIM CORONEL,ITANHAEM
11742-434,RUA DOS PASSARINHOS,NOSSA SENHORA DO SION,ITANHAEM
11755-770,RUA DOS JEQUITIRÁS,JAMAICA (INTERIOR),ITANHAEM
11741-870,RUA DOS PASSARINHOS,JARDIM SUARÃO (INTERIOR),ITANHAEM
11746-046,RUA DOS BANDEIRANTES,PRAIA DOS SONHOS,ITANHAEM
11750-526,RUA DOS TUPINAMBARANAS,CIBRATEL (CHÁCARAS),ITANHAEM
11754-118,RUA DOIS,JAMAICA (PRAIA),ITANHAEM
11750-562,RUA DOIS,CIBRATEL (CHÁCARAS),ITANHAEM
11746-506,RUA DOIS,CORUMBA,ITANHAEM
11754-794,RUA DOIS,GAIVOTA (PRAIA),ITANHAEM
11740-216,RUA DOM LARA,MOSTEIRO,ITANHAEM
11740-070,RUA DOM PEDRO II,CENTRO,ITANHAEM
11748-496,RUA DOMINGOS PADULA,JARDIM CORONEL,ITANHAEM
11742-376,RUA DOM JOSÉ VARANI,NOSSA SENHORA DO SION,ITANHAEM
11742-370,RUA DOM JOSÉ GASPAR,NOSSA SENHORA DO SION,ITANHAEM
11741-796,RUA DOM JOSÉ VARANI,JARDIM SUARÃO (INTERIOR),ITANHAEM
11741-794,RUA DOM JOSÉ GASPAR,JARDIM SUARÃO (INTERIOR),ITANHAEM
11740-096,RUA DOM PAULO PEDROSA,CENTRO,ITANHAEM
11742-368,RUA DOM IDILIO SOARES,NOSSA SENHORA DO SION,ITANHAEM
11741-792,RUA DOM IDILIO SOARES,JARDIM SUARÃO (INTERIOR),ITANHAEM
11749-562,RUA DOMINGOS BARATELLA,BOPIRANGA,ITANHAEM
11740-282,RUA DOM SEBASTIÃO LEME,JARDIM IVOTY,ITANHAEM
11749-512,RUA DOMINGOS BENTO DA SILVA,BOPIRANGA,ITANHAEM
11742-008,RUA DOM PAULO ROLIM LOUREIRO,JARDIM SUARÃO (INTERIOR),ITANHAEM
11740-834,RUA DOM PAULO ROLIM LOUREIRO,JARDIM SUARÃO (PRAIA),ITANHAEM
11740-754,RUA DOM ANTONIO MARIA SIQUEIRA,SUARÃO,ITANHAEM
11742-010,RUA DOM ANTONIO MARIA SIQUEIRA,JARDIM SUARÃO (INTERIOR),ITANHAEM
11740-234,RUA DOM DUARTE LEOPOLDO E SILVA,MOSTEIRO,ITANHAEM
11740-230,RUA DOM JOSÉ GASPAR AFONSECA E SILVA,MOSTEIRO,ITANHAEM
11746-016,RUA DOUTOR SIMÕES,PRAIA DOS SONHOS,ITANHAEM
11740-746,RUA DOUTOR MÁRIO BENI,SUARÃO,ITANHAEM
11742-018,RUA DOUTOR MÁRIO BENI,JARDIM SUARÃO (INTERIOR),ITANHAEM
11751-592,RUA DOUTOR DJALMA FILOSO,JARDIM ANCHIETA,ITANHAEM
11746-156,RUA DOUTOR MILTON ALDREDE,CIBRATEL I,ITANHAEM
11741-826,RUA DOUTOR ARIOVALDO VIANNA,JARDIM SUARÃO (INTERIOR),ITANHAEM
11746-746,RUA DOUTOR RUI FRANCO PERES,BELAS ARTES,ITANHAEM
11742-396,RUA DOUTOR ARIOVALDO VIANNA,NOSSA SENHORA DO SION,ITANHAEM
11740-848,RUA DOUTOR AMÉRICO LANDUCCI,JARDIM SUARÃO (PRAIA),ITANHAEM
11748-482,RUA DOUTOR ADHEMAR DE BARROS,JARDIM CORONEL,ITANHAEM
11740-808,RUA DOUTOR JOSÉ NEIDE LESSA,JARDIM SUARÃO (PRAIA),ITANHAEM
11754-246,RUA DOUTOR RUBEM MARCUS ROCHA,JAMAICA (PRAIA),ITANHAEM
11746-084,RUA DOUTOR ALCEBIADES SARAIVA,PRAIA DOS SONHOS,ITANHAEM
11755-320,RUA DOUTOR LUIZ CARLOS DURANTE,GAIVOTA (INTERIOR),ITANHAEM
11746-222,RUA DOUTOR LUIZ MOITINHO DORIA,CIBRATEL I,ITANHAEM
11741-808,RUA DOUTOR TITO CARLOS PEREIRA,JARDIM SUARÃO (INTERIOR),ITANHAEM
11740-748,RUA DOUTOR LUCAS NOGUEIRA GARCEZ,SUARÃO,ITANHAEM
11746-458,RUA DOUTOR JOSÉ DIAS DE ARAÚJO,CIBRATEL II,ITANHAEM
11742-016,RUA DOUTOR LUCAS NOGUEIRA GARCEZ,JARDIM SUARÃO (INTERIOR),ITANHAEM
11740-012,RUA DOUTOR RICARDO FALCÃO RANGEL,CENTRO,ITANHAEM
11746-162,RUA DOUTOR JOAQUIM FROTA DE SOUZA,CIBRATEL I,ITANHAEM
11742-006,RUA DOUTOR AUGUSTO DA MOTTA PACHECO,JARDIM SUARÃO (INTERIOR),ITANHAEM
11740-836,RUA DOUTOR AUGUSTO DA MOTTA PACHECO,JARDIM SUARÃO (PRAIA),ITANHAEM
11746-160,RUA DOUTOR ALCEU MAYNARD DE ARAÚJO,CIBRATEL I,ITANHAEM
11741-816,RUA DOUTOR ALEXANDRE DA ALESSANDRINI,JARDIM SUARÃO (INTERIOR),ITANHAEM
11740-592,RUA DOUTOR FRANCISCO EUGENIO DO AMARAL,NOVA ITANHAÉM (PRAIA),ITANHAEM
11746-164,RUA DOUTOR OTHONIEL DE MORAES MAGALHÃES,CIBRATEL I,ITANHAEM
11746-246,RUA DOUTOR FREDERICO DE SOUZA QUEIROZ FILHO,CIBRATEL I,ITANHAEM
11747-324,RUA DONA MARIA BECHIR,UMUARAMA,ITANHAEM
11741-856,RUA DONA HIPOLITA DE BRITO,JARDIM SUARÃO (INTERIOR),ITANHAEM
11742-422,RUA DONA HIPOLITA DE BRITO,NOSSA SENHORA DO SION,ITANHAEM
11751-314,RUA DONA LUDOVINA MARIA DE JESUS,CIBRATEL (CHÁCARAS),ITANHAEM
11741-836,RUA DONA CONSTÂNCIA DE CARVALHO,JARDIM SUARÃO (INTERIOR),ITANHAEM
11752-322,RUA DOZE,JARDIM ANCHIETA,ITANHAEM
11752-236,RUA DOZE,JARDIM ANCHIETA,ITANHAEM
11740-994,RUA DOZE Nº 1452,,ITANHAEM
11742-586,RUA TRANSVERSAL 16,NOVA ITANHAÉM (INTERIOR),ITANHAEM
11742-590,RUA TRANSVERSAL 18,NOVA ITANHAÉM (INTERIOR),ITANHAEM
11742-588,RUA TRANSVERSAL 17,NOVA ITANHAÉM (INTERIOR),ITANHAEM
11748-212,RUA CÍCERO DA SILVA,JARDIM CORONEL,ITANHAEM
11741-548,RUA CICERO MARTINS DOS SANTOS,VERDE MAR,ITANHAEM
11747-360,RUA CÍCERO ANTÔNIO DOS SANTOS,UMUARAMA,ITANHAEM
11741-554,RUA CIRCULAR DEZESSEIS,VERDE MAR,ITANHAEM
11740-340,RUA CIDADE DE IGUAPE,CIDADE ANCHIETA,ITANHAEM
11741-540,RUA DESEMBARGADOR JOSÉ DAVID FILHO,VERDE MAR,ITANHAEM
11746-232,RUA DESEMBARGADOR JUSTINO MARIA PINHEIRO,CIBRATEL I,ITANHAEM
11751-306,RUA DESEMBARGADOR JOSÉ MAURO BOURREAUT RIBEIRO,CIBRATEL (CHÁCARAS),ITANHAEM
11741-068,RUA DEPUTADO PLINIO SALGADO,CAMPOS ELISEOS,ITANHAEM
11749-192,RUA VIRGILIO CASELLA,TUPY,ITANHAEM
11749-086,RUA VICENTE MARCOS,TUPY,ITANHAEM
11740-710,RUA VICENTE BRINDIZI,SUARÃO,ITANHAEM
11746-682,RUA VICTOR MEIRELLES,BELAS ARTES,ITANHAEM
11746-664,RUA VICTOR MEIRELLES,BELAS ARTES,ITANHAEM
11740-304,RUA VICENTE RIBEIRO DA SILVA,JARDIM IVOTY,ITANHAEM
11748-128,RUA VICENTE NUNES DOS SANTOS,JARDIM CORONEL,ITANHAEM
11746-542,RUA VITAL FERREIRA,CORUMBA,ITANHAEM
11746-014,RUA ANTONIO MENDES JÚNIOR,PRAIA DOS SONHOS,ITANHAEM
11747-250,RUA ANTONIO CARLOS PEREIRA,UMUARAMA,ITANHAEM
11755-082,RUA ANTONIO FÉLIX MOREIRA,GAIVOTA (INTERIOR),ITANHAEM
11746-614,RUA ANTONIO DE PADUA MEIRA,CORUMBA,ITANHAEM
11743-272,RUA ANTONIEL PAULO BARBOSA,JARDIM OÁSIS,ITANHAEM
11740-406,RUA ANTONIO VICHINO VASQUEZ,SATÉLITE,ITANHAEM
11747-292,RUA ANTONIO ASSUNÇÃO FILHO,UMUARAMA,ITANHAEM
11740-344,RUA ANTONIO MARQUES CARREIRA,CIDADE ANCHIETA,ITANHAEM
11748-214,RUA ANTONIO PARANHOS DE LIMA,JARDIM CORONEL,ITANHAEM
11740-034,RUA ANTONIO OLIVIO DE ARAÚJO,CENTRO,ITANHAEM
11747-248,RUA ANTONIO AMÂNCIO DE AGUIAR,UMUARAMA,ITANHAEM
11748-194,RUA ANTONIO DOMINGOS DO ROSÁRIO,JARDIM CORONEL,ITANHAEM
11755-546,RUA ANTONIO FRANCISCO DO ROSARIO,GAIVOTA (INTERIOR),ITANHAEM
11743-230,RUA ANTONIO AGOSTINHO DOS SANTOS,JARDIM OÁSIS,ITANHAEM
11747-152,RUA ANTONIO WILSON PONTES QUINTAS,SABAÚNA,ITANHAEM
11741-538,RUA ANTONIO FERREIRA DE SOUZA FILHO,VERDE MAR,ITANHAEM
11746-202,RUA ANTONIETA GUIMARÃES DE ANDRADE,CIBRATEL I,ITANHAEM
11746-718,RUA ANTONIO CARLOS DOS SANTOS PRADO,BELAS ARTES,ITANHAEM
11742-470,RUA ANTONIA APARECIDA NEVES DA SILVA,NOSSA SENHORA DO SION,ITANHAEM
11747-244,RUA ANTONIO JUVENAL DAS NEVES JÚNIOR,UMUARAMA,ITANHAEM
11749-190,RUA ANNA CONSTANTINA DA CONCEIÇÃO,TUPY,ITANHAEM
11746-550,RUA ANA MARIA MARTINS RIVERA,CORUMBA,ITANHAEM
11746-536,RUA ANA CONCEIÇÃO CARREIRA DE SOUZA,CORUMBA,ITANHAEM
11740-838,RUA MADRE BERNARDA,JARDIM SUARÃO (PRAIA),ITANHAEM
11742-004,RUA MADRE BERNARDA,JARDIM SUARÃO (INTERIOR),ITANHAEM
11746-168,RUA MAESTRO ALBERTO MARINO,CIBRATEL I,ITANHAEM
11746-766,RUA MAMEDIO OLIVEIRA TAMBUQUE,BELAS ARTES,ITANHAEM
11743-438,RUA MAMELTO DA SILVA FRANÇA FILHO,GUAPURÁ,ITANHAEM
11743-294,RUA MAXIMINO NUNES BARRETO,JARDIM OÁSIS,ITANHAEM
11741-596,RUA MACHADO DE ASSIS,VERDE MAR,ITANHAEM
11743-390,RUA MAURICIO SANTANA DA SILVA,GUAPURÁ,ITANHAEM
11743-446,RUA MAURILIO PEREIRA DOS SANTOS,GUAPURÁ,ITANHAEM
11740-524,RUA MANOEL JORGE,GUARDA CIVIL,ITANHAEM
11742-462,RUA MANOEL MENDES,NOSSA SENHORA DO SION,ITANHAEM
11742-726,RUA MANOEL VIEIRA,LARANJEIRAS,ITANHAEM
11742-458,RUA MANOEL LOUZADA,NOSSA SENHORA DO SION,ITANHAEM
11741-100,RUA MANOEL MARQUES,CAMPOS ELISEOS,ITANHAEM
11740-626,RUA MANOEL LOUZADA,NOVA ITANHAÉM (PRAIA),ITANHAEM
11747-310,RUA MANOEL MARTINS,UMUARAMA,ITANHAEM
11743-596,RUA MANOEL LOUZADA,TROPICAL,ITANHAEM
11748-208,RUA MANOEL PEDROSO,JARDIM CORONEL,ITANHAEM
11747-144,RUA MANOEL SILVEIRA,SABAÚNA,ITANHAEM
11749-514,RUA MANÁCIO APELIAN,BOPIRANGA,ITANHAEM
11742-012,RUA MANSUETO GREGORIO,JARDIM SUARÃO (INTERIOR),ITANHAEM
11746-066,RUA MANOEL DA NOBREGA,PRAIA DOS SONHOS,ITANHAEM
11740-752,RUA MANSUETO GREGORIO,SUARÃO,ITANHAEM
11754-780,RUA MANOEL DOS SANTOS,GAIVOTA (PRAIA),ITANHAEM
11754-512,RUA MANOEL PEREIRA ROSA,GAIVOTA (PRAIA),ITANHAEM
11746-744,RUA MANOEL MOREIRA SENNE,BELAS ARTES,ITANHAEM
11749-188,RUA MANUEL BUSTOS YERBES,TUPY,ITANHAEM
11754-674,RUA MANOEL CLODOMIRO GATTO,GAIVOTA (PRAIA),ITANHAEM
11743-422,RUA MANOEL PEREIRA DA COSTA,GUAPURÁ,ITANHAEM
11747-024,RUA MANOEL JOSÉ DOS SANTOS,SABAÚNA,ITANHAEM
11746-520,RUA MANOEL GONÇALVES FILHO,CORUMBA,ITANHAEM
11757-042,RUA MANOEL PATRICIO DOS REIS,JAMAICA (INTERIOR),ITANHAEM
11754-042,RUA MANOEL PATRICIO DOS REIS,JAMAICA (PRAIA),ITANHAEM
11754-164,RUA MANOEL ALVES DE OLIVEIRA,JAMAICA (PRAIA),ITANHAEM
11740-320,RUA MANOEL RODRIGUES POITENA,JARDIM IVOTY,ITANHAEM
11747-190,RUA MANOEL AVELINO DOS SANTOS,SABAÚNA,ITANHAEM
11743-278,RUA MANOEL RIBEIRO DOS SANTOS,JARDIM OÁSIS,ITANHAEM
11747-232,RUA MANUEL DE OLIVEIRA JÚNIOR,UMUARAMA,ITANHAEM
11749-604,RUA MANOEL FRAUZINO DOS SANTOS,BOPIRANGA,ITANHAEM
11740-294,RUA MANOEL ALEXANDRE DOS SANTOS,JARDIM IVOTY,ITANHAEM
11743-512,RUA MANOEL FERREIRA DE OLIVEIRA,TROPICAL,ITANHAEM
11740-292,RUA MANOEL JOAQUIM DO NASCIMENTO,JARDIM IVOTY,ITANHAEM
11748-170,RUA MANOEL FRANCISCO CANIÇAIS FILHO,JARDIM CORONEL,ITANHAEM
11748-250,RUA MAJOR CELSO ALVES SORC,JARDIM CORONEL,ITANHAEM
11749-590,RUA MAJOR LUIZ GONZAGA VILELA,BOPIRANGA,ITANHAEM
11757-704,RUA MAJOR EZEQUIEL CORREA DE ARAÚJO,JAMAICA (INTERIOR),ITANHAEM
11749-722,RUA MAJOR EZEQUIEL CORREA DE ARAÚJO,SÃO FERNANDO (CHÁCARAS),ITANHAEM
11747-148,RUA MATHIAS DE ALMEIDA,SABAÚNA,ITANHAEM
11746-732,RUA MAISA SILVA DOS PASSOS,BELAS ARTES,ITANHAEM
11740-750,RUA DAGOBERTO NOGUEIRA DA FONSECA,SUARÃO,ITANHAEM
11742-014,RUA DAGOBERTO NOGUEIRA DA FONSECA,JARDIM SUARÃO (INTERIOR),ITANHAEM
11747-092,RUA DALTON MULLER PESSOA,SABAÚNA,ITANHAEM
11754-314,RUA DÁCIO EVARISTO PIRES,JAMAICA (PRAIA),ITANHAEM
11743-264,RUA DANIEL ALVES RIBEIRO,JARDIM OÁSIS,ITANHAEM
11742-800,RUA DANIEL DOS SANTOS BARROS,LARANJEIRAS,ITANHAEM
11740-512,RUA DANILO TEIXEIRA DE CARVALHO,GUARDA CIVIL,ITANHAEM
11740-534,RUA DANILO TEIXEIRA DE CARVALHO,NOVA ITANHAÉM (PRAIA),ITANHAEM
11748-524,RUA DAS NAÇÕES UNIDAS,JARDIM CORONEL,ITANHAEM
11755-764,RUA DAS CLÉLIA VASSÃO LONGO,JAMAICA (INTERIOR),ITANHAEM
11747-616,RUA QUINZE,JARDIM CORONEL,ITANHAEM
11752-388,RUA QUINZE,JARDIM ANCHIETA,ITANHAEM
11752-300,RUA QUINZE,JARDIM ANCHIETA,ITANHAEM
11749-544,RUA QUINZE,BOPIRANGA,ITANHAEM
11748-124,RUA QUINZE,JARDIM CORONEL,ITANHAEM
11751-810,Rua Cento e Cinco (Jd Anchieta Itanhaem),Jardim Anchieta,ITANHAEM
11751-884,Rua Cento e Cinquenta e Cinco (Jd Anchieta Itanhaem),Jardim Anchieta,ITANHAEM
11751-860,Rua Cento e Cinquenta e Dois (Jd Anchieta Itanhaem),Jardim Anchieta,ITANHAEM
11751-878,Rua Cento e Cinquenta e Nove (Jd Anchieta Itanhaem),Jardim Anchieta,ITANHAEM
11751-872,Rua Cento e Cinquenta e Oito (Jd Anchieta Itanhaem),Jardim Anchieta,ITANHAEM
11751-882,Rua Cento e Cinquenta e Quatro (Jd Anchieta Itanhaem),Jardim Anchieta,ITANHAEM
11751-886,Rua Cento e Cinquenta e Seis (Jd Anchieta Itanhaem),Jardim Anchieta,ITANHAEM
11751-866,Rua Cento e Cinquenta e Sete (Jd Anchieta Itanhaem),Jardim Anchieta,ITANHAEM
11751-862,Rua Cento e Cinquenta e Três (Jd Anchieta Itanhaem),Jardim Anchieta,ITANHAEM
11751-846,Rua Cento e Cinquenta e Um (Jd Anchieta Itanhaem),Jardim Anchieta,ITANHAEM
11751-844,Rua Cento e Cinquenta (Jd Anchieta Itanhaem),Jardim Anchieta,ITANHAEM
11751-812,Rua Cento e Dez (Jd Anchieta Itanhaem),Jardim Anchieta,ITANHAEM
11751-840,Rua Cento e Dezenove (Jd Anchieta Itanhaem),Jardim Anchieta,ITANHAEM
11751-816,Rua Cento e Dezesseis (Jd Anchieta Itanhaem),Jardim Anchieta,ITANHAEM
11751-820,Rua Cento e Dezessete (Jd Anchieta Itanhaem),Jardim Anchieta,ITANHAEM
11751-838,Rua Cento e Dezoito (Jd Anchieta Itanhaem),Jardim Anchieta,ITANHAEM
11757-200,Rua Cento e Dois (Baln Beatriz),Jamaica (Interior),ITANHAEM
11751-788,Rua Cento e Dois (Jd Anchieta Itanhaem),Jardim Anchieta,ITANHAEM
11751-792,Rua Cento e Doze A (Jd Anchieta Itanhaem),Jardim Anchieta,ITANHAEM
11752-004,Rua Cento e Doze (Jd Anchieta Itanhaem),Jardim Anchieta,ITANHAEM
11751-836,Rua Cento e Nove (Jd Anchieta Itanhaem),Jardim Anchieta,ITANHAEM
11751-834,Rua Cento e Oito (Jd Anchieta Itanhaem),Jardim Anchieta,ITANHAEM
11751-814,Rua Cento e Onze A (Jd Anchieta Itanhaem),Jardim Anchieta,ITANHAEM
11752-002,Rua Cento e Onze (Jd Anchieta Itanhaem),Jardim Anchieta,ITANHAEM
11752-042,Rua Cento e Quarenta e Cinco (Jd Anchieta Itanhaem),Jardim Anchieta,ITANHAEM
11752-018,Rua Cento e Quarenta e Dois (Jd Anchieta Itanhaem),Jardim Anchieta,ITANHAEM
11751-842,Rua Cento e Quarenta e Nove (Jd Anchieta Itanhaem),Jardim Anchieta,ITANHAEM
11752-064,Rua Cento e Quarenta e Oito (Jd Anchieta Itanhaem),Jardim Anchieta,ITANHAEM
11752-022,Rua Cento e Quarenta e Quatro (Jd Anchieta Itanhaem),Jardim Anchieta,ITANHAEM
11751-880,Rua Cento e Quarenta e Seis A (Jd Anchieta Itanhaem),Jardim Anchieta,ITANHAEM
11752-046,Rua Cento e Quarenta e Seis (Jd Anchieta Itanhaem),Jardim Anchieta,ITANHAEM
11752-062,Rua Cento e Quarenta e Sete (Jd Anchieta Itanhaem),Jardim Anchieta,ITANHAEM
11752-020,Rua Cento e Quarenta e Três (Jd Anchieta Itanhaem),Jardim Anchieta,ITANHAEM
11752-016,Rua Cento e Quarenta e Um (Jd Anchieta Itanhaem),Jardim Anchieta,ITANHAEM
11752-040,Rua Cento e Quarenta (Jd Anchieta Itanhaem),Jardim Anchieta,ITANHAEM
11751-806,Rua Cento e Quatro (Jd Anchieta Itanhaem),Jardim Anchieta,ITANHAEM
11751-796,Rua Cento e Quatroze (Jd Anchieta Itanhaem),Jardim Anchieta,ITANHAEM
11751-798,Rua Cento e Quinze (Jd Anchieta Itanhaem),Jardim Anchieta,ITANHAEM
11751-830,Rua Cento e Seis (Jd Anchieta Itanhaem),Jardim Anchieta,ITANHAEM
11751-890,Rua Cento e Sessenta e Cinco (Jd Anchieta Itanhaem),Jardim Anchieta,ITANHAEM
11751-864,Rua Cento e Sessenta e Dois (Jd Anchieta Itanhaem),Jardim Anchieta,ITANHAEM
11751-874,Rua Cento e Sessenta e Nove (Jd Anchieta Itanhaem),Jardim Anchieta,ITANHAEM
11751-870,Rua Cento e Sessenta e Oito (Jd Anchieta Itanhaem),Jardim Anchieta,ITANHAEM
11751-888,Rua Cento e Sessenta e Quatro (Jd Anchieta Itanhaem),Jardim Anchieta,ITANHAEM
11751-892,Rua Cento e Sessenta e Seis (Jd Anchieta Itanhaem),Jardim Anchieta,ITANHAEM
11751-894,Rua Cento e Sessenta e Sete (Jd Anchieta Itanhaem),Jardim Anchieta,ITANHAEM
11751-868,Rua Cento e Sessenta e Três (Jd Anchieta Itanhaem),Jardim Anchieta,ITANHAEM
11751-850,Rua Cento e Sessenta e Um (Jd Anchieta Itanhaem),Jardim Anchieta,ITANHAEM
11751-848,Rua Cento e Sessenta (Jd Anchieta Itanhaem),Jardim Anchieta,ITANHAEM
11751-832,Rua Cento e Sete (Jd Anchieta Itanhaem),Jardim Anchieta,ITANHAEM
11751-856,Rua Cento e Setenta e Dois (Jd Anchieta Itanhaem),Jardim Anchieta,ITANHAEM
11751-876,Rua Cento e Setenta e Quatro (Jd Anchieta Itanhaem),Jardim Anchieta,ITANHAEM
11751-896,Rua Cento e Setenta e Seis (Jd Anchieta Itanhaem),Jardim Anchieta,ITANHAEM
11751-898,Rua Cento e Setenta e Sete (Jd Anchieta Itanhaem),Jardim Anchieta,ITANHAEM
11751-858,Rua Cento e Setenta e Três (Jd Anchieta Itanhaem),Jardim Anchieta,ITANHAEM
11751-854,Rua Cento e Setenta e Um (Jd Anchieta Itanhaem),Jardim Anchieta,ITANHAEM
11751-852,Rua Cento e Setenta (Jd Anchieta Itanhaem),Jardim Anchieta,ITANHAEM
11751-790,Rua Cento e Três (Jd Anchieta Itanhaem),Jardim Anchieta,ITANHAEM
11751-794,Rua Cento e Treze (Jd Anchieta Itanhaem),Jardim Anchieta,ITANHAEM
11752-060,Rua Cento e Trinta A (Jd Anchieta Itanhaem),Jardim Anchieta,ITANHAEM
11752-054,Rua Cento e Trinta e Cinco (Jd Anchieta Itanhaem),Jardim Anchieta,ITANHAEM
11752-014,Rua Cento e Trinta e Dois (Jd Anchieta Itanhaem),Jardim Anchieta,ITANHAEM
11752-036,Rua Cento e Trinta e Nove (Jd Anchieta Itanhaem),Jardim Anchieta,ITANHAEM
11752-034,Rua Cento e Trinta e Quatro (Jd Anchieta Itanhaem),Jardim Anchieta,ITANHAEM
11752-056,Rua Cento e Trinta e Seis (Jd Anchieta Itanhaem),Jardim Anchieta,ITANHAEM
11752-058,Rua Cento e Trinta e Sete (Jd Anchieta Itanhaem),Jardim Anchieta,ITANHAEM
11752-012,Rua Cento e Trinta e Um (Jd Anchieta Itanhaem),Jardim Anchieta,ITANHAEM
11752-044,Rua Cento e Trinta (Jd Anchieta Itanhaem),Jardim Anchieta,ITANHAEM
11751-818,Rua Cento e Um (Jd Anchieta Itanhaem),Jardim Anchieta,ITANHAEM
11752-048,Rua Cento e Vinte e Cinco (Jd Anchieta Itanhaem),Jardim Anchieta,ITANHAEM
11752-010,Rua Cento e Vinte e Dois (Jd Anchieta Itanhaem),Jardim Anchieta,ITANHAEM
11752-038,Rua Cento e Vinte e Nove (Jd Anchieta Itanhaem),Jardim Anchieta,ITANHAEM
11752-030,Rua Cento e Vinte e Oito (Jd Anchieta Itanhaem),Jardim Anchieta,ITANHAEM
11752-026,Rua Cento e Vinte e Quatro (Jd Anchieta Itanhaem),Jardim Anchieta,ITANHAEM
11752-050,Rua Cento e Vinte e Seis (Jd Anchieta Itanhaem),Jardim Anchieta,ITANHAEM
11752-052,Rua Cento e Vinte e Sete (Jd Anchieta Itanhaem),Jardim Anchieta,ITANHAEM
11752-024,Rua Cento e Vinte e Três (Jd Anchieta Itanhaem),Jardim Anchieta,ITANHAEM
11752-008,Rua Cento e Vinte e Um (Jd Anchieta Itanhaem),Jardim Anchieta,ITANHAEM
11752-006,Rua Cento e Vinte (Jd Anchieta Itanhaem),Jardim Anchieta,ITANHAEM
11747-284,Rua Cenilde Ribeiro de Souza,Umuarama,ITANHAEM
11747-026,Rua José Spinosa,Sabaúna,ITANHAEM
11740-882,Rua José A Alves,Jardim Suarão (Praia),ITANHAEM
11747-120,Rua Jose Agostinho,Sabaúna,ITANHAEM
11748-236,Rua José Alves Brandao,Jardim Coronel,ITANHAEM
11743-266,Rua José Alves da Silva,Jardim Oásis,ITANHAEM
11755-430,Rua Jose Alves da Silva Matos,Gaivota (Interior),ITANHAEM
11746-276,Rua José Amaral,Cibratel II,ITANHAEM
11740-290,Rua José Antonio dos Santos,Jardim Ivoty,ITANHAEM
11748-244,Rua José Aparecido dos Santos,Jardim Coronel,ITANHAEM
11742-630,Rua José Apelian,Savoy,ITANHAEM
11743-454,Rua Jose Augusto da Silva Lopes do Nascimento,Guapurá,ITANHAEM
11747-364,Rua José Augusto Rodrigues,Umuarama,ITANHAEM
11740-312,Rua José Barnabé Alves,Jardim Ivoty,ITANHAEM
11743-244,Rua José Batista Duarte,Jardim Oásis,ITANHAEM
11748-136,Rua José Brandão,Jardim Coronel,ITANHAEM
11743-304,Rua José Carlos Cordiano Alves,Jardim Oásis,ITANHAEM
11744-148,Rua José Correia Filho,Aguapeú,ITANHAEM
11754-114,Rua José Cury,Jamaica (Praia),ITANHAEM
11748-174,Rua José de Anchieta Fortes Gatto,Jardim Coronel,ITANHAEM
11754-212,Rua José de Oliveira,Jamaica (Praia),ITANHAEM
11747-192,Rua José Diogo,Sabaúna,ITANHAEM
11749-520,Rua José Domiciano da Silva,Bopiranga,ITANHAEM
11741-756,Rua José Donas,Jardim Suarão (Interior),ITANHAEM
11747-074,Rua José dos Reis Vieira Repolho,Sabaúna,ITANHAEM
11747-374,Rua José dos Santos,Umuarama,ITANHAEM
11743-440,Rua José Elson Dombroski,Guapurá,ITANHAEM
11746-778,Rua José Ernesto Bechelli,Belas Artes,ITANHAEM
11744-368,Rua José Ferreira de Castro,Aguapeú,ITANHAEM
11742-618,Rua José Ferreira Franco,Savoy,ITANHAEM
11746-690,Rua José Francisco da Silva,Belas Artes,ITANHAEM
11741-082,Rua José Garcia da Costa Martelo Júnior,Campos Eliseos,ITANHAEM
11754-346,Rua José Gerolomo,Jamaica (Praia),ITANHAEM
11754-458,Rua José Gesca,Gaivota (Praia),ITANHAEM
11754-334,Rua José Gomes dos Santos,Jamaica (Praia),ITANHAEM
11742-572,Rua José Gomes dos Santos,Nova Itanhaém (Interior),ITANHAEM
11754-416,Rua José Honório Alves,Gaivota (Praia),ITANHAEM
11755-860,Rua José Honório Alves,Jamaica (Interior),ITANHAEM
11754-200,Rua José Honorio dos Santos,Jamaica (Praia),ITANHAEM
11740-236,Rua José Izidio da Silva,Mosteiro,ITANHAEM
11747-298,Rua José João Bechir,Umuarama,ITANHAEM
11744-120,Rua José Leite,Aguapeú,ITANHAEM
11751-580,Rua José Luciano M. Borges,Jardim Anchieta,ITANHAEM
11740-628,Rua José Manoel Lorenzo Leiro - até 98/99,Nova Itanhaém (Praia),ITANHAEM
11742-456,Rua José Manoel Lorenzo Leiro - de 100/101 a 2448/2449,Nossa Senhora do Sion,ITANHAEM
11743-598,Rua José Manoel Lorenzo Leiro - de 2450/2451 ao fim,Tropical,ITANHAEM
11747-156,Rua José Marciano de Souza - até 98/99,Sabaúna,ITANHAEM
11747-224,Rua José Marciano de Souza - de 100/101 ao fim,Umuarama,ITANHAEM
11740-776,Rua José Maria de Castro,Jardim Suarão (Praia),ITANHAEM
11751-316,Rua José Maria Fonseca Correa,Cibratel (Chácaras),ITANHAEM
11740-358,Rua José Maria Gomes Rivera,Cidade Anchieta,ITANHAEM
11747-238,Rua José Maria Leitão,Umuarama,ITANHAEM
11740-824,Rua José Maria Whitaker,Jardim Suarão (Praia),ITANHAEM
11741-092,Rua José Mariano Silva,Campos Eliseos,ITANHAEM
11742-660,Rua José Marques - até 698/699,Savoy,ITANHAEM
11743-502,Rua José Marques - de 700/701 ao fim,Tropical,ITANHAEM
11754-782,Rua José Martins Francisco de Oliveira,Gaivota (Praia),ITANHAEM
11751-502,Rua José Meira dos Santos - lado ímpar,Jardim Anchieta,ITANHAEM
11748-172,Rua José Meira dos Santos - lado par,Jardim Coronel,ITANHAEM
11740-174,Rua José Mendes de Araújo,Vila São Paulo,ITANHAEM
11741-096,Rua José Pedro Aguiar,Campos Eliseos,ITANHAEM
11749-250,Rua José Pires da Silva,Tupy,ITANHAEM
11754-040,Rua José Plácido de Medeiros,Jamaica (Praia),ITANHAEM
11748-228,Rua José Ramos Blanco,Jardim Coronel,ITANHAEM
11742-742,Rua José Ribeiro Bueno Gomes,Laranjeiras,ITANHAEM
11748-182,Rua José Roberto Lopes Rivera,Jardim Coronel,ITANHAEM
11749-502,Rua José Rodrigues Poitena,Bopiranga,ITANHAEM
11746-518,Rua José Rossmann,Corumba,ITANHAEM
11746-020,Rua José Rossmann Filho,Praia dos Sonhos,ITANHAEM
11751-594,Rua José Rubens de Oliveira Maranhão,Jardim Anchieta,ITANHAEM
11741-830,Rua José Ruiz Merino,Jardim Suarão (Interior),ITANHAEM
11742-400,Rua José Ruiz Merino,Nossa Senhora do Sion,ITANHAEM
11748-240,Rua José Severiano da Silva,Jardim Coronel,ITANHAEM
11740-172,Rua José Simões Neves,Vila São Paulo,ITANHAEM
11754-166,Rua José Simone,Jamaica (Praia),ITANHAEM
11748-512,Rua José Trovasi,Jardim Coronel,ITANHAEM
11747-194,Rua José Valquirio da Silva,Sabaúna,ITANHAEM
11746-554,Rua José Vicente Moreira,Corumba,ITANHAEM
11742-568,Rua Josefa de Souza Dias,Nova Itanhaém (Interior),ITANHAEM
11742-504,Rua Josefa Diegues Ataulo,Nova Itanhaém (Interior),ITANHAEM
11742-668,Rua Josefa Salvina da Conceicao,Savoy,ITANHAEM
11743-510,Rua Josefa Salvina da Conceicao,Tropical,ITANHAEM
11746-604,Rua Josefina Bertolani,Corumba,ITANHAEM
11755-534,Rua Josemar Passos Santos,Gaivota (Interior),ITANHAEM
11748-246,Rua Josephina C Celestino,Jardim Coronel,ITANHAEM
11749-580,Rua Joana Lima dos Santos,Bopiranga,ITANHAEM
11749-822,Rua Joanita Xavier Braz,São Fernando (Chácaras),ITANHAEM
11754-766,Rua João Alves de Oliveira,Gaivota (Praia),ITANHAEM
11754-008,Rua João Alves de Oliveira,Jamaica (Praia),ITANHAEM
11740-086,Rua João Alves Ferreira,Centro,ITANHAEM
11747-688,Rua João Alves Neto,Jardim Coronel,ITANHAEM
11743-228,Rua João Andrade Júnior,Jardim Oásis,ITANHAEM
11743-238,Rua João Antonio,Jardim Oásis,ITANHAEM
11754-036,Rua João Araújo Neto,Jamaica (Praia),ITANHAEM
11747-130,Rua João Baptista Dias,Sabaúna,ITANHAEM
11741-584,Rua João Barbi,Verde Mar,ITANHAEM
11748-500,Rua João Barna Filho,Jardim Coronel,ITANHAEM
11750-270,Rua João Batista Oliveira,São Fernando (Chácaras),ITANHAEM
11743-306,Rua João Cândido de Souza,Jardim Oásis,ITANHAEM
11746-578,Rua João Capistrano Pereira,Corumba,ITANHAEM
11748-188,Rua João Carlos Marques Barbosa,Jardim Coronel,ITANHAEM
11746-562,Rua João Celestino da Costa,Corumba,ITANHAEM
11751-326,Rua João Coelho,Cibratel (Chácaras),ITANHAEM
11742-566,Rua João da Guia,Nova Itanhaém (Interior),ITANHAEM
11742-622,Rua João de Almeida Baptista,Savoy,ITANHAEM
11748-260,Rua João Evangelista Honório Alves,Jardim Coronel,ITANHAEM
11746-010,Rua João Farah,Praia dos Sonhos,ITANHAEM
11747-882,Rua João Ferreira,Jardim Coronel,ITANHAEM
11754-066,Rua João Gabriel Agliasco,Jamaica (Praia),ITANHAEM
11749-644,Rua João Luis Fleming Zaniboni (Baln Beatriz),Bopiranga,ITANHAEM
11740-058,Rua João Mariano,Centro,ITANHAEM
11740-068,Rua João Mariano Ferreira - até 98/99,Centro,ITANHAEM
11740-154,Rua João Mariano Ferreira - de 100/101 ao fim,Vila São Paulo,ITANHAEM
11749-830,Rua João Moreira Neto,São Fernando (Chácaras),ITANHAEM
11740-298,Rua João Moura dos Santos,Jardim Ivoty,ITANHAEM
11741-168,Rua João Paulo da Luz - até 498/499,Marrocos,ITANHAEM
11741-416,Rua João Paulo da Luz - de 500/501 ao fim,Loty,ITANHAEM
11740-118,Rua João Pedro Orsi - até 298/299,Vila São Paulo,ITANHAEM
11740-374,Rua João Pedro Orsi - de 300/301 ao fim,Cidade Anchieta,ITANHAEM
11740-346,Rua João Pedron,Cidade Anchieta,ITANHAEM
11754-652,Rua João Pereira dos Santos,Gaivota (Praia),ITANHAEM
11755-406,Rua João Pessoa,Gaivota (Interior),ITANHAEM
11748-198,Rua João Pires dos Santos,Jardim Coronel,ITANHAEM
11740-176,Rua João Pompeu,Vila São Paulo,ITANHAEM
11749-628,Rua João Quinto,Bopiranga,ITANHAEM
11740-404,Rua João Ramos Blanco,Satélite,ITANHAEM
11740-168,Rua João Ramos Gomes,Vila São Paulo,ITANHAEM
11748-230,Rua João Ribeiro da Silva Filho,Jardim Coronel,ITANHAEM
11755-540,Rua João Rita,Gaivota (Interior),ITANHAEM
11747-096,Rua João Rufino,Sabaúna,ITANHAEM
11746-090,Rua João Selymes,Praia dos Sonhos,ITANHAEM
11746-194,Rua João Tonina,Cibratel I,ITANHAEM
11747-240,Rua João Viana,Umuarama,ITANHAEM
11742-584,Rua Joaquim Alves Filho,Nova Itanhaém (Interior),ITANHAEM
11746-524,Rua Joaquim Balbino da Silva,Corumba,ITANHAEM
11746-230,Rua Joaquim Carlos Paiga,Cibratel I,ITANHAEM
11751-576,Rua Joaquim Carralero Garcia,Jardim Anchieta,ITANHAEM
11751-330,Rua Joaquim Domingues Júnior,Cibratel (Chácaras),ITANHAEM
11740-074,Rua Joaquim dos Santos Aguiar,Centro,ITANHAEM
11755-374,Rua Joaquim Fernandes,Gaivota (Interior),ITANHAEM
11755-526,Rua Joaquim Francisco dos Santos,Gaivota (Interior),ITANHAEM
11746-850,Rua Joaquim Gianini de Mello,Guapiranga,ITANHAEM
11743-426,Rua Joaquim Gonçalves da Silva,Guapurá,ITANHAEM
11741-622,Rua Joaquim Gonçalves Mendes,Verde Mar,ITANHAEM
11740-066,Rua Joaquim Meira,Centro,ITANHAEM
11747-702,Rua Joaquim Nascimento,Jardim Coronel,ITANHAEM
11740-308,Rua Joaquim Pedro do Nascimento,Jardim Ivoty,ITANHAEM
11743-292,Rua Joaquim Rasga,Jardim Oásis,ITANHAEM
11748-196,Rua Joaquim Rodrigues Pajaro,Jardim Coronel,ITANHAEM
11740-372,Rua Joaquina Santos Queiroz do Nascimento - até 238/239,Cidade Anchieta,ITANHAEM
11742-802,Rua Joaquina Santos Queiroz do Nascimento - de 240/241 ao fim,Laranjeiras,ITANHAEM
11754-804,Rua Sete,Gaivota (Praia),ITANHAEM
11741-524,Rua sete (Baln Auri-Verde),Verde Mar,ITANHAEM
11754-244,Rua Sete (Baln California),Jamaica (Praia),ITANHAEM
11741-390,Rua Sete (Baln Guapura),Loty,ITANHAEM
11754-068,Rua Sete (Baln S Marcos),Jamaica (Praia),ITANHAEM
11741-418,Rua Sete (Baln Santista),Loty,ITANHAEM
11756-412,Rua Sete (Chac Jamaica),Jamaica (Interior),ITANHAEM
11752-310,Rua Sete (Est Ipanema),Jardim Anchieta,ITANHAEM
11747-724,Rua Sete (Est Nautica),Jardim Coronel,ITANHAEM
11755-448,Rua Sete (Est S Pedro),Gaivota (Interior),ITANHAEM
11752-086,Rua Sete (Est Santana I),Jardim Anchieta,ITANHAEM
11744-416,Rua Sete (Jd Aguapeu),Aguapeú,ITANHAEM
11749-534,Rua Sete (Jd Edel),Bopiranga,ITANHAEM
11750-302,Rua Sete (Jd Esmeralda),São Fernando (Chácaras),ITANHAEM
11740-366,Rua Sete (Jd Fazendinha),Cidade Anchieta,ITANHAEM
11755-184,Rua Sete (Jd Fenix),Gaivota (Interior),ITANHAEM
11747-674,Rua Sete (Jd Imigrantes),Jardim Coronel,ITANHAEM
11743-602,Rua Sete (Jd Magalhaes),Tropical,ITANHAEM
11755-844,Rua Sete (Jd Palmeiras III),Jamaica (Interior),ITANHAEM
11747-704,Rua Sete (Jd Pescador),Jardim Coronel,ITANHAEM
11752-226,Rua Sete (Jd Primavera),Jardim Anchieta,ITANHAEM
11747-750,Rua Sete (Jd Rafaelli),Jardim Coronel,ITANHAEM
11747-640,Rua Sete (Jd Rio Preto),Jardim Coronel,ITANHAEM
11740-858,Rua Sete (Jd Ritamar),Jardim Suarão (Praia),ITANHAEM
11749-836,Rua Sete (Jd S Fernando),São Fernando (Chácaras),ITANHAEM
11741-076,Rua Sete (Jd Sta Terezinha),Campos Eliseos,ITANHAEM
11740-800,Rua Sete (Jd Suarao (R.F.)),Jardim Suarão (Praia),ITANHAEM
11741-614,Rua Sete (Pq Jequitiba),Verde Mar,ITANHAEM
11752-360,Rua Sete (Pq Royalle),Jardim Anchieta,ITANHAEM
11744-072,Rua Sete (Pq Vergara),Aguapeú,ITANHAEM
11755-282,Rua Sete (Rec Imigrantes),Gaivota (Interior),ITANHAEM
11755-334,Rua Sete (Rec Indaia),Gaivota (Interior),ITANHAEM
11754-322,Rua Sete (Res Pq Augustus),Jamaica (Praia),ITANHAEM
11757-166,Rua Setenta (Baln Beatriz),Jamaica (Interior),ITANHAEM
11757-846,Rua Setenta (Chac Bopiranga),Jamaica (Interior),ITANHAEM
11751-766,Rua Setenta e Cinco (Jd Anchieta Itanhaem),Jardim Anchieta,ITANHAEM
11757-168,Rua Setenta e Dois (Baln Beatriz),Jamaica (Interior),ITANHAEM
11757-850,Rua Setenta e Dois (Chac Bopiranga),Jamaica (Interior),ITANHAEM
11751-752,Rua Setenta e Dois (Jd Anchieta Itanhaem),Jardim Anchieta,ITANHAEM
11757-174,Rua Setenta e Oito (Baln Beatriz),Jamaica (Interior),ITANHAEM
11751-780,Rua Setenta e Oito (Jd Anchieta Itanhaem),Jardim Anchieta,ITANHAEM
11757-170,Rua Setenta e Quatro (Baln Beatriz),Jamaica (Interior),ITANHAEM
11751-758,Rua Setenta e Quatro (Jd Anchieta Itanhaem),Jardim Anchieta,ITANHAEM
11757-172,Rua Setenta e Seis (Baln Beatriz),Jamaica (Interior),ITANHAEM
11751-768,Rua Setenta e Seis (Jd Anchieta Itanhaem),Jardim Anchieta,ITANHAEM
11751-776,Rua Setenta e Sete (Jd Anchieta Itanhaem),Jardim Anchieta,ITANHAEM
11751-756,Rua Setenta e Três (Jd Anchieta Itanhaem),Jardim Anchieta,ITANHAEM
11757-848,Rua Setenta e Um (Chac Bopiranga),Jamaica (Interior),ITANHAEM
11751-748,Rua Setenta e Um (Jd Anchieta Itanhaem),Jardim Anchieta,ITANHAEM
11751-742,Rua Setenta (Jd Anchieta Itanhaem),Jardim Anchieta,ITANHAEM
11743-578,Rua Três,Tropical,ITANHAEM
11741-514,Rua Três (Baln Auri-Verde),Verde Mar,ITANHAEM
11740-564,Rua Três (Baln P Alegre),Nova Itanhaém (Praia),ITANHAEM
11741-172,Rua Três (Baln Santista),Marrocos,ITANHAEM
11750-564,Rua Três (Chac B Retiro),Cibratel (Chácaras),ITANHAEM
11750-490,Rua Três (Chac B Retiro),São Fernando (Chácaras),ITANHAEM
11757-710,Rua Três (Chac Bopiranga),Jamaica (Interior),ITANHAEM
11757-626,Rua Três (Chac Educ Santista),Jamaica (Interior),ITANHAEM
11756-404,Rua Três (Chac Jamaica),Jamaica (Interior),ITANHAEM
11747-740,Rua Três (Chac Myawaki),Jardim Coronel,ITANHAEM
11752-308,Rua Três (Est Ipanema),Jardim Anchieta,ITANHAEM
11755-440,Rua Três (Est S Pedro),Gaivota (Interior),ITANHAEM
11752-078,Rua Três (Est Santana I),Jardim Anchieta,ITANHAEM
11752-340,Rua Três (Est Savanah),Jardim Anchieta,ITANHAEM
11749-526,Rua Três (Jd Edel),Bopiranga,ITANHAEM
11750-294,Rua Três (Jd Esmeralda),São Fernando (Chácaras),ITANHAEM
11755-176,Rua Três (Jd Fenix),Gaivota (Interior),ITANHAEM
11747-666,Rua Três (Jd Imigrantes),Jardim Coronel,ITANHAEM
11757-038,Rua Três (Jd Lindomar),Jamaica (Interior),ITANHAEM
11754-504,Rua Três (Jd Luizamar Mirim),Gaivota (Praia),ITANHAEM
11754-798,Rua Três (Jd Maramba),Gaivota (Praia),ITANHAEM
11743-538,Rua Três (Jd Maramba),Tropical,ITANHAEM
11755-804,Rua Três (Jd Palmeiras III),Jamaica (Interior),ITANHAEM
11747-698,Rua Três (Jd Pescador),Jardim Coronel,ITANHAEM
11752-224,Rua Três (Jd Primavera),Jardim Anchieta,ITANHAEM
11747-648,Rua Três (Jd Rio Preto),Jardim Coronel,ITANHAEM
11749-828,Rua Três (Jd S Fernando),São Fernando (Chácaras),ITANHAEM
11754-204,Rua Três (Jd S Joao),Jamaica (Praia),ITANHAEM
11749-518,Rua Três (Jd Valeria),Bopiranga,ITANHAEM
11743-470,Rua Três (Lot Res Guapurá),Guapurá,ITANHAEM
11741-012,Rua Três (Pq Jequitiba),Jardim Suarão (Praia),ITANHAEM
11752-376,Rua Três (Pq Royalle),Jardim Anchieta,ITANHAEM
11748-104,Rua Três (Puerta de Madrid),Jardim Coronel,ITANHAEM
11741-006,Rua Três (Rec Antonella),Jardim Suarão (Praia),ITANHAEM
11755-274,Rua Três (Rec Imigrantes),Gaivota (Interior),ITANHAEM
11755-326,Rua Três (Rec Indaia),Gaivota (Interior),ITANHAEM
11754-310,Rua Três (Res Pq Augustus),Jamaica (Praia),ITANHAEM
11741-726,Rua Três (Vl Lili),Jardim Suarão (Interior),ITANHAEM
11751-608,Rua Treze A (Jd Anchieta Itanhaem),Jardim Anchieta,ITANHAEM
11754-278,Rua Treze (Baln California),Jamaica (Praia),ITANHAEM
11757-054,Rua Treze (Baln S Marcos),Jamaica (Interior),ITANHAEM
11757-730,Rua Treze (Chac Bopiranga),Jamaica (Interior),ITANHAEM
11756-424,Rua Treze (Chac Jamaica),Jamaica (Interior),ITANHAEM
11752-282,Rua Treze (Est Ipanema),Jardim Anchieta,ITANHAEM
11755-460,Rua Treze (Est S Pedro),Gaivota (Interior),ITANHAEM
11752-116,Rua Treze (Est Santana I),Jardim Anchieta,ITANHAEM
11751-612,Rua Treze (Jd Anchieta Itanhaem),Jardim Anchieta,ITANHAEM
11748-166,Rua Treze (Jd Cunhambebe),Jardim Coronel,ITANHAEM
11749-540,Rua Treze (Jd Edel),Bopiranga,ITANHAEM
11750-314,Rua Treze (Jd Esmeralda),São Fernando (Chácaras),ITANHAEM
11755-196,Rua Treze (Jd Fenix),Gaivota (Interior),ITANHAEM
11742-452,Rua Treze (Jd Magalhaes),Nossa Senhora do Sion,ITANHAEM
11755-074,Rua Treze (Jd Maramba),Gaivota (Interior),ITANHAEM
11754-710,Rua Treze (Jd Paraiso),Gaivota (Praia),ITANHAEM
11747-690,Rua Treze (Jd Pescador),Jardim Coronel,ITANHAEM
11752-238,Rua Treze (Jd Primavera),Jardim Anchieta,ITANHAEM
11747-620,Rua Treze (Jd Rio Preto),Jardim Coronel,ITANHAEM
11749-848,Rua Treze (Jd S Fernando),São Fernando (Chácaras),ITANHAEM
11754-220,Rua Treze (Jd S Joao),Jamaica (Praia),ITANHAEM
11742-650,Rua Treze (Pq Baln Itanhaem),Savoy,ITANHAEM
11752-384,Rua Treze (Pq Royalle),Jardim Anchieta,ITANHAEM
11755-294,Rua Treze (Rec Imigrantes),Gaivota (Interior),ITANHAEM
11755-346,Rua Treze (Rec Indaia),Gaivota (Interior),ITANHAEM
11754-344,Rua Treze (Res Pq Augustus),Jamaica (Praia),ITANHAEM
11756-734,Rua Trinidad,Jamaica (Interior),ITANHAEM
11749-646,Rua Trinta (Baln Beatriz),Bopiranga,ITANHAEM
11750-274,Rua Trinta (Baln Jd Itanhaem (Grandesp)),São Fernando (Chácaras),ITANHAEM
11757-766,Rua Trinta (Chac Bopiranga),Jamaica (Interior),ITANHAEM
11757-680,Rua Trinta (Chac Educ Santista),Jamaica (Interior),ITANHAEM
11756-462,Rua Trinta (Chac Jamaica),Jamaica (Interior),ITANHAEM
11757-776,Rua Trinta e Cinco (Chac Bopiranga),Jamaica (Interior),ITANHAEM
11756-474,Rua Trinta e Cinco (Chac Jamaica),Jamaica (Interior),ITANHAEM
11744-448,Rua Trinta e Cinco (Jd Aguapeu),Aguapeú,ITANHAEM
11751-654,Rua Trinta e Cinco (Jd Anchieta Itanhaem),Jardim Anchieta,ITANHAEM
11755-866,Rua Trinta e Cinco (Jd Diplomata),Jamaica (Interior),ITANHAEM
11755-122,Rua Trinta e Cinco (Jd Maramba),Gaivota (Interior),ITANHAEM
11755-722,Rua Trinta e Cinco (Jd Palmeiras II),Jamaica (Interior),ITANHAEM
11744-160,Rua Trinta e Cinco (Pq Vergara),Aguapeú,ITANHAEM
11749-648,Rua Trinta e Dois (Baln Beatriz),Bopiranga,ITANHAEM
11750-278,Rua Trinta e Dois (Baln Jd Itanhaem (Grandesp)),São Fernando (Chácaras),ITANHAEM
11757-770,Rua Trinta e Dois (Chac Bopiranga),Jamaica (Interior),ITANHAEM
11756-468,Rua Trinta e Dois (Chac Jamaica),Jamaica (Interior),ITANHAEM
11744-424,Rua Trinta e Dois (Jd Aguapeu),Aguapeú,ITANHAEM
11755-116,Rua Trinta e Dois (Jd Maramba),Gaivota (Interior),ITANHAEM
11755-716,Rua Trinta e Dois (Jd Palmeiras II),Jamaica (Interior),ITANHAEM
11743-366,Rua Trinta e Dois (Lot Res Guapurá),Guapurá,ITANHAEM
11757-784,Rua Trinta e Nove (Chac Bopiranga),Jamaica (Interior),ITANHAEM
11756-482,Rua Trinta e Nove (Chac Jamaica),Jamaica (Interior),ITANHAEM
11751-684,Rua Trinta e Nove (Jd Anchieta Itanhaem),Jardim Anchieta,ITANHAEM
11755-134,Rua Trinta e Nove (Jd Maramba),Gaivota (Interior),ITANHAEM
11755-730,Rua Trinta e Nove (Jd Palmeiras II),Jamaica (Interior),ITANHAEM
11754-730,Rua Trinta e Nove (Jd Paraiso),Gaivota (Praia),ITANHAEM
11744-140,Rua Trinta e Nove (Pq Vergara),Aguapeú,ITANHAEM
11749-658,Rua Trinta e Oito (Baln Beatriz),Bopiranga,ITANHAEM
11757-782,Rua Trinta e Oito (Chac Bopiranga),Jamaica (Interior),ITANHAEM
11756-480,Rua Trinta e Oito (Chac Jamaica),Jamaica (Interior),ITANHAEM
11744-480,Rua Trinta e Oito (Jd Aguapeu),Aguapeú,ITANHAEM
11751-682,Rua Trinta e Oito (Jd Anchieta Itanhaem),Jardim Anchieta,ITANHAEM
11755-130,Rua Trinta e Oito (Jd Maramba),Gaivota (Interior),ITANHAEM
11744-144,Rua Trinta e Oito (Pq Vergara),Aguapeú,ITANHAEM
11747-312,Rua Trinta e Oito (Umuarama Pq Itanhaem),Umuarama,ITANHAEM
11749-650,Rua Trinta e Quatro (Baln Beatriz),Bopiranga,ITANHAEM
11757-774,Rua Trinta e Quatro (Chac Bopiranga),Jamaica (Interior),ITANHAEM
11756-472,Rua Trinta e Quatro (Chac Jamaica),Jamaica (Interior),ITANHAEM
11744-432,Rua Trinta e Quatro (Jd Aguapeu),Aguapeú,ITANHAEM
11751-640,Rua Trinta e Quatro (Jd Anchieta Itanhaem),Jardim Anchieta,ITANHAEM
11755-120,Rua Trinta e Quatro (Jd Maramba),Gaivota (Interior),ITANHAEM
11749-652,Rua Trinta e Seis (Baln Beatriz),Bopiranga,ITANHAEM
11757-778,Rua Trinta e Seis (Chac Bopiranga),Jamaica (Interior),ITANHAEM
11756-476,Rua Trinta e Seis (Chac Jamaica),Jamaica (Interior),ITANHAEM
11744-464,Rua Trinta e Seis (Jd Aguapeu),Aguapeú,ITANHAEM
11751-656,Rua Trinta e Seis (Jd Anchieta Itanhaem),Jardim Anchieta,ITANHAEM
11755-124,Rua Trinta e Seis (Jd Maramba),Gaivota (Interior),ITANHAEM
11755-724,Rua Trinta e Seis (Jd Palmeiras II),Jamaica (Interior),ITANHAEM
11743-346,Rua Trinta e Seis (Lot Res Guapurá),Guapurá,ITANHAEM
11757-780,Rua Trinta e Sete (Chac Bopiranga),Jamaica (Interior),ITANHAEM
11756-478,Rua Trinta e Sete (Chac Jamaica),Jamaica (Interior),ITANHAEM
11744-536,Rua Trinta e Sete (Jd Aguapeu),Aguapeú,ITANHAEM
11751-680,Rua Trinta e Sete (Jd Anchieta Itanhaem),Jardim Anchieta,ITANHAEM
11755-128,Rua Trinta e Sete (Jd Maramba),Gaivota (Interior),ITANHAEM
11755-726,Rua Trinta e Sete (Jd Palmeiras II),Jamaica (Interior),ITANHAEM
11743-364,Rua Trinta e Sete (Lot Res Guapurá),Guapurá,ITANHAEM
11750-280,Rua Trinta e Três (Baln Jd Itanhaem (Grandesp)),São Fernando (Chácaras),ITANHAEM
11757-772,Rua Trinta e Três (Chac Bopiranga),Jamaica (Interior),ITANHAEM
11756-470,Rua Trinta e Três (Chac Jamaica),Jamaica (Interior),ITANHAEM
11751-638,Rua Trinta e Três (Jd Anchieta Itanhaem),Jardim Anchieta,ITANHAEM
11755-118,Rua Trinta e Três (Jd Maramba),Gaivota (Interior),ITANHAEM
11755-718,Rua Trinta e Três (Jd Palmeiras II),Jamaica (Interior),ITANHAEM
11744-400,Rua Trinta e Um,Aguapeú,ITANHAEM
11750-276,Rua Trinta e Um (Baln Jd Itanhaem (Grandesp)),São Fernando (Chácaras),ITANHAEM
11757-768,Rua Trinta e Um (Chac Bopiranga),Jamaica (Interior),ITANHAEM
11756-464,Rua Trinta e Um (Chac Jamaica),Jamaica (Interior),ITANHAEM
11751-630,Rua Trinta e Um (Jd Anchieta Itanhaem),Jardim Anchieta,ITANHAEM
11740-618,Rua Trinta e Um (Jd Magalhaes),Nova Itanhaém (Praia),ITANHAEM
11755-114,Rua Trinta e Um (Jd Maramba),Gaivota (Interior),ITANHAEM
11755-714,Rua Trinta e Um (Jd Palmeiras II),Jamaica (Interior),ITANHAEM
11754-728,Rua Trinta e Um (Jd Paraiso),Gaivota (Praia),ITANHAEM
11744-208,Rua Trinta e Um (Pq Vergara),Aguapeú,ITANHAEM
11747-276,Rua Trinta e Um (Umuarama Pq Itanhaem),Umuarama,ITANHAEM
11744-528,Rua Trinta (Jd Aguapeu),Aguapeú,ITANHAEM
11755-112,Rua Trinta (Jd Maramba),Gaivota (Interior),ITANHAEM
11755-712,Rua Trinta (Jd Palmeiras II),Jamaica (Interior),ITANHAEM
11754-726,Rua Trinta (Jd Paraiso),Gaivota (Praia),ITANHAEM
11740-466,Rua Cinco,Guarda Civil,ITANHAEM
11743-568,Rua Cinco,Tropical,ITANHAEM
11741-520,Rua Cinco (Baln Auri-Verde),Verde Mar,ITANHAEM
11757-202,Rua Cinco (Baln Beatriz),Jamaica (Interior),ITANHAEM
11754-240,Rua Cinco (Baln California),Jamaica (Praia),ITANHAEM
11740-576,Rua Cinco (Baln P Alegre),Nova Itanhaém (Praia),ITANHAEM
11754-062,Rua Cinco (Baln S Marcos),Jamaica (Praia),ITANHAEM
11741-156,Rua Cinco (Baln Santista),Marrocos,ITANHAEM
11750-568,Rua Cinco (Chac B Retiro),Cibratel (Chácaras),ITANHAEM
11750-494,Rua Cinco (Chac B Retiro),São Fernando (Chácaras),ITANHAEM
11757-714,Rua Cinco (Chac Bopiranga),Jamaica (Interior),ITANHAEM
11756-410,Rua Cinco (Chac Jamaica),Jamaica (Interior),ITANHAEM
11755-626,Rua Cinco (Chac Lucel),Gaivota (Interior),ITANHAEM
11747-744,Rua Cinco (Chac Myawaki),Jardim Coronel,ITANHAEM
11752-276,Rua Cinco (Est Ipanema),Jardim Anchieta,ITANHAEM
11747-728,Rua Cinco (Est Nautica),Jardim Coronel,ITANHAEM
11755-444,Rua Cinco (Est S Pedro),Gaivota (Interior),ITANHAEM
11752-082,Rua Cinco (Est Santana I),Jardim Anchieta,ITANHAEM
11752-336,Rua Cinco (Est Savanah),Jardim Anchieta,ITANHAEM
11744-408,Rua Cinco (Jd Aguapeu),Aguapeú,ITANHAEM
11749-530,Rua Cinco (Jd Edel),Bopiranga,ITANHAEM
11750-298,Rua Cinco (Jd Esmeralda),São Fernando (Chácaras),ITANHAEM
11755-180,Rua Cinco (Jd Fenix),Gaivota (Interior),ITANHAEM
11747-670,Rua Cinco (Jd Imigrantes),Jardim Coronel,ITANHAEM
11754-508,Rua Cinco (Jd Luizamar Mirim),Gaivota (Praia),ITANHAEM
11754-800,Rua Cinco (Jd Maramba),Gaivota (Praia),ITANHAEM
11755-824,Rua Cinco (Jd Palmeiras III),Jamaica (Interior),ITANHAEM
11747-694,Rua Cinco (Jd Pescador),Jardim Coronel,ITANHAEM
11752-220,Rua Cinco (Jd Primavera),Jardim Anchieta,ITANHAEM
11747-644,Rua Cinco (Jd Rio Preto),Jardim Coronel,ITANHAEM
11740-862,Rua Cinco (Jd Ritamar),Jardim Suarão (Praia),ITANHAEM
11749-824,Rua Cinco (Jd S Fernando),São Fernando (Chácaras),ITANHAEM
11754-208,Rua Cinco (Jd S Joao),Jamaica (Praia),ITANHAEM
11741-016,Rua Cinco (Pq Jequitiba),Jardim Suarão (Praia),ITANHAEM
11752-364,Rua Cinco (Pq Royalle),Jardim Anchieta,ITANHAEM
11744-068,Rua Cinco (Pq Vergara),Aguapeú,ITANHAEM
11748-114,Rua Cinco (Puerta de Madrid),Jardim Coronel,ITANHAEM
11741-010,Rua Cinco (Rec Antonella),Jardim Suarão (Praia),ITANHAEM
11755-278,Rua Cinco (Rec Imigrantes),Gaivota (Interior),ITANHAEM
11755-330,Rua Cinco (Rec Indaia),Gaivota (Interior),ITANHAEM
11747-084,Rua Cinco (Umuarama Pq Itanhaem),Sabaúna,ITANHAEM
11757-806,Rua Cinquenta (Chac Bopiranga),Jamaica (Interior),ITANHAEM
11756-506,Rua Cinquenta (Chac Jamaica),Jamaica (Interior),ITANHAEM
11757-816,Rua Cinquenta e Cinco (Chac Bopiranga),Jamaica (Interior),ITANHAEM
11756-516,Rua Cinquenta e Cinco (Chac Jamaica),Jamaica (Interior),ITANHAEM
11751-734,Rua Cinquenta e Cinco (Jd Anchieta Itanhaem),Jardim Anchieta,ITANHAEM
11757-810,Rua Cinquenta e Dois (Chac Bopiranga),Jamaica (Interior),ITANHAEM
11756-510,Rua Cinquenta e Dois (Chac Jamaica),Jamaica (Interior),ITANHAEM
11751-718,Rua Cinquenta e Dois (Jd Anchieta Itanhaem),Jardim Anchieta,ITANHAEM
11755-162,Rua Cinquenta e Dois (Jd Maramba),Gaivota (Interior),ITANHAEM
11757-824,Rua Cinquenta e Nove (Chac Bopiranga),Jamaica (Interior),ITANHAEM
11751-706,Rua Cinquenta e Nove (Jd Anchieta Itanhaem),Jardim Anchieta,ITANHAEM
11749-680,Rua Cinquenta e Oito (Baln Beatriz),Bopiranga,ITANHAEM
11757-822,Rua Cinquenta e Oito (Chac Bopiranga),Jamaica (Interior),ITANHAEM
11756-518,Rua Cinquenta e Oito (Chac Jamaica),Jamaica (Interior),ITANHAEM
11749-676,Rua Cinquenta e Quatro (Baln Beatriz),Bopiranga,ITANHAEM
11757-814,Rua Cinquenta e Quatro (Chac Bopiranga),Jamaica (Interior),ITANHAEM
11756-514,Rua Cinquenta e Quatro (Chac Jamaica),Jamaica (Interior),ITANHAEM
11751-728,Rua Cinquenta e Quatro (Jd Anchieta Itanhaem),Jardim Anchieta,ITANHAEM
11749-678,Rua Cinquenta e Seis (Baln Beatriz),Bopiranga,ITANHAEM
11757-818,Rua Cinquenta e Seis (Chac Bopiranga),Jamaica (Interior),ITANHAEM
11756-520,Rua Cinquenta e Seis (Chac Jamaica),Jamaica (Interior),ITANHAEM
11751-738,Rua Cinquenta e Seis (Jd Anchieta Itanhaem),Jardim Anchieta,ITANHAEM
11757-820,Rua Cinquenta e Sete (Chac Bopiranga),Jamaica (Interior),ITANHAEM
11756-522,Rua Cinquenta e Sete (Chac Jamaica),Jamaica (Interior),ITANHAEM
11751-704,Rua Cinquenta e Sete (Jd Anchieta Itanhaem),Jardim Anchieta,ITANHAEM
11757-812,Rua Cinquenta e Três (Chac Bopiranga),Jamaica (Interior),ITANHAEM
11756-512,Rua Cinquenta e Três (Chac Jamaica),Jamaica (Interior),ITANHAEM
11751-726,Rua Cinquenta e Três (Jd Anchieta Itanhaem),Jardim Anchieta,ITANHAEM
11755-164,Rua Cinquenta e Três (Jd Maramba),Gaivota (Interior),ITANHAEM
11757-808,Rua Cinquenta e Um (Chac Bopiranga),Jamaica (Interior),ITANHAEM
11756-508,Rua Cinquenta e Um (Chac Jamaica),Jamaica (Interior),ITANHAEM
11751-716,Rua Cinquenta e Um (Jd Anchieta Itanhaem),Jardim Anchieta,ITANHAEM
11755-160,Rua Cinquenta e Um (Jd Maramba),Gaivota (Interior),ITANHAEM
11751-702,Rua Cinquenta (Jd Anchieta Itanhaem),Jardim Anchieta,ITANHAEM
11755-158,Rua Cinquenta (Jd Maramba),Gaivota (Interior),ITANHAEM
11744-020,Rua Cinquenta (Pq Vergara),Aguapeú,ITANHAEM
11741-530,Rua Dez (Baln Auri-Verde),Verde Mar,ITANHAEM
11754-252,Rua Dez (Baln California),Jamaica (Praia),ITANHAEM
11754-074,Rua Dez (Baln S Marcos),Jamaica (Praia),ITANHAEM
11757-724,Rua Dez (Chac Bopiranga),Jamaica (Interior),ITANHAEM
11756-418,Rua Dez (Chac Jamaica),Jamaica (Interior),ITANHAEM
11752-298,Rua Dez (Est Ipanema),Jardim Anchieta,ITANHAEM
11755-454,Rua Dez (Est S Pedro),Gaivota (Interior),ITANHAEM
11752-112,Rua Dez (Est Santana I),Jardim Anchieta,ITANHAEM
11752-350,Rua Dez (Est Savanah),Jardim Anchieta,ITANHAEM
11750-308,Rua Dez (Jd Esmeralda),São Fernando (Chácaras),ITANHAEM
11755-190,Rua Dez (Jd Fenix),Gaivota (Interior),ITANHAEM
11747-680,Rua Dez (Jd Imigrantes),Jardim Coronel,ITANHAEM
11754-514,Rua Dez (Jd Luizamar Mirim),Gaivota (Praia),ITANHAEM
11740-610,Rua Dez (Jd Magalhaes),Nova Itanhaém (Praia),ITANHAEM
11755-078,Rua Dez (Jd Maramba),Gaivota (Interior),ITANHAEM
11747-708,Rua Dez (Jd Pescador),Jardim Coronel,ITANHAEM
11752-232,Rua Dez (Jd Primavera),Jardim Anchieta,ITANHAEM
11747-626,Rua Dez (Jd Rio Preto),Jardim Coronel,ITANHAEM
11749-842,Rua Dez (Jd S Fernando),São Fernando (Chácaras),ITANHAEM
11754-214,Rua Dez (Jd S Joao),Jamaica (Praia),ITANHAEM
11749-506,Rua Dez (Jd Valeria),Bopiranga,ITANHAEM
11752-374,Rua Dez (Pq Royalle),Jardim Anchieta,ITANHAEM
11755-288,Rua Dez (Rec Imigrantes),Gaivota (Interior),ITANHAEM
11755-340,Rua Dez (Rec Indaia),Gaivota (Interior),ITANHAEM
11754-332,Rua Dez (Res Pq Augustus),Jamaica (Praia),ITANHAEM
11754-288,Rua Dezenove (Baln California),Jamaica (Praia),ITANHAEM
11754-046,Rua Dezenove (Baln S Marcos),Jamaica (Praia),ITANHAEM
11743-528,Rua Dezenove (Baln Tropical),Tropical,ITANHAEM
11757-742,Rua Dezenove (Chac Bopiranga),Jamaica (Interior),ITANHAEM
11757-652,Rua Dezenove (Chac Educ Santista),Jamaica (Interior),ITANHAEM
11756-436,Rua Dezenove (Chac Jamaica),Jamaica (Interior),ITANHAEM
11752-102,Rua Dezenove (Est Santana I),Jardim Anchieta,ITANHAEM
11751-622,Rua Dezenove (Jd Anchieta Itanhaem),Jardim Anchieta,ITANHAEM
11748-140,Rua Dezenove (Jd Cunhambebe),Jardim Coronel,ITANHAEM
11749-550,Rua Dezenove (Jd Edel),Bopiranga,ITANHAEM
11750-326,Rua Dezenove (Jd Esmeralda),São Fernando (Chácaras),ITANHAEM
11755-206,Rua Dezenove (Jd Fenix),Gaivota (Interior),ITANHAEM
11754-530,Rua Dezenove (Jd Luizamar Mirim),Gaivota (Praia),ITANHAEM
11742-472,Rua Dezenove (Jd Magalhaes),Nossa Senhora do Sion,ITANHAEM
11755-090,Rua Dezenove (Jd Maramba),Gaivota (Interior),ITANHAEM
11752-254,Rua Dezenove (Jd Primavera),Jardim Anchieta,ITANHAEM
11747-606,Rua Dezenove (Jd Rio Preto),Jardim Coronel,ITANHAEM
11741-766,Rua Dezenove (Jd Ritamar),Jardim Suarão (Interior),ITANHAEM
11749-860,Rua Dezenove (Jd S Fernando),São Fernando (Chácaras),ITANHAEM
11754-232,Rua Dezenove (Jd S Joao),Jamaica (Praia),ITANHAEM
11747-386,Rua Dezenove (Pq Riomar),Umuarama,ITANHAEM
11744-156,Rua Dezenove (Pq Vergara),Aguapeú,ITANHAEM
11755-306,Rua Dezenove (Rec Imigrantes),Gaivota (Interior),ITANHAEM
11755-358,Rua Dezenove (Rec Indaia),Gaivota (Interior),ITANHAEM
11754-374,Rua Dezenove (Res Pq Augustus),Jamaica (Praia),ITANHAEM
11757-062,Rua Dezesseis (Baln S Marcos),Jamaica (Interior),ITANHAEM
11742-578,Rua Dezesseis (Baln Tropical),Nova Itanhaém (Interior),ITANHAEM
11757-736,Rua Dezesseis (Chac Bopiranga),Jamaica (Interior),ITANHAEM
11756-430,Rua Dezesseis (Chac Jamaica),Jamaica (Interior),ITANHAEM
11752-316,Rua Dezesseis (Est Ipanema),Jardim Anchieta,ITANHAEM
11752-110,Rua Dezesseis (Est Santana I),Jardim Anchieta,ITANHAEM
11744-496,Rua Dezesseis (Jd Aguapeu),Aguapeú,ITANHAEM
11749-546,Rua Dezesseis (Jd Edel),Bopiranga,ITANHAEM
11750-320,Rua Dezesseis (Jd Esmeralda),São Fernando (Chácaras),ITANHAEM
11755-202,Rua Dezesseis (Jd Fenix),Gaivota (Interior),ITANHAEM
11754-524,Rua Dezesseis (Jd Luizamar Mirim),Gaivota (Praia),ITANHAEM
11755-084,Rua Dezesseis (Jd Maramba),Gaivota (Interior),ITANHAEM
11752-252,Rua Dezesseis (Jd Primavera),Jardim Anchieta,ITANHAEM
11747-614,Rua Dezesseis (Jd Rio Preto),Jardim Coronel,ITANHAEM
11741-760,Rua Dezesseis (Jd Ritamar),Jardim Suarão (Interior),ITANHAEM
11749-854,Rua Dezesseis (Jd S Fernando),São Fernando (Chácaras),ITANHAEM
11743-372,Rua Dezesseis (Lot Res Guapurá),Guapurá,ITANHAEM
11752-390,Rua Dezesseis (Pq Royalle),Jardim Anchieta,ITANHAEM
11744-108,Rua Dezesseis (Pq Vergara),Aguapeú,ITANHAEM
11755-300,Rua Dezesseis (Rec Imigrantes),Gaivota (Interior),ITANHAEM
11755-352,Rua Dezesseis (Rec Indaia),Gaivota (Interior),ITANHAEM
11754-364,Rua Dezesseis (Res Pq Augustus),Jamaica (Praia),ITANHAEM
11754-282,Rua Dezessete (Baln California),Jamaica (Praia),ITANHAEM
11749-238,Rua Dezessete (Baln Jd (Grandesp)),Tupy,ITANHAEM
11757-064,Rua Dezessete (Baln S Marcos),Jamaica (Interior),ITANHAEM
11757-738,Rua Dezessete (Chac Bopiranga),Jamaica (Interior),ITANHAEM
11756-432,Rua Dezessete (Chac Jamaica),Jamaica (Interior),ITANHAEM
11754-634,Rua Dezessete (Est S Pedro),Gaivota (Praia),ITANHAEM
11752-106,Rua Dezessete (Est Santana I),Jardim Anchieta,ITANHAEM
11744-504,Rua Dezessete (Jd Aguapeu),Aguapeú,ITANHAEM
11748-126,Rua Dezessete (Jd Cunhambebe),Jardim Coronel,ITANHAEM
11750-322,Rua Dezessete (Jd Esmeralda),São Fernando (Chácaras),ITANHAEM
11755-204,Rua Dezessete (Jd Fenix),Gaivota (Interior),ITANHAEM
11755-086,Rua Dezessete (Jd Maramba),Gaivota (Interior),ITANHAEM
11752-248,Rua Dezessete (Jd Primavera),Jardim Anchieta,ITANHAEM
11747-612,Rua Dezessete (Jd Rio Preto),Jardim Coronel,ITANHAEM
11741-762,Rua Dezessete (Jd Ritamar),Jardim Suarão (Interior),ITANHAEM
11749-856,Rua Dezessete (Jd S Fernando),São Fernando (Chácaras),ITANHAEM
11754-228,Rua Dezessete (Jd S Joao),Jamaica (Praia),ITANHAEM
11741-556,Rua Dezessete (Jd Sta Terezinha),Verde Mar,ITANHAEM
11743-434,Rua Dezessete (Lot Res Guapurá),Guapurá,ITANHAEM
11741-632,Rua Dezessete (Pq Jequitiba),Verde Mar,ITANHAEM
11744-112,Rua Dezessete (Pq Vergara),Aguapeú,ITANHAEM
11755-302,Rua Dezessete (Rec Imigrantes),Gaivota (Interior),ITANHAEM
11755-354,Rua Dezessete (Rec Indaia),Gaivota (Interior),ITANHAEM
11754-368,Rua Dezessete (Res Pq Augustus),Jamaica (Praia),ITANHAEM
11754-286,Rua Dezoito (Baln California),Jamaica (Praia),ITANHAEM
11757-066,Rua Dezoito (Baln S Marcos),Jamaica (Interior),ITANHAEM
11743-524,Rua Dezoito (Baln Tropical),Tropical,ITANHAEM
11757-740,Rua Dezoito (Chac Bopiranga),Jamaica (Interior),ITANHAEM
11756-434,Rua Dezoito (Chac Jamaica),Jamaica (Interior),ITANHAEM
11752-108,Rua Dezoito (Est Santana I),Jardim Anchieta,ITANHAEM
11748-146,Rua Dezoito (Jd Cunhambebe),Jardim Coronel,ITANHAEM
11750-324,Rua Dezoito (Jd Esmeralda),São Fernando (Chácaras),ITANHAEM
11755-208,Rua Dezoito (Jd Fenix),Gaivota (Interior),ITANHAEM
11755-088,Rua Dezoito (Jd Maramba),Gaivota (Interior),ITANHAEM
11752-250,Rua Dezoito (Jd Primavera),Jardim Anchieta,ITANHAEM
11747-608,Rua Dezoito (Jd Rio Preto),Jardim Coronel,ITANHAEM
11741-764,Rua Dezoito (Jd Ritamar),Jardim Suarão (Interior),ITANHAEM
11749-858,Rua Dezoito (Jd S Fernando),São Fernando (Chácaras),ITANHAEM
11754-230,Rua Dezoito (Jd S Joao),Jamaica (Praia),ITANHAEM
11741-558,Rua Dezoito (Jd Sta Terezinha),Verde Mar,ITANHAEM
11747-384,Rua Dezoito (Pq Riomar),Umuarama,ITANHAEM
11744-116,Rua Dezoito (Pq Vergara),Aguapeú,ITANHAEM
11755-304,Rua Dezoito (Rec Imigrantes),Gaivota (Interior),ITANHAEM
11755-356,Rua Dezoito (Rec Indaia),Gaivota (Interior),ITANHAEM
11754-372,Rua Dezoito (Res Pq Augustus),Jamaica (Praia),ITANHAEM
11749-548,Rua Dezooito (Jd Edel),Bopiranga,ITANHAEM
11754-290,Rua Vinte (Baln California),Jamaica (Praia),ITANHAEM
11754-032,Rua Vinte (Baln S Marcos),Jamaica (Praia),ITANHAEM
11757-744,Rua Vinte (Chac Bopiranga),Jamaica (Interior),ITANHAEM
11756-438,Rua Vinte (Chac Jamaica),Jamaica (Interior),ITANHAEM
11750-264,Rua Vinte e Cinco (Baln Jd Itanhaem (Grandesp)),São Fernando (Chácaras),ITANHAEM
11754-688,Rua Vinte e Cinco (Baln S Jorge),Gaivota (Praia),ITANHAEM
11757-756,Rua Vinte e Cinco (Chac Bopiranga),Jamaica (Interior),ITANHAEM
11756-452,Rua Vinte e Cinco (Chac Jamaica),Jamaica (Interior),ITANHAEM
11752-090,Rua Vinte e Cinco (Est Santana I),Jardim Anchieta,ITANHAEM
11754-540,Rua Vinte e Cinco (Jd Luizamar Mirim),Gaivota (Praia),ITANHAEM
11743-604,Rua Vinte e Cinco (Jd Magalhaes),Tropical,ITANHAEM
11755-102,Rua Vinte e Cinco (Jd Maramba),Gaivota (Interior),ITANHAEM
11754-716,Rua Vinte e Cinco (Jd Paraiso),Gaivota (Praia),ITANHAEM
11741-778,Rua Vinte e Cinco (Jd Ritamar),Jardim Suarão (Interior),ITANHAEM
11741-572,Rua Vinte e Cinco (Jd Sta Terezinha),Verde Mar,ITANHAEM
11743-350,Rua Vinte e Cinco (Lot Res Guapurá),Guapurá,ITANHAEM
11741-648,Rua Vinte e Cinco (Pq Jequitiba),Verde Mar,ITANHAEM
11744-172,Rua Vinte e Cinco (Pq Vergara),Aguapeú,ITANHAEM
11755-318,Rua Vinte e Cinco (Rec Imigrantes),Gaivota (Interior),ITANHAEM
11749-638,Rua Vinte e Dois (Baln Beatriz),Bopiranga,ITANHAEM
11754-294,Rua Vinte e Dois (Baln California),Jamaica (Praia),ITANHAEM
11757-750,Rua Vinte e Dois (Chac Bopiranga),Jamaica (Interior),ITANHAEM
11756-446,Rua Vinte e Dois (Chac Jamaica),Jamaica (Interior),ITANHAEM
11752-096,Rua Vinte e Dois (Est Santana I),Jardim Anchieta,ITANHAEM
11744-520,Rua Vinte e Dois (Jd Aguapeu),Aguapeú,ITANHAEM
11751-600,Rua Vinte e Dois (Jd Anchieta Itanhaem),Jardim Anchieta,ITANHAEM
11748-148,Rua Vinte e Dois (Jd Cunhambebe),Jardim Coronel,ITANHAEM
11749-556,Rua Vinte e Dois (Jd Edel),Bopiranga,ITANHAEM
11755-214,Rua Vinte e Dois (Jd Fenix),Gaivota (Interior),ITANHAEM
11742-478,Rua Vinte e Dois (Jd Magalhaes),Nossa Senhora do Sion,ITANHAEM
11755-096,Rua Vinte e Dois (Jd Maramba),Gaivota (Interior),ITANHAEM
11752-262,Rua Vinte e Dois (Jd Primavera),Jardim Anchieta,ITANHAEM
11747-632,Rua Vinte e Dois (Jd Rio Preto),Jardim Coronel,ITANHAEM
11741-772,Rua Vinte e Dois (Jd Ritamar),Jardim Suarão (Interior),ITANHAEM
11749-866,Rua Vinte e Dois (Jd S Fernando),São Fernando (Chácaras),ITANHAEM
11741-562,Rua Vinte e Dois (Jd Sta Terezinha),Verde Mar,ITANHAEM
11741-642,Rua Vinte e Dois (Pq Jequitiba),Verde Mar,ITANHAEM
11744-188,Rua Vinte e Dois (Pq Vergara),Aguapeú,ITANHAEM
11755-312,Rua Vinte e Dois (Rec Imigrantes),Gaivota (Interior),ITANHAEM
11755-364,Rua Vinte e Dois (Rec Indaia),Gaivota (Interior),ITANHAEM
11750-272,Rua Vinte e Nove (Baln Jd Itanhaem (Grandesp)),São Fernando (Chácaras),ITANHAEM
11757-764,Rua Vinte e Nove (Chac Bopiranga),Jamaica (Interior),ITANHAEM
11756-460,Rua Vinte e Nove (Chac Jamaica),Jamaica (Interior),ITANHAEM
11744-392,Rua Vinte e Nove (Jd Aguapeu),Aguapeú,ITANHAEM
11751-610,Rua Vinte e Nove (Jd Anchieta Itanhaem),Jardim Anchieta,ITANHAEM
11743-612,Rua Vinte e Nove (Jd Magalhaes),Tropical,ITANHAEM
11755-110,Rua Vinte e Nove (Jd Maramba),Gaivota (Interior),ITANHAEM
11755-710,Rua Vinte e Nove (Jd Palmeiras II),Jamaica (Interior),ITANHAEM
11754-724,Rua Vinte e Nove (Jd Paraiso),Gaivota (Praia),ITANHAEM
11744-224,Rua Vinte e Nove (Pq Vergara),Aguapeú,ITANHAEM
11757-762,Rua Vinte e Oito (Chac Bopiranga),Jamaica (Interior),ITANHAEM
11757-668,Rua Vinte e oito (Chac Educ Santista),Jamaica (Interior),ITANHAEM
11756-458,Rua Vinte e Oito (Chac Jamaica),Jamaica (Interior),ITANHAEM
11744-376,Rua Vinte e Oito (Jd Aguapeu),Aguapeú,ITANHAEM
11751-606,Rua Vinte e Oito (Jd Anchieta Itanhaem),Jardim Anchieta,ITANHAEM
11743-610,Rua Vinte e Oito (Jd Magalhaes),Tropical,ITANHAEM
11755-108,Rua Vinte e Oito (Jd Maramba),Gaivota (Interior),ITANHAEM
11744-232,Rua Vinte e Oito (Pq Vergara),Aguapeú,ITANHAEM
11755-100,Rua Vinte e Quatro,Gaivota (Interior),ITANHAEM
11749-640,Rua Vinte e Quatro (Baln Beatriz),Bopiranga,ITANHAEM
11754-298,Rua Vinte e Quatro (Baln California),Jamaica (Praia),ITANHAEM
11757-754,Rua Vinte e Quatro (Chac Bopiranga),Jamaica (Interior),ITANHAEM
11756-450,Rua Vinte e Quatro (Chac Jamaica),Jamaica (Interior),ITANHAEM
11752-092,Rua Vinte e Quatro (Est Santana I),Jardim Anchieta,ITANHAEM
11748-152,Rua Vinte e Quatro (Jd Cunhambebe),Jardim Coronel,ITANHAEM
11755-858,Rua Vinte e Quatro (Jd Diplomata),Jamaica (Interior),ITANHAEM
11754-538,Rua Vinte e Quatro (Jd Luizamar Mirim),Gaivota (Praia),ITANHAEM
11743-600,Rua Vinte e Quatro (Jd Magalhaes),Tropical,ITANHAEM
11747-654,Rua Vinte e Quatro (Jd Rio Preto),Jardim Coronel,ITANHAEM
11741-776,Rua Vinte e Quatro (Jd Ritamar),Jardim Suarão (Interior),ITANHAEM
11741-646,Rua Vinte e Quatro (Pq Jequitiba),Verde Mar,ITANHAEM
11755-316,Rua Vinte e Quatro (Rec Imigrantes),Gaivota (Interior),ITANHAEM
11743-606,Rua Vinte e Seis,Tropical,ITANHAEM
11749-642,Rua Vinte e Seis (Baln Beatriz),Bopiranga,ITANHAEM
11757-758,Rua Vinte e Seis (Chac Bopiranga),Jamaica (Interior),ITANHAEM
11756-454,Rua Vinte e Seis (Chac Jamaica),Jamaica (Interior),ITANHAEM
11751-586,Rua Vinte e Seis (Jd Anchieta Itanhaem),Jardim Anchieta,ITANHAEM
11755-104,Rua Vinte e Seis (Jd Maramba),Gaivota (Interior),ITANHAEM
11755-704,Rua Vinte e Seis (Jd Palmeiras II),Jamaica (Interior),ITANHAEM
11754-718,Rua Vinte e Seis (Jd Paraiso),Gaivota (Praia),ITANHAEM
11741-780,Rua Vinte e Seis (Jd Ritamar),Jardim Suarão (Interior),ITANHAEM
11743-368,Rua Vinte e Seis (Lot Res Guapurá),Guapurá,ITANHAEM
11741-650,Rua Vinte e Seis (Pq Jequitiba),Verde Mar,ITANHAEM
11744-168,Rua Vinte e Seis (Pq Vergara),Aguapeú,ITANHAEM
11757-760,Rua Vinte e Sete (Chac Bopiranga),Jamaica (Interior),ITANHAEM
11756-456,Rua Vinte e Sete (Chac Jamaica),Jamaica (Interior),ITANHAEM
11751-588,Rua Vinte e Sete (Jd Anchieta Itanhaem),Jardim Anchieta,ITANHAEM
11754-544,Rua Vinte e Sete (Jd Luizamar Mirim),Gaivota (Praia),ITANHAEM
11743-608,Rua Vinte e Sete (Jd Magalhaes),Tropical,ITANHAEM
11755-106,Rua Vinte e Sete (Jd Maramba),Gaivota (Interior),ITANHAEM
11755-706,Rua Vinte e Sete (Jd Palmeiras II),Jamaica (Interior),ITANHAEM
11754-720,Rua Vinte e Sete (Jd Paraiso),Gaivota (Praia),ITANHAEM
11756-668,Rua Vinte e Sete (Jd Regina),Jamaica (Interior),ITANHAEM
11741-782,Rua Vinte e Sete (Jd Ritamar),Jardim Suarão (Interior),ITANHAEM
11743-420,Rua Vinte e Sete (Lot Res Guapurá),Guapurá,ITANHAEM
11744-164,Rua Vinte e Sete (Pq Vergara),Aguapeú,ITANHAEM
11743-548,Rua Vinte e Sete (Vl N Itanhaem),Tropical,ITANHAEM
11754-296,Rua Vinte e Três (Baln California),Jamaica (Praia),ITANHAEM
11754-666,Rua Vinte e Três (Baln S Jorge),Gaivota (Praia),ITANHAEM
11757-752,Rua Vinte e Três (Chac Bopiranga),Jamaica (Interior),ITANHAEM
11756-448,Rua Vinte e Três (Chac Jamaica),Jamaica (Interior),ITANHAEM
11752-094,Rua Vinte e Três (Est Santana I),Jardim Anchieta,ITANHAEM
11751-604,Rua Vinte e Três (Jd Anchieta Itanhaem),Jardim Anchieta,ITANHAEM
11754-432,Rua Vinte e Três (Jd Diplomata),Gaivota (Praia),ITANHAEM
11755-212,Rua Vinte e Três (Jd Fenix),Gaivota (Interior),ITANHAEM
11754-536,Rua Vinte e Três (Jd Luizamar Mirim),Gaivota (Praia),ITANHAEM
11755-098,Rua Vinte e Três (Jd Maramba),Gaivota (Interior),ITANHAEM
11752-264,Rua Vinte e Três (Jd Primavera),Jardim Anchieta,ITANHAEM
11747-642,Rua Vinte e Três (Jd Rio Preto),Jardim Coronel,ITANHAEM
11741-774,Rua Vinte e Três (Jd Ritamar),Jardim Suarão (Interior),ITANHAEM
11741-568,Rua Vinte e Três (Jd Sta Terezinha),Verde Mar,ITANHAEM
11741-644,Rua Vinte e Três (Pq Jequitiba),Verde Mar,ITANHAEM
11744-184,Rua Vinte e Três (Pq Vergara),Aguapeú,ITANHAEM
11755-314,Rua Vinte e Três (Rec Imigrantes),Gaivota (Interior),ITANHAEM
11755-366,Rua Vinte e Três (Rec Indaia),Gaivota (Interior),ITANHAEM
11742-476,Rua Vinte e Um,Nossa Senhora do Sion,ITANHAEM
11754-292,Rua Vinte e Um (Baln California),Jamaica (Praia),ITANHAEM
11743-516,Rua Vinte e Um (Baln J Atlântico),Tropical,ITANHAEM
11757-748,Rua Vinte e Um (Chac Bopiranga),Jamaica (Interior),ITANHAEM
11756-440,Rua Vinte e Um (Chac Jamaica),Jamaica (Interior),ITANHAEM
11752-098,Rua Vinte e Um (Est Santana I),Jardim Anchieta,ITANHAEM
11744-288,Rua Vinte e Um (Jd Aguapeu),Aguapeú,ITANHAEM
11748-144,Rua Vinte e Um (Jd Cunhambebe),Jardim Coronel,ITANHAEM
11749-554,Rua Vinte e Um (Jd Edel),Bopiranga,ITANHAEM
11755-216,Rua Vinte e Um (Jd Fenix),Gaivota (Interior),ITANHAEM
11754-534,Rua Vinte e Um (Jd Luizamar Mirim),Gaivota (Praia),ITANHAEM
11755-094,Rua Vinte e Um (Jd Maramba),Gaivota (Interior),ITANHAEM
11752-260,Rua Vinte e Um (Jd Primavera),Jardim Anchieta,ITANHAEM
11747-602,Rua Vinte e Um (Jd Rio Preto),Jardim Coronel,ITANHAEM
11741-770,Rua Vinte e Um (Jd Ritamar),Jardim Suarão (Interior),ITANHAEM
11749-864,Rua Vinte e Um (Jd S Fernando),São Fernando (Chácaras),ITANHAEM
11741-564,Rua Vinte e Um (Jd Sta Terezinha),Verde Mar,ITANHAEM
11743-370,Rua Vinte e Um (Lot Res Guapurá),Guapurá,ITANHAEM
11741-640,Rua Vinte e Um (Pq Jequitiba),Verde Mar,ITANHAEM
11747-388,Rua Vinte e Um (Pq Riomar),Umuarama,ITANHAEM
11744-192,Rua Vinte e Um (Pq Vergara),Aguapeú,ITANHAEM
11755-310,Rua Vinte e Um (Rec Imigrantes),Gaivota (Interior),ITANHAEM
11755-362,Rua Vinte e Um (Rec Indaia),Gaivota (Interior),ITANHAEM
11744-512,Rua Vinte (Jd Aguapeu),Aguapeú,ITANHAEM
11751-624,Rua Vinte (Jd Anchieta Itanhaem),Jardim Anchieta,ITANHAEM
11748-142,Rua Vinte (Jd Cunhambebe),Jardim Coronel,ITANHAEM
11749-552,Rua Vinte (Jd Edel),Bopiranga,ITANHAEM
11755-210,Rua Vinte (Jd Fenix),Gaivota (Interior),ITANHAEM
11742-474,Rua Vinte (Jd Magalhaes),Nossa Senhora do Sion,ITANHAEM
11755-092,Rua Vinte (Jd Maramba),Gaivota (Interior),ITANHAEM
11752-256,Rua Vinte (Jd Primavera),Jardim Anchieta,ITANHAEM
11747-604,Rua Vinte (Jd Rio Preto),Jardim Coronel,ITANHAEM
11741-768,Rua Vinte (Jd Ritamar),Jardim Suarão (Interior),ITANHAEM
11749-862,Rua Vinte (Jd S Fernando),São Fernando (Chácaras),ITANHAEM
11754-234,Rua Vinte (Jd S Joao),Jamaica (Praia),ITANHAEM
11741-566,Rua Vinte (Jd Sta Terezinha),Verde Mar,ITANHAEM
11743-352,Rua Vinte (Lot Res Guapurá),Guapurá,ITANHAEM
11744-200,Rua Vinte (Pq Vergara),Aguapeú,ITANHAEM
11755-308,Rua Vinte (Rec Imigrantes),Gaivota (Interior),ITANHAEM
11755-360,Rua Vinte (Rec Indaia),Gaivota (Interior),ITANHAEM
11754-378,Rua Vinte (Res Pq Augustus),Jamaica (Praia),ITANHAEM
11741-898,Rua 20 de Janeiro,Jardim Suarão (Interior),ITANHAEM
11756-402,Rua Marginal Dois (SP-055),Jamaica (Interior),ITANHAEM
11741-532,Rua Marginal Oito (SP-055),Verde Mar,ITANHAEM
11741-072,Rua Marginal Sete (SP-055),Campos Eliseos,ITANHAEM
11741-120,Rua Marginal Três (SP-055),Campos Eliseos,ITANHAEM
11754-382,Rua Marginal Três (SP-055),Jamaica (Praia),ITANHAEM
11746-502,Rua Marginal Um (SP-055),Corumba,ITANHAEM
11754-628,Rua Marginal Um (SP-055),Gaivota (Praia),ITANHAEM
11754-186,Rua Marginal S (SP-055),Jamaica (Praia),ITANHAEM
11749-432,Rua Marginal (SP - 055),Bopiranga,ITANHAEM
11754-144,Rua Marginal (SP-055),Jamaica (Praia),ITANHAEM
11750-252,Rua Marginal (SP-055),São Fernando (Chácaras),ITANHAEM
11749-146,Rua Maraba,Tupy,ITANHAEM
11755-412,Rua Marajó,Gaivota (Interior),ITANHAEM
11747-076,Rua Maranata,Sabaúna,ITANHAEM
11743-564,Rua Maranata,Tropical,ITANHAEM
11746-280,Rua Maranhão,Cibratel II,ITANHAEM
11754-614,Rua Maranhão,Gaivota (Praia),ITANHAEM
11754-526,Rua Marceneiro Marginal Dezessete (E.F.S),Gaivota (Praia),ITANHAEM
11754-102,Rua Márcia,Jamaica (Praia),ITANHAEM
11740-562,Rua Marcos Antonio Sabino da Silva (Baln Tropical),Nova Itanhaém (Praia),ITANHAEM
11757-718,Rua Marcos Ferreira Zobel (Chac Bopiranga),Jamaica (Interior),ITANHAEM
11743-224,Rua Marcos Paulo Duarte,Jardim Oásis,ITANHAEM
11750-128,Rua Marfim,São Fernando (Chácaras),ITANHAEM
11742-562,Rua Margarida Ramirez,Nova Itanhaém (Interior),ITANHAEM
11740-566,Rua Marginal Cinco,Nova Itanhaém (Praia),ITANHAEM
11754-528,Rua Marginal Dezoito (E.F.S),Gaivota (Praia),ITANHAEM
11741-142,Rua Marginal Dois (E.F.S.),Campos Eliseos,ITANHAEM
11742-714,Rua Marginal Dois (Jd Oasis),Laranjeiras,ITANHAEM
11746-454,Rua Marginal (E.F.S.),Cibratel II,ITANHAEM
11741-212,Rua Marginal (E.F.S.),Marrocos,ITANHAEM
11749-172,Rua Marginal (E.F.S.),Tupy,ITANHAEM
11746-457,Rua Marginal Rio do Poço (Jd Cibratel),Cibratel II,ITANHAEM
11754-788,Rua Marginal Um (E.F.S),Gaivota (Praia),ITANHAEM
11741-138,Rua Marginal Um (E.F.S.),Campos Eliseos,ITANHAEM
11741-544,Rua Maria Amelia da Silva Generoso,Verde Mar,ITANHAEM
11740-288,Rua Maria Antonia Lopes Leitao,Jardim Ivoty,ITANHAEM
11748-242,Rua Maria Aparecida Aguiar,Jardim Coronel,ITANHAEM
11744-080,Rua Maria Aparecida Rocha E Silva,Aguapeú,ITANHAEM
11741-896,Rua Maria Balint,Jardim Suarão (Interior),ITANHAEM
11747-080,Rua Maria Benedita de Mattos Poitena,Sabaúna,ITANHAEM
11746-660,Rua Maria Candida Campos Aragao,Belas Artes,ITANHAEM
11742-528,Rua Maria Cândida da Silva Moreira,Nova Itanhaém (Interior),ITANHAEM
11740-090,Rua Maria Carrasco Arnal Viudes,Centro,ITANHAEM
11741-320,Rua Maria Cecilia,Loty,ITANHAEM
11740-378,Rua Maria Celeste Pinto de Castro,Cidade Anchieta,ITANHAEM
11751-626,Rua Maria Concepcion Pazos de Oliveira,Jardim Anchieta,ITANHAEM
11749-686,Rua Maria Das Dores Rodrigues,Bopiranga,ITANHAEM
11757-138,Rua Maria Das Dores Rodrigues,Jamaica (Interior),ITANHAEM
11749-598,Rua Maria de Jesus Alves,Bopiranga,ITANHAEM
11743-452,Rua Maria Del Carmen Rodriguez Duran,Guapurá,ITANHAEM
11740-208,Rua Maria Deolinda Assunção Salles,Mosteiro,ITANHAEM
11747-146,Rua Maria do Aragipe,Sabaúna,ITANHAEM
11748-112,Rua Maria Geni Grizosti dos Santos,Jardim Coronel,ITANHAEM
11749-620,Rua Maria Luiza Penteado Colnaghi,Bopiranga,ITANHAEM
11749-198,Rua Maria Nálio Mainardi,Tupy,ITANHAEM
11742-666,Rua Maria Pires,Savoy,ITANHAEM
11754-324,Rua Maria Pureza Leal Diz,Jamaica (Praia),ITANHAEM
11743-400,Rua Maria Quitéria de Jesus (Lot Res Guapurá),Guapurá,ITANHAEM
11740-310,Rua Maria Soares dos Santos,Jardim Ivoty,ITANHAEM
11740-362,Rua Maria Soares Pedroso,Cidade Anchieta,ITANHAEM
11749-068,Rua Maria Teresa Mainardi,Tupy,ITANHAEM
11741-318,Rua Maria Tereza,Loty,ITANHAEM
11740-316,Rua Maria Tereza da Silva Pedroso,Jardim Ivoty,ITANHAEM
11746-564,Rua Maria Victoria de Araújo Bering,Corumba,ITANHAEM
11755-066,Rua Marialva,Gaivota (Interior),ITANHAEM
11743-430,Rua Mariana Ayres de Oliveira,Guapurá,ITANHAEM
11743-386,Rua Mariana dos Santos,Guapurá,ITANHAEM
11746-402,Rua Marília,Cibratel II,ITANHAEM
11747-236,Rua Marina Coeli de Amorim Pacheco,Umuarama,ITANHAEM
11746-198,Rua Marina Paes Diogo,Cibratel I,ITANHAEM
11750-548,Rua Maringá,Cibratel (Chácaras),ITANHAEM
11755-064,Rua Maringá,Gaivota (Interior),ITANHAEM
11752-134,Rua Maringá,Jardim Anchieta,ITANHAEM
11750-476,Rua Maringá,São Fernando (Chácaras),ITANHAEM
11748-510,Rua Mario Bammann,Jardim Coronel,ITANHAEM
11754-342,Rua Mario Civelli,Jamaica (Praia),ITANHAEM
11746-284,Rua Mario Coelho Garcia,Cibratel II,ITANHAEM
11752-122,Rua Mário Galvão,Jardim Anchieta,ITANHAEM
11748-262,Rua Mário Galvão,Jardim Coronel,ITANHAEM
11747-098,Rua Mario Gimenes,Sabaúna,ITANHAEM
11746-514,Rua Mario Marques de Souza,Corumba,ITANHAEM
11746-832,Rua Mario Marques Ferreira,Guapiranga,ITANHAEM
11757-002,Rua Mario Micas,Jamaica (Interior),ITANHAEM
11754-078,Rua Mario Micas,Jamaica (Praia),ITANHAEM
11746-826,Rua Mario Simões,Guapiranga,ITANHAEM
11755-728,Rua Marlene Meira Guimarães Rocha,Jamaica (Interior),ITANHAEM
11740-426,Rua Marli Silva Sales,Satélite,ITANHAEM
11741-314,Rua Marly,Loty,ITANHAEM
11749-388,Rua Marrocos,Bopiranga,ITANHAEM
11741-238,Rua Marta,Marrocos,ITANHAEM
11740-408,Rua Martinho Luz Nino,Satélite,ITANHAEM
11751-662,Rua Quarenta A (Jd Anchieta Itanhaem),Jardim Anchieta,ITANHAEM
11757-786,Rua Quarenta (Chac Bopiranga),Jamaica (Interior),ITANHAEM
11756-484,Rua Quarenta (Chac Jamaica),Jamaica (Interior),ITANHAEM
11757-796,Rua Quarenta e Cinco (Chac Bopiranga),Jamaica (Interior),ITANHAEM
11756-494,Rua Quarenta e Cinco (Chac Jamaica),Jamaica (Interior),ITANHAEM
11751-658,Rua Quarenta e Cinco (Jd Anchieta Itanhaem),Jardim Anchieta,ITANHAEM
11755-148,Rua Quarenta e Cinco (Jd Maramba),Gaivota (Interior),ITANHAEM
11751-676,Rua Quarenta e Dois A (Jd Anchieta Itanhaem),Jardim Anchieta,ITANHAEM
11757-790,Rua Quarenta e Dois (Chac Bopiranga),Jamaica (Interior),ITANHAEM
11756-488,Rua Quarenta e Dois (Chac Jamaica),Jamaica (Interior),ITANHAEM
11751-674,Rua Quarenta e Dois (Jd Anchieta Itanhaem),Jardim Anchieta,ITANHAEM
11755-140,Rua Quarenta e Dois (Jd Maramba),Gaivota (Interior),ITANHAEM
11755-742,Rua Quarenta e Dois (Jd Palmeiras II),Jamaica (Interior),ITANHAEM
11754-738,Rua Quarenta e Dois (Jd Paraiso),Gaivota (Praia),ITANHAEM
11743-362,Rua Quarenta e Dois (Lot Res Guapurá),Guapurá,ITANHAEM
11744-128,Rua Quarenta e Dois (Quarenta e Dois),Aguapeú,ITANHAEM
11747-306,Rua Quarenta e Dois (Umuarama Pq Itanhaem),Umuarama,ITANHAEM
11757-804,Rua Quarenta e Nove (Chac Bopiranga),Jamaica (Interior),ITANHAEM
11756-504,Rua Quarenta e Nove (Chac Jamaica),Jamaica (Interior),ITANHAEM
11751-712,Rua Quarenta e Nove (Jd Anchieta Itanhaem),Jardim Anchieta,ITANHAEM
11755-156,Rua Quarenta e Nove (Jd Maramba),Gaivota (Interior),ITANHAEM
11744-040,Rua Quarenta e Nove (Pq Vergara),Aguapeú,ITANHAEM
11749-670,Rua Quarenta e Oito (Baln Beatriz),Bopiranga,ITANHAEM
11757-802,Rua Quarenta e Oito (Chac Bopiranga),Jamaica (Interior),ITANHAEM
11756-502,Rua Quarenta e Oito (Chac Jamaica),Jamaica (Interior),ITANHAEM
11751-700,Rua Quarenta e Oito (Jd Anchieta Itanhaem),Jardim Anchieta,ITANHAEM
11755-154,Rua Quarenta e Oito (Jd Maramba),Gaivota (Interior),ITANHAEM
11744-044,Rua Quarenta e Oito (Pq Vergara),Aguapeú,ITANHAEM
11749-660,Rua Quarenta e Quatro (Baln Beatriz),Bopiranga,ITANHAEM
11757-794,Rua Quarenta e Quatro (Chac Bopiranga),Jamaica (Interior),ITANHAEM
11756-492,Rua Quarenta e Quatro (Chac Jamaica),Jamaica (Interior),ITANHAEM
11751-644,Rua Quarenta e Quatro (Jd Anchieta Itanhaem),Jardim Anchieta,ITANHAEM
11755-146,Rua Quarenta e Quatro (Jd Maramba),Gaivota (Interior),ITANHAEM
11751-686,Rua Quarenta e Seis A (Jd Anchieta Itanhaem),Jardim Anchieta,ITANHAEM
11751-688,Rua Quarenta e Seis B (Jd Anchieta Itanhaem),Jardim Anchieta,ITANHAEM
11749-662,Rua Quarenta e Seis (Baln Beatriz),Bopiranga,ITANHAEM
11751-690,Rua Quarenta e Seis C (Jd Anchieta Itanhaem),Jardim Anchieta,ITANHAEM
11757-798,Rua Quarenta e Seis (Chac Bopiranga),Jamaica (Interior),ITANHAEM
11756-496,Rua Quarenta e Seis (Chac Jamaica),Jamaica (Interior),ITANHAEM
11751-692,Rua Quarenta e Seis D (Jd Anchieta Itanhaem),Jardim Anchieta,ITANHAEM
11751-666,Rua Quarenta e Seis E (Jd Anchieta Itanhaem),Jardim Anchieta,ITANHAEM
11751-670,Rua Quarenta e Seis F (Jd Anchieta Itanhaem),Jardim Anchieta,ITANHAEM
11751-646,Rua Quarenta e Seis G (Jd Anchieta Itanhaem),Jardim Anchieta,ITANHAEM
11751-648,Rua Quarenta e Seis H (Jd Anchieta Itanhaem),Jardim Anchieta,ITANHAEM
11751-650,Rua Quarenta e Seis I (Jd Anchieta Itanhaem),Jardim Anchieta,ITANHAEM
11751-664,Rua Quarenta e Seis J (Jd Anchieta Itanhaem),Jardim Anchieta,ITANHAEM
11751-652,Rua Quarenta e Seis (Jd Anchieta Itanhaem),Jardim Anchieta,ITANHAEM
11755-150,Rua Quarenta e Seis (Jd Maramba),Gaivota (Interior),ITANHAEM
11751-672,Rua Quarenta e Seis L (Jd Anchieta Itanhaem),Jardim Anchieta,ITANHAEM
11751-678,Rua Quarenta e Seis M (Jd Anchieta Itanhaem),Jardim Anchieta,ITANHAEM
11751-694,Rua Quarenta e Seis N (Jd Anchieta Itanhaem),Jardim Anchieta,ITANHAEM
11751-696,Rua Quarenta e Seis O (Jd Anchieta Itanhaem),Jardim Anchieta,ITANHAEM
11744-052,Rua Quarenta e Seis (Pq Vergara),Aguapeú,ITANHAEM
11757-800,Rua Quarenta e Sete (Chac Bopiranga),Jamaica (Interior),ITANHAEM
11756-500,Rua Quarenta e Sete (Chac Jamaica),Jamaica (Interior),ITANHAEM
11751-698,Rua Quarenta e Sete (Jd Anchieta Itanhaem),Jardim Anchieta,ITANHAEM
11755-152,Rua Quarenta e Sete (Jd Maramba),Gaivota (Interior),ITANHAEM
11757-792,Rua Quarenta e Três (Chac Bopiranga),Jamaica (Interior),ITANHAEM
11756-490,Rua Quarenta e Três (Chac Jamaica),Jamaica (Interior),ITANHAEM
11751-642,Rua Quarenta e Três (Jd Anchieta Itanhaem),Jardim Anchieta,ITANHAEM
11755-142,Rua Quarenta e Três (Jd Maramba),Gaivota (Interior),ITANHAEM
11755-744,Rua Quarenta e Três (Jd Palmeiras II),Jamaica (Interior),ITANHAEM
11754-736,Rua Quarenta e Três (Jd Paraiso),Gaivota (Praia),ITANHAEM
11743-382,Rua Quarenta e Três (Lot Res Guapurá),Guapurá,ITANHAEM
11744-124,Rua Quarenta e Três (Pq Vergara),Aguapeú,ITANHAEM
11757-788,Rua Quarenta e Um (Chac Bopiranga),Jamaica (Interior),ITANHAEM
11756-486,Rua Quarenta e Um (Chac Jamaica),Jamaica (Interior),ITANHAEM
11751-668,Rua Quarenta e Um (Jd Anchieta Itanhaem),Jardim Anchieta,ITANHAEM
11755-138,Rua Quarenta e Um (Jd Maramba),Gaivota (Interior),ITANHAEM
11755-736,Rua Quarenta e Um (Jd Palmeiras II),Jamaica (Interior),ITANHAEM
11754-734,Rua Quarenta e Um (Jd Paraiso),Gaivota (Praia),ITANHAEM
11743-344,Rua Quarenta e Um (Lot Res Guapurá),Guapurá,ITANHAEM
11744-132,Rua Quarenta e Um (Quarenta e Dois),Aguapeú,ITANHAEM
11751-660,Rua Quarenta (Jd Anchieta Itanhaem),Jardim Anchieta,ITANHAEM
11755-136,Rua Quarenta (Jd Maramba),Gaivota (Interior),ITANHAEM
11755-732,Rua Quarenta (Jd Palmeiras II),Jamaica (Interior),ITANHAEM
11754-732,Rua Quarenta (Jd Paraiso),Gaivota (Praia),ITANHAEM
11749-656,Rua Quarenta (602),Bopiranga,ITANHAEM
11754-280,Rua Quatorze (Baln California),Jamaica (Praia),ITANHAEM
11757-056,Rua Quatorze (Baln S Marcos),Jamaica (Interior),ITANHAEM
11742-574,Rua Quatorze (Baln Tropical),Nova Itanhaém (Interior),ITANHAEM
11757-732,Rua Quatorze (Chac Bopiranga),Jamaica (Interior),ITANHAEM
11755-244,Rua Quatorze (Chac Gloria),Gaivota (Interior),ITANHAEM
11756-426,Rua Quatorze (Chac Jamaica),Jamaica (Interior),ITANHAEM
11752-284,Rua Quatorze (Est Ipanema),Jardim Anchieta,ITANHAEM
11755-462,Rua Quatorze (Est S Pedro),Gaivota (Interior),ITANHAEM
11752-118,Rua Quatorze (Est Santana I),Jardim Anchieta,ITANHAEM
11748-138,Rua Quatorze (Jd Cunhambebe),Jardim Coronel,ITANHAEM
11749-542,Rua Quatorze (Jd Edel),Bopiranga,ITANHAEM
11750-316,Rua Quatorze (Jd Esmeralda),São Fernando (Chácaras),ITANHAEM
11755-198,Rua Quatorze (Jd Fenix),Gaivota (Interior),ITANHAEM
11754-520,Rua Quatorze (Jd Luizamar Mirim),Gaivota (Praia),ITANHAEM
11755-080,Rua Quatorze (Jd Maramba),Gaivota (Interior),ITANHAEM
11754-714,Rua Quatorze (Jd Paraiso),Gaivota (Praia),ITANHAEM
11752-242,Rua Quatorze (Jd Primavera),Jardim Anchieta,ITANHAEM
11747-618,Rua Quatorze (Jd Rio Preto),Jardim Coronel,ITANHAEM
11741-754,Rua Quatorze (Jd Ritamar),Jardim Suarão (Interior),ITANHAEM
11749-850,Rua Quatorze (Jd S Fernando),São Fernando (Chácaras),ITANHAEM
11754-222,Rua Quatorze (Jd S Joao),Jamaica (Praia),ITANHAEM
11743-436,Rua Quatorze (Lot Res Guapurá),Guapurá,ITANHAEM
11752-386,Rua Quatorze (Pq Royalle),Jardim Anchieta,ITANHAEM
11755-296,Rua Quatorze (Rec Imigrantes),Gaivota (Interior),ITANHAEM
11755-348,Rua Quatorze (Rec Indaia),Gaivota (Interior),ITANHAEM
11754-354,Rua Quatorze (Res Pq Augustus),Jamaica (Praia),ITANHAEM
11743-576,Rua Quatro,Tropical,ITANHAEM
11741-518,Rua Quatro (Baln Auri-Verde),Verde Mar,ITANHAEM
11740-570,Rua Quatro (Baln P Alegre),Nova Itanhaém (Praia),ITANHAEM
11743-532,Rua Quatro (Baln P Alegre),Tropical,ITANHAEM
11757-076,Rua Quatro (Baln S Marcos),Jamaica (Interior),ITANHAEM
11741-158,Rua Quatro (Baln Santista),Marrocos,ITANHAEM
11740-574,Rua Quatro (Baln Tropical),Nova Itanhaém (Praia),ITANHAEM
11750-566,Rua Quatro (Chac B Retiro),Cibratel (Chácaras),ITANHAEM
11750-492,Rua Quatro (Chac B Retiro),São Fernando (Chácaras),ITANHAEM
11757-712,Rua Quatro (Chac Bopiranga),Jamaica (Interior),ITANHAEM
11756-408,Rua Quatro (Chac Jamaica),Jamaica (Interior),ITANHAEM
11747-742,Rua Quatro (Chac Myawaki),Jardim Coronel,ITANHAEM
11752-330,Rua Quatro (Est Ipanema),Jardim Anchieta,ITANHAEM
11747-730,Rua Quatro (Est Nautica),Jardim Coronel,ITANHAEM
11755-442,Rua Quatro (Est S Pedro),Gaivota (Interior),ITANHAEM
11752-080,Rua Quatro (Est Santana I),Jardim Anchieta,ITANHAEM
11752-338,Rua Quatro (Est Savanah),Jardim Anchieta,ITANHAEM
11744-344,Rua Quatro (Jd Aguapeu),Aguapeú,ITANHAEM
11747-318,Rua Quatro (Jd America),Umuarama,ITANHAEM
11749-528,Rua Quatro (Jd Edel),Bopiranga,ITANHAEM
11750-296,Rua Quatro (Jd Esmeralda),São Fernando (Chácaras),ITANHAEM
11755-178,Rua Quatro (Jd Fenix),Gaivota (Interior),ITANHAEM
11747-668,Rua Quatro (Jd Imigrantes),Jardim Coronel,ITANHAEM
11754-506,Rua Quatro (Jd Luizamar Mirim),Gaivota (Praia),ITANHAEM
11754-796,Rua Quatro (Jd Maramba),Gaivota (Praia),ITANHAEM
11743-544,Rua Quatro (Jd Maramba),Tropical,ITANHAEM
11755-814,Rua Quatro (Jd Palmeiras III),Jamaica (Interior),ITANHAEM
11747-696,Rua Quatro (Jd Pescador),Jardim Coronel,ITANHAEM
11752-222,Rua Quatro (Jd Primavera),Jardim Anchieta,ITANHAEM
11747-646,Rua Quatro (Jd Rio Preto),Jardim Coronel,ITANHAEM
11754-206,Rua Quatro (Jd S Joao),Jamaica (Praia),ITANHAEM
11749-516,Rua Quatro (Jd Valeria),Bopiranga,ITANHAEM
11741-014,Rua Quatro (Pq Jequitiba),Jardim Suarão (Praia),ITANHAEM
11752-378,Rua Quatro (Pq Royalle),Jardim Anchieta,ITANHAEM
11744-028,Rua Quatro (Pq Vergara),Aguapeú,ITANHAEM
11748-106,Rua Quatro (Puerta de Madrid),Jardim Coronel,ITANHAEM
11755-276,Rua Quatro (Rec Imigrantes),Gaivota (Interior),ITANHAEM
11755-328,Rua Quatro (Rec Indaia),Gaivota (Interior),ITANHAEM
11747-012,Rua Quatro (Vl Rivera),Sabaúna,ITANHAEM
11751-554,RUA A,JARDIM ANCHIETA,ITANHAEM
11752-278,RUA A,JARDIM ANCHIETA,ITANHAEM
11747-252,RUA B,UMUARAMA,ITANHAEM
11741-130,RUA B,CAMPOS ELISEOS,ITANHAEM
11742-798,RUA B,LARANJEIRAS,ITANHAEM
11752-286,RUA B,JARDIM ANCHIETA,ITANHAEM
11751-552,RUA B,JARDIM ANCHIETA,ITANHAEM
11751-550,RUA C,JARDIM ANCHIETA,ITANHAEM
11744-456,RUA C,AGUAPEÚ,ITANHAEM
11741-128,RUA C,CAMPOS ELISEOS,ITANHAEM
11752-296,RUA C,JARDIM ANCHIETA,ITANHAEM
11754-082,RUA D,JAMAICA (PRAIA),ITANHAEM
11752-302,RUA D,JARDIM ANCHIETA,ITANHAEM
11751-544,RUA D,JARDIM ANCHIETA,ITANHAEM
11741-230,RUA D,MARROCOS,ITANHAEM
11752-312,RUA E,JARDIM ANCHIETA,ITANHAEM
11751-542,RUA E,JARDIM ANCHIETA,ITANHAEM
11743-378,RUA E,GUAPURÁ,ITANHAEM
11741-126,RUA E,CAMPOS ELISEOS,ITANHAEM
11749-698,RUA F,BOPIRANGA,ITANHAEM
11741-124,RUA F,CAMPOS ELISEOS,ITANHAEM
11757-192,RUA F,JAMAICA (INTERIOR),ITANHAEM
11751-568,RUA F,JARDIM ANCHIETA,ITANHAEM
11754-010,RUA G,JAMAICA (PRAIA),ITANHAEM
11752-324,RUA G,JARDIM ANCHIETA,ITANHAEM
11751-566,RUA G,JARDIM ANCHIETA,ITANHAEM
11749-696,RUA G,BOPIRANGA,ITANHAEM
11751-564,RUA H,JARDIM ANCHIETA,ITANHAEM
11754-086,RUA H,JAMAICA (PRAIA),ITANHAEM
11743-444,RUA H,GUAPURÁ,ITANHAEM
11741-498,RUA H,VERDE MAR,ITANHAEM
11749-694,RUA H,BOPIRANGA,ITANHAEM
11752-326,RUA H,JARDIM ANCHIETA,ITANHAEM
11748-442,RUA H DEZ,JARDIM CORONEL,ITANHAEM
11748-428,RUA H ONZE,JARDIM CORONEL,ITANHAEM
11748-424,RUA H OITO,JARDIM CORONEL,ITANHAEM
11748-426,RUA H NOVE,JARDIM CORONEL,ITANHAEM
11748-448,RUA H SETE,JARDIM CORONEL,ITANHAEM
11748-422,RUA H SEIS,JARDIM CORONEL,ITANHAEM
11748-446,RUA H CINCO,JARDIM CORONEL,ITANHAEM
11748-460,RUA H QUATRO,JARDIM CORONEL,ITANHAEM
11751-562,RUA I,JARDIM ANCHIETA,ITANHAEM
11743-442,RUA I,GUAPURÁ,ITANHAEM
11741-340,RUA I,LOTY,ITANHAEM
11741-502,RUA I,VERDE MAR,ITANHAEM
11751-560,RUA J,JARDIM ANCHIETA,ITANHAEM
11749-684,RUA J,BOPIRANGA,ITANHAEM
11741-504,RUA J,VERDE MAR,ITANHAEM
11754-348,RUA J,JAMAICA (PRAIA),ITANHAEM
11743-432,RUA J,GUAPURÁ,ITANHAEM
11757-128,RUA K,JAMAICA (INTERIOR),ITANHAEM
11754-096,RUA K,JAMAICA (PRAIA),ITANHAEM
11741-506,RUA K,VERDE MAR,ITANHAEM
11751-558,RUA K,JARDIM ANCHIETA,ITANHAEM
11757-000,RUA L,JAMAICA (INTERIOR),ITANHAEM
11741-508,RUA L,VERDE MAR,ITANHAEM
11757-142,RUA L,JAMAICA (INTERIOR),ITANHAEM
11751-556,RUA L,JARDIM ANCHIETA,ITANHAEM
11754-352,RUA L,JAMAICA (PRAIA),ITANHAEM
11754-028,RUA L,JAMAICA (PRAIA),ITANHAEM
11757-078,RUA M,JAMAICA (INTERIOR),ITANHAEM
11741-510,RUA M,VERDE MAR,ITANHAEM
11754-362,RUA M,JAMAICA (PRAIA),ITANHAEM
11741-512,RUA N,VERDE MAR,ITANHAEM
11754-366,RUA N,JAMAICA (PRAIA),ITANHAEM
11754-174,RUA N,JAMAICA (PRAIA),ITANHAEM
11743-402,RUA O,GUAPURÁ,ITANHAEM
11754-370,RUA O,JAMAICA (PRAIA),ITANHAEM
11754-178,RUA O,JAMAICA (PRAIA),ITANHAEM
11757-154,RUA O,JAMAICA (INTERIOR),ITANHAEM
11754-376,RUA P,JAMAICA (PRAIA),ITANHAEM
11743-404,RUA P,GUAPURÁ,ITANHAEM
11754-180,RUA P,JAMAICA (PRAIA),ITANHAEM
11754-380,RUA Q,JAMAICA (PRAIA),ITANHAEM
11754-182,RUA Q,JAMAICA (PRAIA),ITANHAEM
11755-814,RUA QUATRO,JAMAICA (INTERIOR),ITANHAEM
11755-178,RUA QUATRO,GAIVOTA (INTERIOR),ITANHAEM
11743-398,RUA R,GUAPURÁ,ITANHAEM
11757-018,RUA R,JAMAICA (INTERIOR),ITANHAEM
11754-184,RUA R,JAMAICA (PRAIA),ITANHAEM
11754-068,RUA SETE,JAMAICA (PRAIA),ITANHAEM
11743-602,RUA SETE,TROPICAL,ITANHAEM
11741-076,RUA SETE,CAMPOS ELISEOS,ITANHAEM
11740-800,RUA SETE,JARDIM SUARÃO (PRAIA),ITANHAEM
11741-614,RUA SETE,VERDE MAR,ITANHAEM
11752-360,RUA SETE,JARDIM ANCHIETA,ITANHAEM
11754-156,RUA T,JAMAICA (PRAIA),ITANHAEM
11741-514,RUA TRÊS,VERDE MAR,ITANHAEM
11748-104,RUA TRÊS,JARDIM CORONEL,ITANHAEM
11752-116,RUA TREZE,JARDIM ANCHIETA,ITANHAEM
11747-740,RUA TRÊS,JARDIM CORONEL,ITANHAEM
11751-612,RUA TREZE,JARDIM ANCHIETA,ITANHAEM
11740-564,RUA TRÊS,NOVA ITANHAÉM (PRAIA),ITANHAEM
11754-154,RUA U,JAMAICA (PRAIA),ITANHAEM
11754-152,RUA V,JAMAICA (PRAIA),ITANHAEM
11748-430,RUA V UM,JARDIM CORONEL,ITANHAEM
11748-456,RUA V DEZ,JARDIM CORONEL,ITANHAEM
11748-450,RUA V OITO,JARDIM CORONEL,ITANHAEM
11748-452,RUA V NOVE,JARDIM CORONEL,ITANHAEM
11748-432,RUA V DOIS,JARDIM CORONEL,ITANHAEM
11748-444,RUA V SETE,JARDIM CORONEL,ITANHAEM
11748-438,RUA V SEIS,JARDIM CORONEL,ITANHAEM
11748-462,RUA V ONZE,JARDIM CORONEL,ITANHAEM
11748-440,RUA V CINCO,JARDIM CORONEL,ITANHAEM
11748-434,RUA V TRÊS,JARDIM CORONEL,ITANHAEM
11748-436,RUA V QUATRO,JARDIM CORONEL,ITANHAEM
11754-150,RUA W,JAMAICA (PRAIA),ITANHAEM
11757-032,RUA Z,JAMAICA (INTERIOR),ITANHAEM
11756-728,RUA 24 DE MAIO,JAMAICA (INTERIOR),ITANHAEM
11741-898,RUA 20 DE JANEIRO,JARDIM SUARÃO (INTERIOR),ITANHAEM
11755-440,RUA TRÊS,GAIVOTA (INTERIOR),ITANHAEM
11755-326,RUA TRÊS,GAIVOTA (INTERIOR),ITANHAEM
11741-172,RUA TRÊS,MARROCOS,ITANHAEM
11741-006,RUA TRÊS,JARDIM SUARÃO (PRAIA),ITANHAEM
11747-318,RUA QUATRO,UMUARAMA,ITANHAEM
11741-518,RUA QUATRO,VERDE MAR,ITANHAEM
11749-528,RUA QUATRO,BOPIRANGA,ITANHAEM
11748-106,RUA QUATRO,JARDIM CORONEL,ITANHAEM
11749-516,RUA QUATRO,BOPIRANGA,ITANHAEM
11747-730,RUA QUATRO,JARDIM CORONEL,ITANHAEM
11747-696,RUA QUATRO,JARDIM CORONEL,ITANHAEM
11754-506,RUA QUATRO,GAIVOTA (PRAIA),ITANHAEM
11747-750,RUA SETE,JARDIM CORONEL,ITANHAEM
11752-310,RUA SETE,JARDIM ANCHIETA,ITANHAEM
11740-366,RUA SETE,CIDADE ANCHIETA,ITANHAEM
11754-244,RUA SETE,JAMAICA (PRAIA),ITANHAEM
11757-846,RUA SETENTA,JAMAICA (INTERIOR),ITANHAEM
11751-742,RUA SETENTA,JARDIM ANCHIETA,ITANHAEM
11757-166,RUA SETENTA,JAMAICA (INTERIOR),ITANHAEM
11751-748,RUA SETENTA E UM,JARDIM ANCHIETA,ITANHAEM
11757-848,RUA SETENTA E UM,JAMAICA (INTERIOR),ITANHAEM
11757-174,RUA SETENTA E OITO,JAMAICA (INTERIOR),ITANHAEM
11751-776,RUA SETENTA E SETE,JARDIM ANCHIETA,ITANHAEM
11751-768,RUA SETENTA E SEIS,JARDIM ANCHIETA,ITANHAEM
11751-780,RUA SETENTA E OITO,JARDIM ANCHIETA,ITANHAEM
11757-850,RUA SETENTA E DOIS,JAMAICA (INTERIOR),ITANHAEM
11757-172,RUA SETENTA E SEIS,JAMAICA (INTERIOR),ITANHAEM
11751-752,RUA SETENTA E DOIS,JARDIM ANCHIETA,ITANHAEM
11757-168,RUA SETENTA E DOIS,JAMAICA (INTERIOR),ITANHAEM
11751-766,RUA SETENTA E CINCO,JARDIM ANCHIETA,ITANHAEM
11751-756,RUA SETENTA E TRÊS,JARDIM ANCHIETA,ITANHAEM
11751-758,RUA SETENTA E QUATRO,JARDIM ANCHIETA,ITANHAEM
11757-170,RUA SETENTA E QUATRO,JAMAICA (INTERIOR),ITANHAEM
11740-006,RUA 9 DE JULHO,CENTRO,ITANHAEM
11733-814,RUA ABILIO PEREIRA DO NASCIMENTO,ITAÓCA,MONGAGUA
11731-184,RUA ACÁCIA,VILA ATLÂNTICA,MONGAGUA
11735-414,RUA AGUAPEÚ,AGENOR DE CAMPOS,MONGAGUA
11735-208,RUA AGUAPEÚ,JUSSARA,MONGAGUA
11735-236,RUA ALADIN,JUSSARA,MONGAGUA
11733-368,RUA ALAGOAS,JARDIM PRAIA GRANDE,MONGAGUA
11737-480,RUA ALADINO,FLÓRIDA MIRIM,MONGAGUA
11737-740,RUA ALABAMA,FLÓRIDA MIRIM,MONGAGUA
11737-712,RUA ALABAMA,FLÓRIDA MIRIM,MONGAGUA
11730-390,RUA ALDO RIBEIRO,PEDREIRA,MONGAGUA
11730-566,RUA ALBERT SABIN,VERA CRUZ,MONGAGUA
11731-120,RUA ALMIRANTE BRASIL,VILA ATLÂNTICA,MONGAGUA
11730-620,RUA ALMIRANTE BRASIL,VERA CRUZ,MONGAGUA
11733-782,RUA ALCIDES DOS SANTO DIAS,ITAÓCA,MONGAGUA
11733-650,RUA ALDEMAR JOSÉ DE FREITAS,ITAÓCA,MONGAGUA
11733-638,RUA ALTAMIRO FELICIANO DA SILVA,ITAÓCA,MONGAGUA
11733-370,RUA AMAZONAS,JARDIM PRAIA GRANDE,MONGAGUA
11731-264,RUA AMAZONAS,VILA ATLÂNTICA,MONGAGUA
11737-758,RUA AMARO PRIMO BARONI FILHO,FLÓRIDA MIRIM,MONGAGUA
11731-040,RUA ANTÔNIO CANDIDO,VILA ATLÂNTICA,MONGAGUA
11730-059,RUA ANTONIETA LOUREIRO,CENTRO,MONGAGUA
11730-158,RUA ANDRÉ PENAZZI FILHO,VILA SÃO PAULO,MONGAGUA
11730-422,RUA ANA PIRES SILVA BASTOS,PEDREIRA,MONGAGUA
11730-400,RUA ANTONIO CORDEIRO MENDES,PEDREIRA,MONGAGUA
11730-972,RUA ANTONIO CORDEIRO MENDES,PEDREIRA,MONGAGUA
11730-086,RUA ANTÔNIO VIANA DA SILVA,CENTRO,MONGAGUA
11733-712,RUA ANTÔNIO DAS DORES MUNIZ,ITAÓCA,MONGAGUA
11733-792,RUA ANTÔNIO BENEDITO PATUCI,ITAÓCA,MONGAGUA
11735-770,RUA ANTÔNIO BARROS FERNANDES,AGENOR DE CAMPOS,MONGAGUA
11735-970,RUA ANTÔNIO HUMBERTO TÓRTURA,AGENOR DE CAMPOS,MONGAGUA
11735-614,RUA ANTÔNIO HUMBERTO TÓRTURA,AGENOR DE CAMPOS,MONGAGUA
11730-064,RUA ANTÔNIO MARTINS DE ARAUJO,CENTRO,MONGAGUA
11735-340,RUA ANTÔNIO HUMBERTO TÓRTURA,PLATAFORMA,MONGAGUA
11730-040,RUA ANNA SECKLER TAVARES DE LIMA,CENTRO,MONGAGUA
11733-412,RUA ARACAJU,JARDIM PRAIA GRANDE,MONGAGUA
11735-562,RUA ARQUILINO PEREIRA,AGENOR DE CAMPOS,MONGAGUA
11733-808,RUA ASSIS SALOMAO HID,ITAÓCA,MONGAGUA
11737-500,RUA ATUM,FLÓRIDA MIRIM,MONGAGUA
11735-592,RUA ATLÂNTICA,AGENOR DE CAMPOS,MONGAGUA
11733-054,RUA AURORA,JARDIM PRAIA GRANDE,MONGAGUA
11737-468,RUA AURI VERDE,FLÓRIDA MIRIM,MONGAGUA
11735-412,RUA AYMORES,AGENOR DE CAMPOS,MONGAGUA
11735-324,RUA AYMORES,PLATAFORMA,MONGAGUA
11731-248,RUA BAHIA,VILA ATLÂNTICA,MONGAGUA
11733-376,RUA BAHIA,JARDIM PRAIA GRANDE,MONGAGUA
11731-202,RUA BELEM,VILA ATLÂNTICA,MONGAGUA
11737-501,RUA BEGRE,FLÓRIDA MIRIM,MONGAGUA
11733-514,RUA BERLIN,JARDIM PRAIA GRANDE,MONGAGUA
11737-100,RUA BEGONIAS,ITAGUAÍ,MONGAGUA
11735-572,RUA BERTIOGA,AGENOR DE CAMPOS,MONGAGUA
11735-800,RUA BEGONIAS,AGENOR DE CAMPOS,MONGAGUA
11730-084,RUA BENEDITO CALIXTO,CENTRO,MONGAGUA
11730-424,RUA BENEDITO RODRIGUES,PEDREIRA,MONGAGUA
11733-274,RUA BERENICE DE OLIVEIRA BESSA,JARDIM PRAIA GRANDE,MONGAGUA
11730-626,RUA BOLIVIA,VERA CRUZ,MONGAGUA
11733-348,RUA BOA VISTA,JARDIM PRAIA GRANDE,MONGAGUA
11730-376,RUA BRUNO TAMAGNINI,PEDREIRA,MONGAGUA
11733-798,RUA BRAULIO FERREIRA SOUTO,ITAÓCA,MONGAGUA
11730-604,RUA BRUNA TAMAGNINI DE SOUZA,VERA CRUZ,MONGAGUA
11730-042,RUA BRASILIA TEIXEIRA SECKLER,CENTRO,MONGAGUA
11730-464,RUA CANADA,VERA CRUZ,MONGAGUA
11735-310,RUA CANANEIA,PLATAFORMA,MONGAGUA
11737-294,RUA CAMARÃO,ITAGUAÍ,MONGAGUA
11735-808,RUA CANANÉIA,AGENOR DE CAMPOS,MONGAGUA
11735-447,RUA CAINGAUGS,AGENOR DE CAMPOS,MONGAGUA
11737-320,RUA CARANGUEJO,ITAGUAÍ,MONGAGUA
11737-406,RUA CALIFÓRNIA,FLÓRIDA MIRIM,MONGAGUA
11730-428,RUA CAMPOS SALES,PEDREIRA,MONGAGUA
11735-548,RUA CARAGUATATUBA,AGENOR DE CAMPOS,MONGAGUA
11730-078,RUA CAPITÃO BALDUINO,CENTRO,MONGAGUA
11735-848,RUA CARIVALDO CANDIDO DA SILVA,AGENOR DE CAMPOS,MONGAGUA
11735-106,RUA CELIA,JUSSARA,MONGAGUA
11733-378,RUA CEARA,JARDIM PRAIA GRANDE,MONGAGUA
11735-198,RUA CÉZAR,JUSSARA,MONGAGUA
11737-466,RUA CÉU AZUL,FLÓRIDA MIRIM,MONGAGUA
11733-120,RUA CESAR AUGUSTO,JARDIM PRAIA GRANDE,MONGAGUA
11735-573,RUA CINCO,AGENOR DE CAMPOS,MONGAGUA
11730-136,RUA CINCO,VILA SÃO PAULO,MONGAGUA
11737-774,RUA CINCO,FLÓRIDA MIRIM,MONGAGUA
11737-260,RUA CINCO,ITAGUAÍ,MONGAGUA
11737-148,RUA CINCO,ITAGUAÍ,MONGAGUA
11735-070,RUA CINCO,JUSSARA,MONGAGUA
11735-652,RUA CINCO B,AGENOR DE CAMPOS,MONGAGUA
11735-650,RUA CINCO A,AGENOR DE CAMPOS,MONGAGUA
11733-812,RUA CIDADE DE OSASCO,ITAÓCA,MONGAGUA
11730-528,RUA CIPRIANO FELIX FERREIRA,VERA CRUZ,MONGAGUA
11735-004,RUA CINCINATO CORREA MORAES,JUSSARA,MONGAGUA
11731-152,RUA CLOTILDE,VILA ATLÂNTICA,MONGAGUA
11735-846,RUA CLEMENTINO DE MELLO,AGENOR DE CAMPOS,MONGAGUA
11737-146,RUA CLEMENTINO DE MELLO,ITAGUAÍ,MONGAGUA
11730-154,RUA CORAL,VILA SÃO PAULO,MONGAGUA
11730-020,RUA CORONEL SECKLER,CENTRO,MONGAGUA
11733-256,RUA CORONEL SECKLER,JARDIM PRAIA GRANDE,MONGAGUA
11733-788,RUA CONSTANTINO GARCIA ANDRE,ITAÓCA,MONGAGUA
11733-304,RUA CORONEL LEOPOLDO DE ALMEIDA PRADO,JARDIM PRAIA GRANDE,MONGAGUA
11730-401,RUA CRUZEIRO DO SUL,PEDREIRA,MONGAGUA
11735-590,RUA CUBATÃO,AGENOR DE CAMPOS,MONGAGUA
11737-470,RUA DA PRATA,FLÓRIDA MIRIM,MONGAGUA
11733-746,RUA DA SAÚDE,ITAÓCA,MONGAGUA
11737-284,RUA DAS OSTRAS,ITAGUAÍ,MONGAGUA
11733-242,RUA DAS NINFAS,JARDIM PRAIA GRANDE,MONGAGUA
11733-046,RUA DAS SEREIAS,JARDIM PRAIA GRANDE,MONGAGUA
11735-390,RUA DAS TAINHAS,PLATAFORMA,MONGAGUA
11733-126,RUA DAS ONDINAS,JARDIM PRAIA GRANDE,MONGAGUA
11733-244,RUA DAS NAIADES,JARDIM PRAIA GRANDE,MONGAGUA
11733-742,RUA DAS CONCHAS,ITAÓCA,MONGAGUA
11733-124,RUA DAS NAIADES,JARDIM PRAIA GRANDE,MONGAGUA
11733-346,RUA DA QUITANDA,JARDIM PRAIA GRANDE,MONGAGUA
11737-422,RUA DAS TAINHAS,FLÓRIDA MIRIM,MONGAGUA
11735-788,RUA DAS TULIPAS,AGENOR DE CAMPOS,MONGAGUA
11737-426,RUA DAS GAROUPAS,FLÓRIDA MIRIM,MONGAGUA
11735-792,RUA DAS PETÚNIAS,AGENOR DE CAMPOS,MONGAGUA
11733-052,RUA DAS PALMEIRAS,JARDIM PRAIA GRANDE,MONGAGUA
11733-756,RUA DAS PALMEIRAS,ITAÓCA,MONGAGUA
11733-750,RUA DAS ORQUIDEAS,ITAÓCA,MONGAGUA
11733-748,RUA DAS CAMÉLIAS,ITAÓCA,MONGAGUA
11731-200,RUA DAS CAMÉLIAS,VILA ATLÂNTICA,MONGAGUA
11730-403,RUA DAS PALMEIRAS,PEDREIRA,MONGAGUA
11737-280,RUA DEZ,ITAGUAÍ,MONGAGUA
11737-151,RUA DEZ,ITAGUAÍ,MONGAGUA
11735-074,RUA DEZ,JUSSARA,MONGAGUA
11735-754,RUA DEZENOVE,AGENOR DE CAMPOS,MONGAGUA
11737-004,RUA DEZESSEIS,ITAGUAÍ,MONGAGUA
11735-768,RUA DEZESSEIS,AGENOR DE CAMPOS,MONGAGUA
11737-010,RUA DEZESSETE B,ITAGUAÍ,MONGAGUA
11737-008,RUA DEZESSETE A,ITAGUAÍ,MONGAGUA
11733-508,RUA DELÍCIA BACCELLI MENA,JARDIM PRAIA GRANDE,MONGAGUA
11733-078,RUA DELÍCIA BACCELLI MENA,JARDIM PRAIA GRANDE,MONGAGUA
11733-762,RUA DELÍCIA BACCELLI MENA,ITAÓCA,MONGAGUA
11733-612,RUA DELÍCIA BACCELLI MENA,ITAÓCA,MONGAGUA
11733-794,RUA DIOGO URDA,ITAÓCA,MONGAGUA
11735-547,RUA DOIS,AGENOR DE CAMPOS,MONGAGUA
11735-066,RUA DOIS,JUSSARA,MONGAGUA
11737-766,RUA DOIS,FLÓRIDA MIRIM,MONGAGUA
11737-408,RUA DOIS,FLÓRIDA MIRIM,MONGAGUA
11737-022,RUA DOIS A,ITAGUAÍ,MONGAGUA
11735-642,RUA DOIS C,AGENOR DE CAMPOS,MONGAGUA
11735-638,RUA DOIS B,AGENOR DE CAMPOS,MONGAGUA
11737-476,RUA DO SOL,FLÓRIDA MIRIM,MONGAGUA
11735-640,RUA DOIS A,AGENOR DE CAMPOS,MONGAGUA
11737-474,RUA DO OURO,FLÓRIDA MIRIM,MONGAGUA
11733-752,RUA DO BOSQUE,ITAÓCA,MONGAGUA
11731-142,RUA DO RETORNO,VILA ATLÂNTICA,MONGAGUA
11737-418,RUA DOS BAGRES,FLÓRIDA MIRIM,MONGAGUA
11730-375,RUA DOS MUTUNS,PEDREIRA,MONGAGUA
11737-404,RUA DOS ROBALOS,FLÓRIDA MIRIM,MONGAGUA
11733-658,RUA DOS ANDRADAS,ITAÓCA,MONGAGUA
11737-424,RUA DOS LAMBARIS,FLÓRIDA MIRIM,MONGAGUA
11731-172,RUA DOS COQUEIROS,VILA ATLÂNTICA,MONGAGUA
11733-254,RUA DOS PESCADORES,JARDIM PRAIA GRANDE,MONGAGUA
11733-234,RUA DOS PESCADORES,JARDIM PRAIA GRANDE,MONGAGUA
11733-236,RUA DOS MARINHEIROS,JARDIM PRAIA GRANDE,MONGAGUA
11733-246,RUA DONA IZABEL SECKLER,JARDIM PRAIA GRANDE,MONGAGUA
11731-130,RUA DOUTOR PINTO E SILVA,VILA ATLÂNTICA,MONGAGUA
11731-128,RUA DOUTOR CARLOS DEOURT,VILA ATLÂNTICA,MONGAGUA
11737-014,RUA DOUTOR WILLIAM BUTLER,ITAGUAÍ,MONGAGUA
11730-612,RUA DOS FUNCIONÁRIOS PÚBLICOS,VERA CRUZ,MONGAGUA
11733-702,RUA DUBLIN,ITAÓCA,MONGAGUA
11730-404,RUA DUQUE DE CAXIAS,PEDREIRA,MONGAGUA
11733-036,RUA DUÍLIO SECKLER FELIPPINI,JARDIM PRAIA GRANDE,MONGAGUA
11730-094,RUA EMIDIO SOARES LOPES,CENTRO,MONGAGUA
11730-104,RUA EMIDIO SOARES LOPES,VILA SÃO PAULO,MONGAGUA
11735-584,RUA EMILINHA COSTA PAES,AGENOR DE CAMPOS,MONGAGUA
11730-644,RUA ENGENHEIRO ALFREDO FOWLER,VERA CRUZ,MONGAGUA
11733-640,RUA ERNESTO DELGADO,ITAÓCA,MONGAGUA
11737-522,RUA ESTRELA DO MAR,FLÓRIDA MIRIM,MONGAGUA
11733-380,RUA ESPIRITO SANTO,JARDIM PRAIA GRANDE,MONGAGUA
11730-606,RUA ETELVINA SIMÕES SALOMÃO,VERA CRUZ,MONGAGUA
11733-282,RUA EUNICE DE OLIVEIRA BESSA,JARDIM PRAIA GRANDE,MONGAGUA
11730-382,RUA EUGÊNIO ORLANDO TAMAGNINI,PEDREIRA,MONGAGUA
11735-580,RUA EUCLIDES BELCHIOR DO NASCIMENTO,AGENOR DE CAMPOS,MONGAGUA
11733-816,RUA FERNENDES ONOFRE TRIZINI,ITAÓCA,MONGAGUA
11730-570,RUA FLORENTINO HELENO PUPO,VERA CRUZ,MONGAGUA
11733-402,RUA FORTALEZA,JARDIM PRAIA GRANDE,MONGAGUA
11735-842,RUA FREI GALVÃO,AGENOR DE CAMPOS,MONGAGUA
11730-532,RUA FRANCISCO MONTE,VERA CRUZ,MONGAGUA
11733-710,RUA FRANCISCO CARBONE,ITAÓCA,MONGAGUA
11733-502,RUA FRANCISCO DE MORAES,JARDIM PRAIA GRANDE,MONGAGUA
11733-790,RUA FRANCISCO GARCIA CANO,ITAÓCA,MONGAGUA
11733-786,RUA FRED EUGEM WERTHMULLER,ITAÓCA,MONGAGUA
11737-772,RUA GEORGIA,FLÓRIDA MIRIM,MONGAGUA
11737-744,RUA GEORGIA,FLÓRIDA MIRIM,MONGAGUA
11737-714,RUA GEORGIA,FLÓRIDA MIRIM,MONGAGUA
11730-392,RUA GENI FERMINO,PEDREIRA,MONGAGUA
11735-362,RUA GEYSA MARCOK,PLATAFORMA,MONGAGUA
11737-060,RUA GEYSA MARCOK,ITAGUAÍ,MONGAGUA
11733-818,RUA GERALDO DE ASSIS,ITAÓCA,MONGAGUA
11735-790,RUA GIRASSOL,AGENOR DE CAMPOS,MONGAGUA
11730-380,RUA GIACOMO ZORZI,PEDREIRA,MONGAGUA
11733-384,RUA GOIAS,JARDIM PRAIA GRANDE,MONGAGUA
11733-408,RUA GOIÂNIA,JARDIM PRAIA GRANDE,MONGAGUA
11737-514,RUA GOLFINHO,FLÓRIDA MIRIM,MONGAGUA
11733-628,RUA GOVERNADOR LUCAS GARCEZ,ITAÓCA,MONGAGUA
11733-632,RUA GOVERNADOR CARVALHO PINTO,ITAÓCA,MONGAGUA
11733-258,RUA GRACIANO RIBEIRO,JARDIM PRAIA GRANDE,MONGAGUA
11735-574,RUA GUARUJÁ,AGENOR DE CAMPOS,MONGAGUA
11730-622,RUA GUATEMALA,VERA CRUZ,MONGAGUA
11730-074,RUA HERMENEGILDO BARBOSA,CENTRO,MONGAGUA
11733-806,RUA HELENA QUISTEIN FANELLI,ITAÓCA,MONGAGUA
11733-252,RUA HENEDINA SECKLER PATRICIO,JARDIM PRAIA GRANDE,MONGAGUA
11733-276,RUA HILDA BORGES,JARDIM PRAIA GRANDE,MONGAGUA
11730-624,RUA HONDURAS,VERA CRUZ,MONGAGUA
11731-150,RUA HORÁCIO MARTINS DOMINGUES,VILA ATLÂNTICA,MONGAGUA
11731-024,RUA HORÁCIO MARTINS DOMINGUES,VILA ATLÂNTICA,MONGAGUA
11733-656,RUA IMPERATRIZ LEOPOLDINA,ITAÓCA,MONGAGUA
11730-068,RUA INOCENCIO PASSOS,CENTRO,MONGAGUA
11730-082,RUA IOLANDA FERRIGIO,CENTRO,MONGAGUA
11733-342,RUA IPIRANGA,JARDIM PRAIA GRANDE,MONGAGUA
11735-450,RUA ITARARE,AGENOR DE CAMPOS,MONGAGUA
11733-340,RUA ITAPETININGA,JARDIM PRAIA GRANDE,MONGAGUA
11730-118,RUA JERONIMO BARBOSA MONTEIRO,VILA SÃO PAULO,MONGAGUA
11730-028,RUA JOÃO PESSOA,CENTRO,MONGAGUA
11733-760,RUA JOSÉ DANTAS,ITAÓCA,MONGAGUA
11730-142,RUA JOÃO ZARZUR,VILA SÃO PAULO,MONGAGUA
11730-070,RUA JOÃO WALTER,CENTRO,MONGAGUA
11735-360,RUA JOÃO GRAVANIK,PLATAFORMA,MONGAGUA
11733-420,RUA JOSÉ MARTINEZ,JARDIM PRAIA GRANDE,MONGAGUA
11730-072,RUA JOSÉ MENOSSIAN,CENTRO,MONGAGUA
11733-768,RUA JOÃO LOURENÇO,ITAÓCA,MONGAGUA
11733-618,RUA JOÃO LOURENÇO,ITAÓCA,MONGAGUA
11730-024,RUA JOSÉ BONIFACIO,CENTRO,MONGAGUA
11731-050,RUA JOSÉ BONIFACIO,VILA ATLÂNTICA,MONGAGUA
11733-644,RUA JOÃO FRANQUEIRA,ITAÓCA,MONGAGUA
11733-034,RUA JORGE JAMIL ZAMUR,JARDIM PRAIA GRANDE,MONGAGUA
11731-044,RUA JORGE JAMIL ZAMUR,VILA ATLÂNTICA,MONGAGUA
11730-044,RUA JOSÉ JACOB SECKLER,CENTRO,MONGAGUA
11735-342,RUA JOSÉ FERRABRAZ COSTA,PLATAFORMA,MONGAGUA
11735-616,RUA JOSÉ FERRABRAZ COSTA,AGENOR DE CAMPOS,MONGAGUA
11730-378,RUA JOSÉ SANTINO DE SOUZA,PEDREIRA,MONGAGUA
11735-802,RUA JOSÉ MORAES DE AGUIAR,AGENOR DE CAMPOS,MONGAGUA
11735-764,RUA JOSÉ MORAES DE AGUIAR,AGENOR DE CAMPOS,MONGAGUA
11733-804,RUA JOÃO PEREIRA DA SILVA,ITAÓCA,MONGAGUA
11735-844,RUA JOSÉ JACINTO DE ALMEIDA,AGENOR DE CAMPOS,MONGAGUA
11730-126,RUA JOSÉ FERNANDES DA SILVA,VILA SÃO PAULO,MONGAGUA
11735-756,RUA JOANA CRISTINA LOURENÇO,AGENOR DE CAMPOS,MONGAGUA
11730-410,RUA JOSÉ HAMILTON DIAS SOUZA,PEDREIRA,MONGAGUA
11730-608,RUA JOSÉ CESARIO PEREIRA FILHO,VERA CRUZ,MONGAGUA
11730-490,RUA JOSÉ CESARIO PEREIRA FILHO,VERA CRUZ,MONGAGUA
11733-634,RUA JOAQUIM IZIDORO LEITE JUNIOR,ITAÓCA,MONGAGUA
11735-218,RUA JULIAI,JUSSARA,MONGAGUA
11735-220,RUA JÚLIA,JUSSARA,MONGAGUA
11735-588,RUA JUQUIÁ,AGENOR DE CAMPOS,MONGAGUA
11737-018,RUA JURANDIR FERREIRA LEITE,ITAGUAÍ,MONGAGUA
11737-013,RUA JUREMA DALVA FERREIRA LEITE,ITAGUAÍ,MONGAGUA
11730-578,RUA KINGO KITAHARA,VERA CRUZ,MONGAGUA
11730-530,RUA LAZARO BELLI,VERA CRUZ,MONGAGUA
11735-212,RUA LEA,JUSSARA,MONGAGUA
11735-248,RUA LEDA,JUSSARA,MONGAGUA
11730-372,RUA LEOPOLDO GRACIOSO,PEDREIRA,MONGAGUA
11730-408,RUA LIONS,PEDREIRA,MONGAGUA
11730-046,RUA LIVÍNIA ARENS,CENTRO,MONGAGUA
11733-524,RUA LONDRES,JARDIM PRAIA GRANDE,MONGAGUA
11733-240,RUA LOURDES SECKLER,JARDIM PRAIA GRANDE,MONGAGUA
11733-122,RUA LUCY,JARDIM PRAIA GRANDE,MONGAGUA
11731-212,RUA LUISTEL,VILA ATLÂNTICA,MONGAGUA
11733-624,RUA LUIZ DE ARAUJO,ITAÓCA,MONGAGUA
11737-032,RUA LUCIA FERREIRA LEITE,ITAGUAÍ,MONGAGUA
11735-216,RUA MARIA,JUSSARA,MONGAGUA
11733-396,RUA MANAUS,JARDIM PRAIA GRANDE,MONGAGUA
11733-048,RUA MARILIA,JARDIM PRAIA GRANDE,MONGAGUA
11737-304,RUA MANJUBA,ITAGUAÍ,MONGAGUA
11733-398,RUA MACEIÓ,JARDIM PRAIA GRANDE,MONGAGUA
11735-502,RUA MARAJÓ,AGENOR DE CAMPOS,MONGAGUA
11733-382,RUA MARANHÃO,JARDIM PRAIA GRANDE,MONGAGUA
11731-256,RUA MARANHÃO,VILA ATLÂNTICA,MONGAGUA
11731-252,RUA MATO GROSSO,VILA ATLÂNTICA,MONGAGUA
11733-386,RUA MATO GROSSO,JARDIM PRAIA GRANDE,MONGAGUA
11731-124,RUA MARIA LÚCIA,VILA ATLÂNTICA,MONGAGUA
11735-762,RUA MANOEL DUARTE,AGENOR DE CAMPOS,MONGAGUA
11733-642,RUA MANOEL AUGUSTO,ITAÓCA,MONGAGUA
11730-122,RUA MÁXIMO CAVANI,VILA SÃO PAULO,MONGAGUA
11730-062,RUA MARGINAL FEPASA,CENTRO,MONGAGUA
11735-806,RUA MARCILIO SANTOS,AGENOR DE CAMPOS,MONGAGUA
11733-810,RUA MARCELO BATISTA,ITAÓCA,MONGAGUA
11733-004,RUA MARIO DOS SANTOS,JARDIM PRAIA GRANDE,MONGAGUA
11731-054,RUA MARIO DOS SANTOS,VILA ATLÂNTICA,MONGAGUA
11731-240,RUA MANOEL LUIZ LOPES,VILA ATLÂNTICA,MONGAGUA
11737-028,RUA MARIA SALLES LEITE,ITAGUAÍ,MONGAGUA
11730-616,RUA MARIA RITA DA SILVA,VERA CRUZ,MONGAGUA
11733-604,RUA MANOEL ANTÔNIO SILVA,ITAÓCA,MONGAGUA
11733-800,RUA MANOEL GOMES DA SILVA,ITAÓCA,MONGAGUA
11730-576,RUA MARIA DULCE PUPO GUERRA,VERA CRUZ,MONGAGUA
11730-386,RUA MANOEL FIALHO DE ARAUJO,PEDREIRA,MONGAGUA
11733-784,RUA MARIO TEIXEIRA MONTEIRO,ITAÓCA,MONGAGUA
11730-124,RUA MAXIMINA BERTOZZI SOLHA,VILA SÃO PAULO,MONGAGUA
11730-128,RUA MARCIO FONSECA TEIXEIRA,VILA SÃO PAULO,MONGAGUA
11733-626,RUA MANOEL CEZÁRIO PEREIRA,ITAÓCA,MONGAGUA
11737-024,RUA MARIA PAULA FERREIRA LEITE,ITAGUAÍ,MONGAGUA
11730-384,RUA MANUEL PEREIRA DE OLIVEIRA,PEDREIRA,MONGAGUA
11733-362,RUA MARECHAL DEODORO DA FONSCECA,JARDIM PRAIA GRANDE,MONGAGUA
11730-388,RUA MARIANA MARTINELLI TAMAGNINI,PEDREIRA,MONGAGUA
11733-064,RUA MARECHAL DEODORO DA FONSCECA,JARDIM PRAIA GRANDE,MONGAGUA
11735-618,RUA MARCELINO RODRIGUES DE MEIRA,AGENOR DE CAMPOS,MONGAGUA
11730-402,RUA MARIA BATISTA DO PRADO TAMAGNINI,PEDREIRA,MONGAGUA
11737-750,RUA MISSISSIPI,FLÓRIDA MIRIM,MONGAGUA
11733-058,RUA MINAS GERAIS,JARDIM PRAIA GRANDE,MONGAGUA
11731-244,RUA MINAS GERAIS,VILA ATLÂNTICA,MONGAGUA
11735-578,RUA MONGAGUÁ,AGENOR DE CAMPOS,MONGAGUA
11733-232,RUA MONSENHOR SECKLER,JARDIM PRAIA GRANDE,MONGAGUA
11733-044,RUA MONSENHOR SECKLER,JARDIM PRAIA GRANDE,MONGAGUA
11730-152,RUA NACAR,VILA SÃO PAULO,MONGAGUA
11733-416,RUA NATAL,JARDIM PRAIA GRANDE,MONGAGUA
11733-278,RUA NAIR BORGES,JARDIM PRAIA GRANDE,MONGAGUA
11735-214,RUA NEUZA,JUSSARA,MONGAGUA
11737-776,RUA NEVADA,FLÓRIDA MIRIM,MONGAGUA
11735-626,RUA NELSON DA SILVA CORREIA,AGENOR DE CAMPOS,MONGAGUA
11733-108,RUA NITERÓI,JARDIM PRAIA GRANDE,MONGAGUA
11733-758,RUA NINA SILVA,ITAÓCA,MONGAGUA
11737-790,RUA NOVE,FLÓRIDA MIRIM,MONGAGUA
11737-282,RUA NOVE,ITAGUAÍ,MONGAGUA
11737-140,RUA NOVE,ITAGUAÍ,MONGAGUA
11735-232,RUA NOVE,JUSSARA,MONGAGUA
11735-581,RUA NOVE,AGENOR DE CAMPOS,MONGAGUA
11730-468,RUA NOVO MÉXICO,VERA CRUZ,MONGAGUA
11735-346,RUA NOEMI MARCHE DE SOUZA,PLATAFORMA,MONGAGUA
11733-504,RUA NOSSA SENHORA APARECIDA,JARDIM PRAIA GRANDE,MONGAGUA
11733-074,RUA NOSSA SENHORA APARECIDA,JARDIM PRAIA GRANDE,MONGAGUA
11735-772,RUA NOSSA SENHORA DA ROSA MISTICA,AGENOR DE CAMPOS,MONGAGUA
11737-012,RUA NOSSA SENHORA DA ROSA MISTICA,ITAGUAÍ,MONGAGUA
11735-579,RUA OITO,AGENOR DE CAMPOS,MONGAGUA
11737-786,RUA OITO,FLÓRIDA MIRIM,MONGAGUA
11735-364,RUA OITO,PLATAFORMA,MONGAGUA
11737-142,RUA OITO,ITAGUAÍ,MONGAGUA
11737-268,RUA OITO,ITAGUAÍ,MONGAGUA
11735-076,RUA OITO,JUSSARA,MONGAGUA
11737-150,RUA ONZE,ITAGUAÍ,MONGAGUA
11737-516,RUA ONDINA,FLÓRIDA MIRIM,MONGAGUA
11737-054,RUA ORLANDO RAMALHO,ITAGUAÍ,MONGAGUA
11735-366,RUA ORLANDO RAMALHO,PLATAFORMA,MONGAGUA
11733-704,RUA OSMAM PEREIRA DE MORAES,ITAÓCA,MONGAGUA
11735-372,RUA OSMAR PEREIRA DE NOVAES,PLATAFORMA,MONGAGUA
11733-038,RUA OVÍDIO PIMENTEL DE LIMA,JARDIM PRAIA GRANDE,MONGAGUA
11733-510,RUA PARIS,JARDIM PRAIA GRANDE,MONGAGUA
11733-066,RUA PARÁ,JARDIM PRAIA GRANDE,MONGAGUA
11731-260,RUA PARÁ,VILA ATLÂNTICA,MONGAGUA
11730-628,RUA PANAMA,VERA CRUZ,MONGAGUA
11733-070,RUA PARANÁ,JARDIM PRAIA GRANDE,MONGAGUA
11733-344,RUA PAULISTA,JARDIM PRAIA GRANDE,MONGAGUA
11733-338,RUA PAISSANDÚ,JARDIM PRAIA GRANDE,MONGAGUA
11731-106,RUA PARTICULAR,VILA ATLÂNTICA,MONGAGUA
11731-030,RUA PARTICULAR,VILA ATLÂNTICA,MONGAGUA
11731-022,RUA PARTICULAR,VILA ATLÂNTICA,MONGAGUA
11733-341,RUA PARANAPIACABA,JARDIM PRAIA GRANDE,MONGAGUA
11730-080,RUA PADRE ANCHIETA,CENTRO,MONGAGUA
11730-110,RUA PADRE ANCHIETA,VILA SÃO PAULO,MONGAGUA
11733-372,RUA PERNAMBUCO,JARDIM PRAIA GRANDE,MONGAGUA
11737-718,RUA PENSILVÂNIA,FLÓRIDA MIRIM,MONGAGUA
11735-826,RUA PEDRO PENTECOF,AGENOR DE CAMPOS,MONGAGUA
11733-040,RUA PEDRO MEMBRIDES,JARDIM PRAIA GRANDE,MONGAGUA
11735-448,RUA PEDRO BATISTA TEIXEIRA,AGENOR DE CAMPOS,MONGAGUA
11735-328,RUA PEDRO BATISTA TEIXEIRA,PLATAFORMA,MONGAGUA
11733-390,RUA PIAUI,JARDIM PRAIA GRANDE,MONGAGUA
11737-602,RUA PINTADO,FLÓRIDA MIRIM,MONGAGUA
11737-526,RUA PIRANHA,FLÓRIDA MIRIM,MONGAGUA
11733-332,RUA PIRATININGA,JARDIM PRAIA GRANDE,MONGAGUA
11737-306,RUA PLATI,ITAGUAÍ,MONGAGUA
11730-069,RUA PORTO ALEGRE,CENTRO,MONGAGUA
11730-116,RUA PORTO ALEGRE,VILA SÃO PAULO,MONGAGUA
11731-216,RUA PORTO ALEGRE,VILA ATLÂNTICA,MONGAGUA
11733-032,RUA POLICIAL MILITAR CELSO TANAKA,JARDIM PRAIA GRANDE,MONGAGUA
11731-042,RUA POLICIAL MILITAR CELSO TANAKA,VILA ATLÂNTICA,MONGAGUA
11733-520,RUA PRAGA,JARDIM PRAIA GRANDE,MONGAGUA
11730-164,RUA PROJETADA,VILA SÃO PAULO,MONGAGUA
11730-516,RUA PROJETADA 57,VERA CRUZ,MONGAGUA
11730-038,RUA PRUDENTE DE MORAES,CENTRO,MONGAGUA
11730-412,RUA PRUDENTE DE MORAES,PEDREIRA,MONGAGUA
11735-504,RUA PROJETADA SESSENTA,AGENOR DE CAMPOS,MONGAGUA
11730-466,RUA PRESIDENTE CASTELO BRANCO,VERA CRUZ,MONGAGUA
11735-348,RUA PROFESSORA HELOISA ROSÁRIO CARBONE CARRIJO,PLATAFORMA,MONGAGUA
11735-350,RUA QUINZE,PLATAFORMA,MONGAGUA
11737-278,RUA QUATRO,ITAGUAÍ,MONGAGUA
11735-008,RUA QUINZE,JUSSARA,MONGAGUA
11735-068,RUA QUATRO,JUSSARA,MONGAGUA
11730-134,RUA QUATRO,VILA SÃO PAULO,MONGAGUA
11735-793,RUA QUATRO,AGENOR DE CAMPOS,MONGAGUA
11737-770,RUA QUATRO,FLÓRIDA MIRIM,MONGAGUA
11735-571,RUA QUATRO,AGENOR DE CAMPOS,MONGAGUA
11735-306,RUA QUATRO A,PLATAFORMA,MONGAGUA
11737-030,RUA QUARENTA,ITAGUAÍ,MONGAGUA
11735-648,RUA QUATRO C,AGENOR DE CAMPOS,MONGAGUA
11735-646,RUA QUATRO B,AGENOR DE CAMPOS,MONGAGUA
11735-644,RUA QUATRO A,AGENOR DE CAMPOS,MONGAGUA
11735-782,RUA QUARENTA E TRÊS,AGENOR DE CAMPOS,MONGAGUA
11733-110,RUA RAIMUNDO CORREA,JARDIM PRAIA GRANDE,MONGAGUA
11735-016,RUA RAMON GARCIA JUNIOR,JUSSARA,MONGAGUA
11733-042,RUA RACHEL CELESTE FRANCO GRANDA,JARDIM PRAIA GRANDE,MONGAGUA
11730-156,RUA REYNALDO REIS,VILA SÃO PAULO,MONGAGUA
11730-379,RUA RENATO ANIBAL FERRINHO,PEDREIRA,MONGAGUA
11730-036,RUA REYNALDO DOS REIS JUNIOR,CENTRO,MONGAGUA
11733-072,RUA RIO DE JANEIRO,JARDIM PRAIA GRANDE,MONGAGUA
11733-366,RUA RIO DE JANEIRO,JARDIM PRAIA GRANDE,MONGAGUA
11733-512,RUA ROMA,JARDIM PRAIA GRANDE,MONGAGUA
11737-510,RUA ROBALO,FLÓRIDA MIRIM,MONGAGUA
11730-130,RUA RODRIGO BARJAS,VILA SÃO PAULO,MONGAGUA
11730-026,RUA RODRIGUES ALVES,CENTRO,MONGAGUA
11733-796,RUA ROSA SINOPOLI SANCHES,ITAÓCA,MONGAGUA
11733-780,RUA ROSA SINOPOLI SANCHES,ITAÓCA,MONGAGUA
11730-030,RUA RUI BARBOSA,CENTRO,MONGAGUA
11735-576,RUA SANTOS,AGENOR DE CAMPOS,MONGAGUA
11733-400,RUA SALVADOR,JARDIM PRAIA GRANDE,MONGAGUA
11737-122,RUA SARDINHA,ITAGUAÍ,MONGAGUA
11737-486,RUA SALADINO,FLÓRIDA MIRIM,MONGAGUA
11735-334,RUA SANTA ANA,PLATAFORMA,MONGAGUA
11735-544,RUA SANTA ANA,AGENOR DE CAMPOS,MONGAGUA
11733-060,RUA SÃO BENTO,JARDIM PRAIA GRANDE,MONGAGUA
11735-320,RUA SÃO JORGE,PLATAFORMA,MONGAGUA
11735-600,RUA SÃO PAULO,AGENOR DE CAMPOS,MONGAGUA
11735-408,RUA SÃO JORGE,AGENOR DE CAMPOS,MONGAGUA
11733-410,RUA SÃO LUÍS,JARDIM PRAIA GRANDE,MONGAGUA
11733-336,RUA SÃO JOÃO,JARDIM PRAIA GRANDE,MONGAGUA
11733-330,RUA SÃO BENTO,JARDIM PRAIA GRANDE,MONGAGUA
11735-410,RUA SÃO MIGUEL,AGENOR DE CAMPOS,MONGAGUA
11735-322,RUA SÃO MIGUEL,PLATAFORMA,MONGAGUA
11735-449,RUA SÃO VICENTE,AGENOR DE CAMPOS,MONGAGUA
11735-330,RUA SANTA EUNICE,PLATAFORMA,MONGAGUA
11733-106,RUA SANTA ISABEL,JARDIM PRAIA GRANDE,MONGAGUA
11735-540,RUA SANTA EUNICE,AGENOR DE CAMPOS,MONGAGUA
11735-224,RUA SANTA TEREZA,JUSSARA,MONGAGUA
11735-336,RUA SANTA CECILIA,PLATAFORMA,MONGAGUA
11730-618,RUA SANTOS DUMONT,VERA CRUZ,MONGAGUA
11731-018,RUA SÃO BERNARDO,VILA ATLÂNTICA,MONGAGUA
11735-550,RUA SANTA CECILIA,AGENOR DE CAMPOS,MONGAGUA
11733-350,RUA SANTO ANTÔNIO,JARDIM PRAIA GRANDE,MONGAGUA
11733-506,RUA SANTO ANTÔNIO,JARDIM PRAIA GRANDE,MONGAGUA
11733-076,RUA SANTO ANTÔNIO,JARDIM PRAIA GRANDE,MONGAGUA
11735-594,RUA SÃO LOURENÇO,AGENOR DE CAMPOS,MONGAGUA
11733-392,RUA SANTA CATARINA,JARDIM PRAIA GRANDE,MONGAGUA
11733-296,RUA SÃO FRANCISCO,JARDIM PRAIA GRANDE,MONGAGUA
11730-076,RUA SARA BONZOGLIAN,CENTRO,MONGAGUA
11735-446,RUA SÃO SEBASTIÃO,AGENOR DE CAMPOS,MONGAGUA
11735-332,RUA SANTA TEREZINHA,PLATAFORMA,MONGAGUA
11735-542,RUA SANTA TEREZINHA,AGENOR DE CAMPOS,MONGAGUA
11735-326,RUA SÃO SEBASTIÃO,PLATAFORMA,MONGAGUA
11733-128,RUA SÃO JUDAS TADEU,JARDIM PRAIA GRANDE,MONGAGUA
11730-610,RUA SÃO VICENTE DE PAULA,VERA CRUZ,MONGAGUA
11733-646,RUA SANTO ANTÔNIO DE PADUA,ITAÓCA,MONGAGUA
11735-575,RUA SEIS,AGENOR DE CAMPOS,MONGAGUA
11730-140,RUA SETE,VILA SÃO PAULO,MONGAGUA
11730-138,RUA SEIS,VILA SÃO PAULO,MONGAGUA
11737-784,RUA SETE,FLÓRIDA MIRIM,MONGAGUA
11737-780,RUA SEIS,FLÓRIDA MIRIM,MONGAGUA
11737-266,RUA SETE,ITAGUAÍ,MONGAGUA
11737-262,RUA SEIS,ITAGUAÍ,MONGAGUA
11735-072,RUA SEIS,JUSSARA,MONGAGUA
11735-577,RUA SETE,AGENOR DE CAMPOS,MONGAGUA
11737-518,RUA SEREIAS,FLÓRIDA MIRIM,MONGAGUA
11730-405,RUA SEBASTIÃO LOPES,PEDREIRA,MONGAGUA
11737-319,RUA SIRI,ITAGUAÍ,MONGAGUA
11737-482,RUA SINDBAD,FLÓRIDA MIRIM,MONGAGUA
11737-090,RUA SILVIO MAYER FILHO,ITAGUAÍ,MONGAGUA
11730-406,RUA SILVANO RIBEIRO DIROZ,PEDREIRA,MONGAGUA
11735-752,RUA SILVÍRIA SOUZA DE MELLO,AGENOR DE CAMPOS,MONGAGUA
11735-344,RUA SILVÍRIA SOUZA DE MELLO,PLATAFORMA,MONGAGUA
11737-318,RUA TAINHA,ITAGUAÍ,MONGAGUA
11737-726,RUA TEXAS,FLÓRIDA MIRIM,MONGAGUA
11733-652,RUA TEREZA PINTO,ITAÓCA,MONGAGUA
11733-262,RUA TEREZA CORTELAZ,JARDIM PRAIA GRANDE,MONGAGUA
11735-374,RUA TEREZINHA DE SOUZA BIANCHI,PLATAFORMA,MONGAGUA
11737-044,RUA TEREZINHA DE SOUZA BIANCHI,ITAGUAÍ,MONGAGUA
11731-132,RUA TENENTE AGENOR MARQUES DE AZEVEDO,VILA ATLÂNTICA,MONGAGUA
11735-568,RUA TRÊS,AGENOR DE CAMPOS,MONGAGUA
11730-132,RUA TRÊS,VILA SÃO PAULO,MONGAGUA
11737-768,RUA TRÊS,FLÓRIDA MIRIM,MONGAGUA
11737-274,RUA TRÊS,ITAGUAÍ,MONGAGUA
11737-026,RUA TRINTA,ITAGUAÍ,MONGAGUA
11737-524,RUA TRAÍRA,FLÓRIDA MIRIM,MONGAGUA
11737-020,RUA TRINTA E UM,ITAGUAÍ,MONGAGUA
11735-780,RUA TRINTA E UM,AGENOR DE CAMPOS,MONGAGUA
11730-470,RUA TUPI,VERA CRUZ,MONGAGUA
11735-586,RUA TUPI,AGENOR DE CAMPOS,MONGAGUA
11735-454,RUA TUMIARU,AGENOR DE CAMPOS,MONGAGUA
11735-570,RUA UBATUBA,AGENOR DE CAMPOS,MONGAGUA
11735-416,RUA UM,AGENOR DE CAMPOS,MONGAGUA
11737-446,RUA UM,FLÓRIDA MIRIM,MONGAGUA
11730-642,RUA UM,VERA CRUZ,MONGAGUA
11737-264,RUA UM,ITAGUAÍ,MONGAGUA
11735-064,RUA UM,JUSSARA,MONGAGUA
11730-430,RUA UM,PEDREIRA,MONGAGUA
11735-828,RUA UM,AGENOR DE CAMPOS,MONGAGUA
11735-636,RUA UM B,AGENOR DE CAMPOS,MONGAGUA
11735-634,RUA UM A,AGENOR DE CAMPOS,MONGAGUA
11737-710,RUA UTAH,FLÓRIDA MIRIM,MONGAGUA
11730-426,RUA VALMIRO CARVALHO,PEDREIRA,MONGAGUA
11735-654,RUA VERA CRUZ,AGENOR DE CAMPOS,MONGAGUA
11730-480,RUA VERA STELLA,VERA CRUZ,MONGAGUA
11731-192,RUA VITORIA,VILA ATLÂNTICA,MONGAGUA
11733-404,RUA VITÓRIA,JARDIM PRAIA GRANDE,MONGAGUA
11737-015,RUA VINTE OITO,ITAGUAÍ,MONGAGUA
11733-799,RUA VINTE E TRÊS,ITAÓCA,MONGAGUA
11735-368,RUA VIRGILIO DIAS DE OLIVEIRA,PLATAFORMA,MONGAGUA
11737-046,RUA VIRGILIO DIAS DE OLIVEIRA,ITAGUAÍ,MONGAGUA
11735-760,RUA WOLMAR DE SOUZA,AGENOR DE CAMPOS,MONGAGUA
11730-016,RUA XAVANTES,CENTRO,MONGAGUA
11731-220,RUA XV DE NOVEMBRO,VILA ATLÂNTICA,MONGAGUA
11735-801,RUA YASMIN,AGENOR DE CAMPOS,MONGAGUA
11735-210,RUA ZÉLIA,JUSSARA,MONGAGUA
11737-434,AVENIDA AMÉRICA,FLÓRIDA MIRIM,MONGAGUA
11735-172,AVENIDA ARPOADOR,JUSSARA,MONGAGUA
11737-708,AVENIDA AMÉRICA,FLÓRIDA MIRIM,MONGAGUA
11737-472,AVENIDA ARCO-IRIS,FLÓRIDA MIRIM,MONGAGUA
11731-110,AVENIDA ATLÂNTICA,VILA ATLÂNTICA,MONGAGUA
11731-008,AVENIDA ATLÂNTICA,VILA ATLÂNTICA,MONGAGUA
11730-034,AVENIDA AFONSO PENA,CENTRO,MONGAGUA
11730-018,AVENIDA ABILIO SMITH,CENTRO,MONGAGUA
11730-512,AVENIDA ABILIO SMITH,VERA CRUZ,MONGAGUA
11735-102,AVENIDA ADRIÃO DIAS,JUSSARA,MONGAGUA
11735-174,AVENIDA AGENOR DE CAMPOS,JUSSARA,MONGAGUA
11730-102,AVENIDA ADHEMAR DE BARROS,VILA SÃO PAULO,MONGAGUA
11730-092,AVENIDA ADHEMAR DE BARROS,CENTRO,MONGAGUA
11735-060,AVENIDA ANNA SECKLER MALACCO,JUSSARA,MONGAGUA
11735-014,AVENIDA ANNA SECKLER MALACCO,JUSSARA,MONGAGUA
11735-204,AVENIDA AURELIANO SILVA ARRUDA,JUSSARA,MONGAGUA
11735-028,AVENIDA AURELIANO SILVA ARRUDA,JUSSARA,MONGAGUA
11737-478,AVENIDA BRASIL,FLÓRIDA MIRIM,MONGAGUA
11731-236,AVENIDA BELO HORIZONTE,VILA ATLÂNTICA,MONGAGUA
11731-036,AVENIDA BELO HORIZONTE,VILA ATLÂNTICA,MONGAGUA
11731-144,AVENIDA BARÃO DO RIO BRANCO,VILA ATLÂNTICA,MONGAGUA
11731-020,AVENIDA BARÃO DO RIO BRANCO,VILA ATLÂNTICA,MONGAGUA
11737-704,AVENIDA CANADA,FLÓRIDA MIRIM,MONGAGUA
11737-430,AVENIDA CANADA,FLÓRIDA MIRIM,MONGAGUA
11737-746,AVENIDA CENTRAL,FLÓRIDA MIRIM,MONGAGUA
11737-438,AVENIDA CENTRAL,FLÓRIDA MIRIM,MONGAGUA
11733-118,AVENIDA CASTRO ALVES,JARDIM PRAIA GRANDE,MONGAGUA
11730-032,AVENIDA CAMPOS SALLES,CENTRO,MONGAGUA
11733-764,AVENIDA CIDADE DE SANTOS,ITAÓCA,MONGAGUA
11733-614,AVENIDA CIDADE DE SANTOS,ITAÓCA,MONGAGUA
11733-772,AVENIDA CIDADE DE ITANHAÉM,ITAÓCA,MONGAGUA
11733-622,AVENIDA CIDADE DE ITANHAÉM,ITAÓCA,MONGAGUA
11733-770,AVENIDA CIDADE DE SÃO CARLOS,ITAÓCA,MONGAGUA
11733-620,AVENIDA CIDADE DE SÃO CARLOS,ITAÓCA,MONGAGUA
11737-450,AVENIDA DOIS,FLÓRIDA MIRIM,MONGAGUA
11730-050,AVENIDA DUDU SAMBA,CENTRO,MONGAGUA
11737-316,AVENIDA DOS CARÁS,ITAGUAÍ,MONGAGUA
11733-394,AVENIDA DOS ESTADOS,JARDIM PRAIA GRANDE,MONGAGUA
11737-520,AVENIDA DAS CONCHAS,FLÓRIDA MIRIM,MONGAGUA
11735-358,AVENIDA DOM PEDRO I,PLATAFORMA,MONGAGUA
11735-312,AVENIDA DAS SEREIAS,PLATAFORMA,MONGAGUA
11737-080,AVENIDA DOM PEDRO I,ITAGUAÍ,MONGAGUA
11737-062,AVENIDA DOM PEDRO I,ITAGUAÍ,MONGAGUA
11735-766,AVENIDA DOM PEDRO I,AGENOR DE CAMPOS,MONGAGUA
11735-804,AVENIDA DOM PEDRO I,AGENOR DE CAMPOS,MONGAGUA
11737-901,AVENIDA DOS MARISCOS,FLÓRIDA MIRIM,MONGAGUA
11737-900,AVENIDA DOS MARISCOS,FLÓRIDA MIRIM,MONGAGUA
11737-580,AVENIDA DOS MARISCOS,FLÓRIDA MIRIM,MONGAGUA
11737-444,AVENIDA DAS PALMEIRAS,FLÓRIDA MIRIM,MONGAGUA
11737-760,AVENIDA DAS PALMEIRAS,FLÓRIDA MIRIM,MONGAGUA
11737-040,AVENIDA DOUTOR ANTÔNIO BONILHA,ITAGUAÍ,MONGAGUA
11731-206,AVENIDA DOMINGOS BATISTA DE LIMA,VILA ATLÂNTICA,MONGAGUA
11731-028,AVENIDA DOMINGOS BATISTA DE LIMA,VILA ATLÂNTICA,MONGAGUA
11731-108,AVENIDA DOUTOR LUIZ PEREIRA BARRETO,VILA ATLÂNTICA,MONGAGUA
11731-004,AVENIDA DOUTOR LUIZ PEREIRA BARRETO,VILA ATLÂNTICA,MONGAGUA
11737-042,AVENIDA DOUTOR FRANCISCO MUNHOZ FILHO,ITAGUAÍ,MONGAGUA
11737-748,AVENIDA ESTER COSTA DOURADO,FLÓRIDA MIRIM,MONGAGUA
11737-440,AVENIDA ESTER COSTA DOURADO,FLÓRIDA MIRIM,MONGAGUA
11730-560,AVENIDA EDWILSON JOSÉ DO CARMO,VERA CRUZ,MONGAGUA
11730-476,AVENIDA EDWILSON JOSÉ DO CARMO,VERA CRUZ,MONGAGUA
11730-008,AVENIDA EMBAIXADOR PEDRO DE TOLEDO,CENTRO,MONGAGUA
11730-514,AVENIDA EMBAIXADOR PEDRO DE TOLEDO,VERA CRUZ,MONGAGUA
11730-474,AVENIDA EMBAIXADOR PEDRO DE TOLEDO,VERA CRUZ,MONGAGUA
11731-228,AVENIDA FARIA LIMA,VILA ATLÂNTICA,MONGAGUA
11731-034,AVENIDA FARIA LIMA,VILA ATLÂNTICA,MONGAGUA
11737-034,AVENIDA FRANCISCO MUNHOZ CEGARRA,ITAGUAÍ,MONGAGUA
11737-464,AVENIDA FRANCISCO MUNHOZ CEGARRA,FLÓRIDA MIRIM,MONGAGUA
11737-778,AVENIDA FRANCISCO FERNANDES PIRES,FLÓRIDA MIRIM,MONGAGUA
11737-792,AVENIDA FRANCISCO ANTÔNIO MENDES CARUSO,FLÓRIDA MIRIM,MONGAGUA
11737-452,AVENIDA FRANCISCO ANTÔNIO MENDES CARUSO,FLÓRIDA MIRIM,MONGAGUA
11730-066,AVENIDA GETÚLIO VARGAS,CENTRO,MONGAGUA
11730-112,AVENIDA GOVERNADOR MARIO COVAS JUNIOR,VILA SÃO PAULO,MONGAGUA
11733-002,AVENIDA GOVERNADOR MARIO COVAS JUNIOR,JARDIM PRAIA GRANDE,MONGAGUA
11731-046,AVENIDA GOVERNADOR MARIO COVAS JUNIOR,VILA ATLÂNTICA,MONGAGUA
11737-402,AVENIDA GOVERNADOR MARIO COVAS JUNIOR,FLÓRIDA MIRIM,MONGAGUA
11735-302,AVENIDA GOVERNADOR MARIO COVAS JUNIOR,PLATAFORMA,MONGAGUA
11730-462,AVENIDA GOVERNADOR MARIO COVAS JUNIOR,VERA CRUZ,MONGAGUA
11733-602,AVENIDA GOVERNADOR MARIO COVAS JUNIOR,ITAÓCA,MONGAGUA
11735-002,AVENIDA GOVERNADOR MARIO COVAS JUNIOR,JUSSARA,MONGAGUA
11730-002,AVENIDA GOVERNADOR MARIO COVAS JUNIOR,CENTRO,MONGAGUA
11737-448,AVENIDA HUM,FLÓRIDA MIRIM,MONGAGUA
11735-108,AVENIDA JUSSARA,JUSSARA,MONGAGUA
11735-020,AVENIDA JUSSARA,JUSSARA,MONGAGUA
11735-406,AVENIDA JOSÉ BONIFACIO,AGENOR DE CAMPOS,MONGAGUA
11735-230,AVENIDA JOSÉ BONIFACIO,JUSSARA,MONGAGUA
11733-238,AVENIDA JOSÉ JACOB SECKLER,JARDIM PRAIA GRANDE,MONGAGUA
11737-038,AVENIDA JOSÉ MUNHOZ BONILHA,ITAGUAÍ,MONGAGUA
11730-600,AVENIDA LOURDES DA COSTA PONTES,VERA CRUZ,MONGAGUA
11730-496,AVENIDA MARINA,VERA CRUZ,MONGAGUA
11730-970,AVENIDA MARINA,CENTRO,MONGAGUA
11730-058,AVENIDA MARINA,CENTRO,MONGAGUA
11730-006,AVENIDA MARINA,CENTRO,MONGAGUA
11730-959,AVENIDA MARINA,CENTRO,MONGAGUA
11733-706,AVENIDA MARROCOS,ITAÓCA,MONGAGUA
11737-702,AVENIDA MONTREAL,FLÓRIDA MIRIM,MONGAGUA
11737-428,AVENIDA MONTREAL,FLÓRIDA MIRIM,MONGAGUA
11733-112,AVENIDA MARTINS FONTES,JARDIM PRAIA GRANDE,MONGAGUA
11730-162,AVENIDA MONTEIRO LOBATO,VILA SÃO PAULO,MONGAGUA
11737-002,AVENIDA MONTEIRO LOBATO,ITAGUAÍ,MONGAGUA
11733-102,AVENIDA MONTEIRO LOBATO,JARDIM PRAIA GRANDE,MONGAGUA
11733-740,AVENIDA MONTEIRO LOBATO,ITAÓCA,MONGAGUA
11731-102,AVENIDA MONTEIRO LOBATO,VILA ATLÂNTICA,MONGAGUA
11735-052,AVENIDA MONTEIRO LOBATO,JUSSARA,MONGAGUA
11730-370,AVENIDA MONTEIRO LOBATO,PEDREIRA,MONGAGUA
11735-402,AVENIDA MONTEIRO LOBATO,AGENOR DE CAMPOS,MONGAGUA
11737-462,AVENIDA MONTEIRO LOBATO,FLÓRIDA MIRIM,MONGAGUA
11730-510,AVENIDA MONTEIRO LOBATO,VERA CRUZ,MONGAGUA
11733-104,AVENIDA MANOEL GOMES SEABRA,JARDIM PRAIA GRANDE,MONGAGUA
11731-272,AVENIDA MANOEL GOMES SEABRA,VILA ATLÂNTICA,MONGAGUA
11737-036,AVENIDA MIGUEL MUNHOZ BONILHA,ITAGUAÍ,MONGAGUA
11735-566,AVENIDA NOSSA SENHORA DE FÁTIMA,AGENOR DE CAMPOS,MONGAGUA
11735-338,AVENIDA NOSSA SENHORA DE FÁTIMA,PLATAFORMA,MONGAGUA
11733-116,AVENIDA OLAVO BILAC,JARDIM PRAIA GRANDE,MONGAGUA
11730-048,AVENIDA OLINDO TAMAGNINI,CENTRO,MONGAGUA
11730-374,AVENIDA OLINDO TAMAGNINI,PEDREIRA,MONGAGUA
11737-730,AVENIDA PEDRO LEMOS,FLÓRIDA MIRIM,MONGAGUA
11737-436,AVENIDA PEDRO LEMOS,FLÓRIDA MIRIM,MONGAGUA
11733-056,AVENIDA PRESIDENTE MEDICI,JARDIM PRAIA GRANDE,MONGAGUA
11733-334,AVENIDA PRESIDENTE JUSCELINO,JARDIM PRAIA GRANDE,MONGAGUA
11733-062,AVENIDA PRESIDENTE JUSCELINO,JARDIM PRAIA GRANDE,MONGAGUA
11735-026,AVENIDA PADRE JOSÉ DE ANCHIETA,JUSSARA,MONGAGUA
11735-200,AVENIDA PADRE MANOEL DA NOBREGA,JUSSARA,MONGAGUA
11735-024,AVENIDA PADRE MANOEL DA NOBREGA,JUSSARA,MONGAGUA
11735-202,AVENIDA PADRE JOSÉ DE ANCHIETA,JUSSARA,MONGAGUA
11731-208,AVENIDA PRESIDENTE COSTA E SILVA,VILA ATLÂNTICA,MONGAGUA
11731-032,AVENIDA PRESIDENTE COSTA E SILVA,VILA ATLÂNTICA,MONGAGUA
11733-230,AVENIDA RODRIGUES DE ABREU,JARDIM PRAIA GRANDE,MONGAGUA
11735-318,AVENIDA SANTANA,PLATAFORMA,MONGAGUA
11735-206,AVENIDA SANTANA,JUSSARA,MONGAGUA
11735-030,AVENIDA SANTANA,JUSSARA,MONGAGUA
11735-404,AVENIDA SANTANA,AGENOR DE CAMPOS,MONGAGUA
11731-116,AVENIDA SÃO LUIZ,VILA ATLÂNTICA,MONGAGUA
11731-014,AVENIDA SÃO LUIZ,VILA ATLÂNTICA,MONGAGUA
11733-608,AVENIDA SOROCABANA,ITAÓCA,MONGAGUA
11730-004,AVENIDA SÃO PAULO,CENTRO,MONGAGUA
11737-410,AVENIDA SÃO PAULO,FLÓRIDA MIRIM,MONGAGUA
11730-114,AVENIDA SÃO PAULO,VILA SÃO PAULO,MONGAGUA
11733-020,AVENIDA SOROCABANA,JARDIM PRAIA GRANDE,MONGAGUA
11733-606,AVENIDA SÃO PAULO,ITAÓCA,MONGAGUA
11733-006,AVENIDA SÃO PAULO,JARDIM PRAIA GRANDE,MONGAGUA
11735-010,AVENIDA SOROCABANA,JUSSARA,MONGAGUA
11731-058,AVENIDA SOROCABANA,VILA ATLÂNTICA,MONGAGUA
11731-056,AVENIDA SÃO PAULO,VILA ATLÂNTICA,MONGAGUA
11735-309,AVENIDA SOROCABANA,PLATAFORMA,MONGAGUA
11735-304,AVENIDA SÃO PAULO,PLATAFORMA,MONGAGUA
11735-006,AVENIDA SÃO PAULO,JUSSARA,MONGAGUA
11731-112,AVENIDA SÃO JOÃO,VILA ATLÂNTICA,MONGAGUA
11730-500,AVENIDA SOROCABANA,VERA CRUZ,MONGAGUA
11731-010,AVENIDA SÃO JOÃO,VILA ATLÂNTICA,MONGAGUA
11730-472,AVENIDA SÃO PAULO,VERA CRUZ,MONGAGUA
11737-414,AVENIDA SOROCABANA,FLÓRIDA MIRIM,MONGAGUA
11737-706,AVENIDA SÃO LOURENÇO,FLÓRIDA MIRIM,MONGAGUA
11737-432,AVENIDA SÃO LOURENÇO,FLÓRIDA MIRIM,MONGAGUA
11737-756,AVENIDA SÃO FRANCISCO,FLÓRIDA MIRIM,MONGAGUA
11737-442,AVENIDA SÃO FRANCISCO,FLÓRIDA MIRIM,MONGAGUA
11735-226,AVENIDA SENADOR FEIJÓ,JUSSARA,MONGAGUA
11733-766,AVENIDA SEBASTIÃO FLORÊNCIO,ITAÓCA,MONGAGUA
11733-616,AVENIDA SEBASTIÃO FLORÊNCIO,ITAÓCA,MONGAGUA
11735-228,AVENIDA SENADOR BENJAMIN CONSTANT,JUSSARA,MONGAGUA
11737-554,AVENIDA TUIM,FLÓRIDA MIRIM,MONGAGUA
11735-012,AVENIDA TIRADENTES,JUSSARA,MONGAGUA
11733-030,AVENIDA TIRADENTES,JARDIM PRAIA GRANDE,MONGAGUA
11731-062,AVENIDA TIRADENTES,VILA ATLÂNTICA,MONGAGUA
11737-420,AVENIDA TIRADENTES,FLÓRIDA MIRIM,MONGAGUA
11735-316,AVENIDA TIRADENTES,PLATAFORMA,MONGAGUA
11730-504,AVENIDA TIRADENTES,VERA CRUZ,MONGAGUA
11733-610,AVENIDA TIRADENTES,ITAÓCA,MONGAGUA
11735-082,AVENIDA UM,JUSSARA,MONGAGUA
11730-602,AVENIDA URSULINA DE LIMA,VERA CRUZ,MONGAGUA
11730-574,AVENIDA VERA STELLA,VERA CRUZ,MONGAGUA
11733-114,AVENIDA VICENTE DE CARVALHO,JARDIM PRAIA GRANDE,MONGAGUA
11730-492,AVENIDA WASHINGTON LUIZ,VERA CRUZ,MONGAGUA
11731-104,AVENIDA WASHINGTON LUIZ,VILA ATLÂNTICA,MONGAGUA
11731-002,AVENIDA WASHINGTON LUIZ,VILA ATLÂNTICA,MONGAGUA
11730-614,AVENIDA WASHINGTON LUIZ,VERA CRUZ,MONGAGUA
11731-016,AVENIDA XV DE NOVEMBRO,VILA ATLÂNTICA,MONGAGUA
11731-118,AVENIDA XV DE NOVEMBRO,VILA ATLÂNTICA,MONGAGUA
11730-060,AVENIDA 7 DE DEZEMBRO,CENTRO,MONGAGUA
11731-114,AVENIDA 7 DE SETEMBRO,VILA ATLÂNTICA,MONGAGUA
11731-012,AVENIDA 7 DE SETEMBRO,VILA ATLÂNTICA,MONGAGUA
11733-068,AVENIDA 9 DE JULHO,JARDIM PRAIA GRANDE,MONGAGUA
11733-364,AVENIDA 9 DE JULHO,JARDIM PRAIA GRANDE,MONGAGUA
11737-029,ALAMEDA A,ITAGUAÍ,MONGAGUA
11731-196,ALAMEDA ANGÉLICA,VILA ATLÂNTICA,MONGAGUA
11737-546,ALAMEDA ARARAÚNA,FLÓRIDA MIRIM,MONGAGUA
11737-544,ALAMEDA ARARA MACAO,FLÓRIDA MIRIM,MONGAGUA
11737-542,ALAMEDA ARARA PIRANGA,FLÓRIDA MIRIM,MONGAGUA
11737-548,ALAMEDA ARARA VERMELHA,FLÓRIDA MIRIM,MONGAGUA
11737-540,ALAMEDA ARARA CANINDÉ,FLÓRIDA MIRIM,MONGAGUA
11731-204,ALAMEDA DÁLIA,VILA ATLÂNTICA,MONGAGUA
11735-582,ALAMEDA ITANHAÉM,AGENOR DE CAMPOS,MONGAGUA
11737-549,ALAMEDA MAINÁ,FLÓRIDA MIRIM,MONGAGUA
11737-550,ALAMEDA MAITACA,FLÓRIDA MIRIM,MONGAGUA
11737-556,ALAMEDA MARACANA,FLÓRIDA MIRIM,MONGAGUA
11737-502,ALAMEDA PAPAGAIO,FLÓRIDA MIRIM,MONGAGUA
11737-552,ALAMEDA PIRIQUITO,FLÓRIDA MIRIM,MONGAGUA
11737-016,ALAMEDA TANIA,ITAGUAÍ,MONGAGUA
11735-056,ALAMEDA UM,JUSSARA,MONGAGUA
11730-482,ALAMEDA UMUARAMA,VERA CRUZ,MONGAGUA
11737-025,ALAMEDA VEIGA,ITAGUAÍ,MONGAGUA
11730-120,TRAVESSA A,VILA SÃO PAULO,MONGAGUA
11731-038,TRAVESSA ANHANGUERA,VILA ATLÂNTICA,MONGAGUA
11730-488,TRAVESSA CANADA,VERA CRUZ,MONGAGUA
11730-518,TRAVESSA DOIS,VERA CRUZ,MONGAGUA
11733-050,TRAVESSA DAS FLORES,JARDIM PRAIA GRANDE,MONGAGUA
11733-306,TRAVESSA PARTICULAR,JARDIM PRAIA GRANDE,MONGAGUA
11735-500,TRAVESSA SÃO VICENTE,AGENOR DE CAMPOS,MONGAGUA
11737-104,VIELA OITO,ITAGUAÍ,MONGAGUA
11731-060,VIELA SÃO JOÃO,VILA ATLÂNTICA,MONGAGUA
11731-006,VIELA UM,VILA ATLÂNTICA,MONGAGUA
11730-073,PRAÇA DOUTOR FERNANDO ARENS,CENTRO,MONGAGUA
11737-742,PRAÇA EDÉZIO BENEDITO MACHADO,FLÓRIDA MIRIM,MONGAGUA
11733-744,PRAÇA ITÁLIA,ITAÓCA,MONGAGUA
11730-075,PRAÇA JACOUB KOUKDJIAN,CENTRO,MONGAGUA
11735-758,PRAÇA JOÃO DE BARROS TEIXEIRA,AGENOR DE CAMPOS,MONGAGUA
11730-014,PRAÇA KENNEDY,CENTRO,MONGAGUA
11730-081,PRAÇA MARIA DEL CARMEM MARIÑO TELLE,CENTRO,MONGAGUA
11733-374,PRAÇA OLAVO BILAC,JARDIM PRAIA GRANDE,MONGAGUA
11731-026,PRAÇA UBIRAJARA,VILA ATLÂNTICA,MONGAGUA
CEP,LOGRADOURO,BAIRRO,CIDADE
11771-778,RUA ABEL DE CARVALHO,VILA ISOLINA,PERUIBE
11770-280,RUA ABEL ALVES DE SOUZA,CIDADE BALNEÁRIA PERUÍBE/SCIPEL,PERUIBE
11770-214,RUA ABILIO AUGUSTO MONTEIRO,JARDIM SÃO JOÃO,PERUIBE
11770-574,RUA ACRE,JARDIM RIBAMAR,PERUIBE
11770-456,RUA ACRE,JARDIM BARRA DE JANGADAS,PERUIBE
11770-378,RUA ACRE,BALNEÁRIO STELLA MARIS,PERUIBE
11772-346,RUA ADALBERTO,BALNEÁRIO TRÊS MARIAS,PERUIBE
11776-378,RUA ADAMANTINA,ESTÂNCIA SANTA CRUZ,PERUIBE
11771-238,RUA ADAMANTINA,ESTÂNCIA FLORA RICA,PERUIBE
11771-580,RUA ADEMIR DA SILVA,JARDIM BRASIL,PERUIBE
11771-482,RUA ADMIR FERRAZ CARBONEL,PARK D'AVILLE,PERUIBE
11782-638,RUA ADILSON BRAGA SANTIAGO,BALNEÁRIO CARAGUAVA,PERUIBE
11775-528,RUA AGATA,ESTÂNCIA BALNEÁRIA BELMIRA NOVAES,PERUIBE
11770-076,RUA AGOSTINHO NAVARRO,CENTRO,PERUIBE
11771-578,RUA AGNELO JOSÉ DOS SANTOS,JARDIM BRASIL,PERUIBE
11775-630,RUA AIRTON FERREIRA,ESTÂNCIA BALNEÁRIA CONVENTO VELHO,PERUIBE
11770-338,RUA ALAGOAS,BALNEÁRIO STELLA MARIS,PERUIBE
11772-786,RUA ALEMANHA,ESTÂNCIA SÃO JOSÉ,PERUIBE
11785-040,RUA ALAMANDAS,QUINTA DO GUARAÚ,PERUIBE
11775-530,RUA ALABASTRO,ESTÂNCIA BALNEÁRIA BELMIRA NOVAES,PERUIBE
11772-776,RUA ALEXANDRIA,ESTÂNCIA SÃO JOSÉ,PERUIBE
11783-310,RUA ALGODOEIRO,ESTÂNCIA DOS EUCALIPTOS,PERUIBE
11770-852,RUA ALVIM SILVA,BALNEÁRIO ARPOADOR,PERUIBE
11772-374,RUA ALAN KARDEC,JARDIM MÁRCIA,PERUIBE
11772-396,RUA ALAN KARDEC,JARDIM MÁRCIA,PERUIBE
11772-064,RUA ALBUQUERQUE,CIDADE NOVA PERUÍBE,PERUIBE
11770-110,RUA ALFREDO GOMES,CENTRO,PERUIBE
11783-438,RUA ALFREDO PIRES,ESTÂNCIA SANTA IZABEL,PERUIBE
11772-590,RUA ALBERTO MESQUITA,PARQUE BALNEÁRIO OASIS,PERUIBE
11783-616,RUA ALFREDO FERNANDES,JARDIM VENEZA,PERUIBE
11772-026,RUA ALMIRANTE BARROSO,CIDADE NOVA PERUÍBE,PERUIBE
11770-126,RUA ALMIRANTE BARROSO,CENTRO,PERUIBE
11776-684,RUA ÁLVARO DOS SANTOS,JARDIM DOS PRADOS,PERUIBE
11772-006,RUA ALEXANDRE DE GUSMÃO,CIDADE NOVA PERUÍBE,PERUIBE
11777-252,RUA ÁLVARO SEGURADO BRAZ,ESTÂNCIA BALNEÁRIA ANTÔNIO NOVAES,PERUIBE
11783-610,RUA ÁLVARO PEREIRA GASPAR,JARDIM VENEZA,PERUIBE
11775-008,RUA ALMERINDA ALMADA TOSTA,BALNEÁRIO JOSEDY,PERUIBE
11783-542,RUA ALFREDO NOGUEIRA SILVA,ESTÂNCIA SANTA IZABEL,PERUIBE
11783-618,RUA ALEXANDRE MAYA MONTEIRO,JARDIM VENEZA,PERUIBE
11771-474,RUA ALBERTO PEREIRA FORTUNA,PARK D'AVILLE,PERUIBE
11783-422,RUA ALESSANDRO RODRIGUES SILVA,ESTÂNCIA SANTA IZABEL,PERUIBE
11770-854,RUA ALFREDO BERGSTRON LOURENÇO,BALNEÁRIO ARPOADOR,PERUIBE
11776-736,RUA ALCISIA CAVALCANTE DA COSTA,JARDIM DOS PRADOS,PERUIBE
11772-254,RUA ALBERTO ANTONIO DE CARVALHO FILHO,BALNEÁRIO CONTINENTAL,PERUIBE
11775-274,RUA ALMIRANTE DORVAL MELCHIADES DE SOUSA,JARDIM BEIRA MAR,PERUIBE
11775-342,RUA AMADEO,JARDIM AMADEO,PERUIBE
11770-576,RUA AMAPÁ,JARDIM RIBAMAR,PERUIBE
11770-602,RUA AMAPÁ,JARDIM DAS FLORES,PERUIBE
11770-458,RUA AMAPÁ,JARDIM BARRA DE JANGADAS,PERUIBE
11770-368,RUA AMAPÁ,BALNEÁRIO STELLA MARIS,PERUIBE
11783-342,RUA AMARELO,ESTÂNCIA DOS EUCALIPTOS,PERUIBE
11775-524,RUA AMETISTA,ESTÂNCIA BALNEÁRIA BELMIRA NOVAES,PERUIBE
11772-048,RUA AMAZONAS,CIDADE NOVA PERUÍBE,PERUIBE
11770-334,RUA AMAZONAS,BALNEÁRIO STELLA MARIS,PERUIBE
11784-166,RUA AMOR PERFEITO,JARDIM EUROPA,PERUIBE
11775-282,RUA AMELIO THESOTTO,JARDIM BEIRA MAR,PERUIBE
11771-582,RUA AMALIA AVELINA DE CARVALHO,JARDIM BRASIL,PERUIBE
11776-388,RUA ANCHIETA,ESTÂNCIA SANTA CRUZ,PERUIBE
11772-348,RUA ANGELINA,BALNEÁRIO TRÊS MARIAS,PERUIBE
11783-436,RUA ANA RAMOS,ESTÂNCIA SANTA IZABEL,PERUIBE
11783-660,RUA ANNA STINN,JARDIM VENEZA,PERUIBE
11776-726,RUA ANA ANUNCIADA,JARDIM DOS PRADOS,PERUIBE
11771-584,RUA ANÍSIO ROSEO,JARDIM BRASIL,PERUIBE
11783-468,RUA ANTONIO PIRES,ESTÂNCIA SANTA IZABEL,PERUIBE
11785-138,RUA ANTONIO SOARES,BALNEÁRIO GARÇA VERMELHA,PERUIBE
11775-278,RUA ANTONIO SIQUEIRA,JARDIM BEIRA MAR,PERUIBE
11770-268,RUA ANDRENANDES COSTA,CIDADE BALNEÁRIA PERUÍBE/SCIPEL,PERUIBE
11770-102,RUA ANIBAL AUGUSTO PIRES,CENTRO,PERUIBE
11776-670,RUA ANTÔNIO SILES JUNIOR,JARDIM DOS PRADOS,PERUIBE
11776-604,RUA ANTÔNIO SILES JUNIOR,ESTÂNCIA LEÃO NOVAES,PERUIBE
11772-610,RUA ANTONIO ROQUE PEREIRA,PARQUE BALNEÁRIO OASIS,PERUIBE
11783-130,RUA ANTONIO ARAUJO GOUVÊA,JARDIM CARAMINGUAVA,PERUIBE
11782-830,RUA ANTONIO ARAUJO GOUVÊA,CIDADE BALNEÁRIA NOVA PERUÍBE,PERUIBE
11771-570,RUA ANTONIO PEREIRA FORTUNA,JARDIM BRASIL,PERUIBE
11782-646,RUA ANTONIO FREDERICO OZONAM,BALNEÁRIO CARAGUAVA,PERUIBE
11783-612,RUA ANTONIO BARTOLOMEU GROTHE,JARDIM VENEZA,PERUIBE
11775-034,RUA ANTONIO MARTINS DE ANDRADE,BALNEÁRIO JOSEDY,PERUIBE
11776-872,RUA ANTONIO BALDOINO DOS SANTOS,VILA ERMINDA,PERUIBE
11785-134,RUA ANDRÉY DA SILVA CONCEIÇÃO,BALNEÁRIO GARÇA VERMELHA,PERUIBE
11772-158,RUA APIAI,CIDADE NOVA PERUÍBE,PERUIBE
11771-406,RUA APARECIDO RIBEIRO,JARDIM PERUÍBE,PERUIBE
11771-430,RUA APARECIDO ALIPIO CORNEA,JARDIM PERUÍBE,PERUIBE
11783-144,RUA APARECIDA AMÉLIA PARANHOS,JARDIM CARAMINGUAVA,PERUIBE
11775-710,RUA ARAÉS,ESTÂNCIA BALNEÁRIA MARIA HELENA NOVAES,PERUIBE
11772-040,RUA ARAGUA,CIDADE NOVA PERUÍBE,PERUIBE
11775-708,RUA ARATÃS,ESTÂNCIA BALNEÁRIA MARIA HELENA NOVAES,PERUIBE
11770-572,RUA ARAGUAIA,JARDIM RIBAMAR,PERUIBE
11770-454,RUA ARAGUAIA,JARDIM BARRA DE JANGADAS,PERUIBE
11772-044,RUA ARAGUAIA,CIDADE NOVA PERUÍBE,PERUIBE
11770-446,RUA ARAGUARÉ,JARDIM BARRA DE JANGADAS,PERUIBE
11772-760,RUA ARGENTINA,ESTÂNCIA SÃO JOSÉ,PERUIBE
11770-560,RUA ARAGUARÉ,JARDIM RIBAMAR,PERUIBE
11776-364,RUA ARARAQUARA,ESTÂNCIA SANTA CRUZ,PERUIBE
11783-022,RUA ARARAQUARA,CIDADE BALNEÁRIA NOVA PERUÍBE II,PERUIBE
11782-708,RUA ARARAQUARA,CIDADE BALNEÁRIA NOVA PERUÍBE,PERUIBE
11777-292,RUA ARNALDO IGNÁCIO,ESTÂNCIA BALNEÁRIA ANTÔNIO NOVAES,PERUIBE
11777-194,RUA ARNALDO IGNÁCIO,NOVA VATRAPUÃ,PERUIBE
11776-836,RUA ARCELINA TEIXEIRA DA SILVA,PARQUE DO TREVO,PERUIBE
11783-160,RUA ASSIS,JARDIM CARAMINGUAVA,PERUIBE
11783-126,RUA ASSEMBLEIA DE DEUS,JARDIM CARAMINGUAVA,PERUIBE
11777-478,RUA AURORA,RECREIO SANTISTA I,PERUIBE
11770-300,RUA AURELIO FERRARA,CIDADE BALNEÁRIA PERUÍBE/SCIPEL,PERUIBE
11771-484,RUA AUGUSTO DE LIMA,PARK D'AVILLE,PERUIBE
11771-690,RUA AUGUSTA MARTINS FORTUNA,JARDIM ITATINS,PERUIBE
11772-628,RUA AVELINO ALVES PENNA FILHO,PARQUE BALNEÁRIO OASIS,PERUIBE
11783-344,RUA AZUL,ESTÂNCIA DOS EUCALIPTOS,PERUIBE
11775-548,RUA AZURITA,ESTÂNCIA BALNEÁRIA BELMIRA NOVAES,PERUIBE
11775-566,RUA AZEVICHE,ESTÂNCIA BALNEÁRIA BELMIRA NOVAES,PERUIBE
11776-376,RUA BAURU,ESTÂNCIA SANTA CRUZ,PERUIBE
11782-714,RUA BAURU,CIDADE BALNEÁRIA NOVA PERUÍBE,PERUIBE
11770-364,RUA BAHIA,BALNEÁRIO STELLA MARIS,PERUIBE
11783-026,RUA BAURU,CIDADE BALNEÁRIA NOVA PERUÍBE II,PERUIBE
11770-270,RUA BARÃO DE MAUÁ,CIDADE BALNEÁRIA PERUÍBE/SCIPEL,PERUIBE
11770-048,RUA BARÃO JOSÉ FORTINO,CENTRO,PERUIBE
11770-434,RUA BARÃO DO RIO BRANCO,JARDIM BARRA DE JANGADAS,PERUIBE
11772-128,RUA BARÃO DO RIO BRANCO,CIDADE NOVA PERUÍBE,PERUIBE
11772-014,RUA BARÃO DO RIO BRANCO,CIDADE NOVA PERUÍBE,PERUIBE
11770-390,RUA BARÃO DO RIO BRANCO,BALNEÁRIO STELLA MARIS,PERUIBE
11772-150,RUA BELA,CIDADE NOVA PERUÍBE,PERUIBE
11772-814,RUA BÉLGICA,ESTÂNCIA SÃO JOSÉ,PERUIBE
11783-642,RUA BEIRA RIO,JARDIM VENEZA,PERUIBE
11783-434,RUA BENEDITO SPEDO,ESTÂNCIA SANTA IZABEL,PERUIBE
11786-508,RUA BENEDITO TEREZA,BARRA DO UNA,PERUIBE
11770-062,RUA BENEDITO MARÇAL,CENTRO,PERUIBE
11770-226,RUA BENEDITO MARÇAL,JARDIM SÃO JOÃO,PERUIBE
11771-366,RUA BENEDITO CALIXTO,VILA ROMAR,PERUIBE
11783-632,RUA BENJAMIN RAMOS NOBREGA,JARDIM VENEZA,PERUIBE
11777-414,RUA BELMIRA BRAGA SANTIAGO,RECREIO SANTISTA I,PERUIBE
11771-480,RUA BENEDITO ALVES DE SOUZA,PARK D'AVILLE,PERUIBE
11782-648,RUA BENEDITO ANDERSON LIBERT,BALNEÁRIO CARAGUAVA,PERUIBE
11770-142,RUA BENEDITO OLIVA DE LACERDA,CENTRO,PERUIBE
11771-554,RUA BENEDITO FRANCISCO RICARDO,JARDIM BRASIL,PERUIBE
11771-166,RUA BENEDITO AUGUSTO DE FREITAS,BALNEÁRIO SÃO JOÃO BATISTA 3,PERUIBE
11783-536,RUA BENEDITO ALVES DE SOUZA FILHO,ESTÂNCIA SANTA IZABEL,PERUIBE
11772-122,RUA BIGUA,CIDADE NOVA PERUÍBE,PERUIBE
11772-706,RUA BOLÍVIA,ESTÂNCIA SÃO JOSÉ,PERUIBE
11772-782,RUA BOA VISTA,ESTÂNCIA SÃO JOSÉ,PERUIBE
11783-138,RUA BOM PASTOR,JARDIM CARAMINGUAVA,PERUIBE
11775-532,RUA BRILHANTE,ESTÂNCIA BALNEÁRIA BELMIRA NOVAES,PERUIBE
11784-168,RUA BRINCO DA PRINCESA,JARDIM EUROPA,PERUIBE
11771-254,RUA CAIABU,ESTÂNCIA FLORA RICA,PERUIBE
11771-018,RUA CATUNI,BALNEÁRIO ARPOADOR 2,PERUIBE
11772-092,RUA CARMEN,CIDADE NOVA PERUÍBE,PERUIBE
11770-528,RUA CAJARU,JARDIM RIBAMAR,PERUIBE
11772-774,RUA CANADÁ,ESTÂNCIA SÃO JOSÉ,PERUIBE
11776-304,RUA CAMPINAS,ESTÂNCIA SANTA CRUZ,PERUIBE
11772-116,RUA CANANEIA,CIDADE NOVA PERUÍBE,PERUIBE
11783-298,RUA CAJUEIRO,ESTÂNCIA DOS EUCALIPTOS,PERUIBE
11782-818,RUA CATANDUVA,CIDADE BALNEÁRIA NOVA PERUÍBE,PERUIBE
11782-816,RUA CATANDUVA,CIDADE BALNEÁRIA NOVA PERUÍBE,PERUIBE
11783-232,RUA CARNAÚBA,ESTÂNCIA DOS EUCALIPTOS,PERUIBE
11782-784,RUA CATANDUVA,CIDADE BALNEÁRIA NOVA PERUÍBE,PERUIBE
11783-234,RUA CACAUEIRO,ESTÂNCIA DOS EUCALIPTOS,PERUIBE
11775-658,RUA CATEQUESE,ESTÂNCIA BALNEÁRIA CONVENTO VELHO,PERUIBE
11777-520,RUA CAROLLINA,RECREIO SANTISTA I,PERUIBE
11772-872,RUA CASABLANCA,JARDIM CASABLANCA,PERUIBE
11771-804,RUA CARLOS NOVO,BALNEÁRIO NOVO HORIZONTE,PERUIBE
11775-654,RUA CAMPANÁRIO,ESTÂNCIA BALNEÁRIA CONVENTO VELHO,PERUIBE
11772-088,RUA CASTRO ALVES,CIDADE NOVA PERUÍBE,PERUIBE
11770-620,RUA CARLOS GOMES,JARDIM DAS FLORES,PERUIBE
11772-156,RUA CASTRO ALVES,CIDADE NOVA PERUÍBE,PERUIBE
11770-484,RUA CASTRO ALVES,JARDIM RIBAMAR,PERUIBE
11770-492,RUA CARLOS GOMES,JARDIM RIBAMAR,PERUIBE
11770-546,RUA CARLOS GOMES,JARDIM RIBAMAR,PERUIBE
11770-642,RUA CARLOS GOMES,BALNEÁRIO FLÓRIDA PERUÍBE,PERUIBE
11771-228,RUA CARLOS GOMES,ESTÂNCIA FLORA RICA,PERUIBE
11770-222,RUA CAETANO MORATORI,JARDIM SÃO JOÃO,PERUIBE
11772-160,RUA CASIMIRO DE ABREU,CIDADE NOVA PERUÍBE,PERUIBE
11771-416,RUA CANDIDO GONCALVES,JARDIM PERUÍBE,PERUIBE
11771-408,RUA CARMEM GINES GOMES,JARDIM PERUÍBE,PERUIBE
11776-744,RUA CAMINHO DOS INDIOS,JARDIM DOS PRADOS,PERUIBE
11770-080,RUA CARLOS IVO DA SILVA,CENTRO,PERUIBE
11771-106,RUA CARLOS RAYMUNDO PEPPE,BALNEÁRIO SÃO JOÃO BATISTA 2,PERUIBE
11771-164,RUA CARLOS RAYMUNDO PEPPE,BALNEÁRIO SÃO JOÃO BATISTA 3,PERUIBE
11770-228,RUA CATARINA ROSA DE AQUINO,JARDIM SÃO JOÃO,PERUIBE
11770-066,RUA CATARINA ROSA DE AQUINO,CENTRO,PERUIBE
11783-430,RUA CARLOS CAVALCANTE ALMEIDA,ESTÂNCIA SANTA IZABEL,PERUIBE
11770-552,RUA CANDIDO RODRIGUES PEREIRA,JARDIM RIBAMAR,PERUIBE
11771-350,RUA CARLOS DRUMMOND DE ANDRADE,VILA ROMAR,PERUIBE
11772-492,RUA CANTÍDIO NOGUEIRA SAMPAIO,JARDIM IMPERADOR,PERUIBE
11772-478,RUA CANTÍDIO NOGUEIRA SAMPAIO,JARDIM IMPERADOR,PERUIBE
11782-668,RUA CARDEAL MARCO ANTONIO BARBARIGO,BALNEÁRIO CARAGUAVA,PERUIBE
11771-418,RUA CAPITÃO-POLÍCIA MILITAR JEFFERSON AGOSTINHO,JARDIM PERUÍBE,PERUIBE
11772-126,RUA CEDRO,CIDADE NOVA PERUÍBE,PERUIBE
11770-388,RUA CEARÁ,BALNEÁRIO STELLA MARIS,PERUIBE
11778-486,RUA CENTRAL,SÍTIO BOA FÉ,PERUIBE
11783-218,RUA CEREJEIRA,ESTÂNCIA DOS EUCALIPTOS,PERUIBE
11783-216,RUA CEDRO ROSA,ESTÂNCIA DOS EUCALIPTOS,PERUIBE
11775-444,RUA CENTENÁRIO,JARDIM ICARAIBA,PERUIBE
11771-104,RUA CELIO COSTA,BALNEÁRIO SÃO JOÃO BATISTA 2,PERUIBE
11772-120,RUA CELIRIO MEDINA,CIDADE NOVA PERUÍBE,PERUIBE
11771-334,RUA CECÍLIA MEIRELES,VILA ROMAR,PERUIBE
11771-548,RUA CECÍLIA COSTA ALVES,JARDIM BRASIL,PERUIBE
11784-306,RUA CELSO ANTONIO PICCOLLI,PARQUE PERUÍBE,PERUIBE
11772-724,RUA CHILE,ESTÂNCIA SÃO JOSÉ,PERUIBE
11773-512,RUA CINCO,JARDIM SÃO LUIS,PERUIBE
11781-044,RUA CINCO,VILA PERUÍBE,PERUIBE
11777-408,RUA CINCO,RECREIO SANTISTA I,PERUIBE
11781-266,RUA CINCO,ESTÂNCIA BAMBU,PERUIBE
11771-620,RUA CINCO,JARDIM LOS ANGELES,PERUIBE
11781-106,RUA CINCO,BALNEÁRIO SANTA ANNA,PERUIBE
11775-092,RUA CINCO,BALNEÁRIO JOSEDY,PERUIBE
11781-008,RUA CINCO,SÍTIO CURUA,PERUIBE
11775-046,RUA CINCO,BALNEÁRIO JOSEDY,PERUIBE
11782-528,RUA CINCO,BALNEÁRIO CARAGUAVA,PERUIBE
11778-602,RUA CINCO,ESTÂNCIA VALE DA SERRA,PERUIBE
11774-066,RUA CINCO,JARDIM SAN FRANCISCO,PERUIBE
11774-418,RUA CINCO,RESIDENCIAL BOSQUE TRÊS MARIAS,PERUIBE
11777-078,RUA CINCO,VATRAPUÃ,PERUIBE
11775-200,RUA CINCO,JARDIM SOMAR,PERUIBE
11773-760,RUA CINCO,ESTÂNCIA SANTA GABRIELA,PERUIBE
11771-702,RUA CINCO,JARDIM ITATINS,PERUIBE
11775-230,RUA CINCO,JARDIM SOMAR,PERUIBE
11771-658,RUA CINCO,JARDIM VALÉRIA,PERUIBE
11773-818,RUA CINCO,ESTÂNCIA PÉROLA NEGRA,PERUIBE
11776-622,RUA CINCO,ESTÂNCIA LEÃO NOVAES,PERUIBE
11783-776,RUA CINCO,CHÁCARAS FAZENDA SÃO JOÃO,PERUIBE
11783-458,RUA CINCO,ESTÂNCIA SANTA IZABEL,PERUIBE
11777-008,RUA CINCO,CHÁCARAS TAMOIO,PERUIBE
11772-388,RUA CINCO,JARDIM MÁRCIA,PERUIBE
11777-348,RUA CINCO,CAJUEIRO,PERUIBE
11776-746,RUA CINCO,JARDIM DOS PRADOS,PERUIBE
11770-099,RUA CILENE,CENTRO,PERUIBE
11782-620,RUA CINQUENTA,BALNEÁRIO CARAGUAVA,PERUIBE
11773-282,RUA CINQUENTA,BOUGAINVILLE RESIDENCIAL V,PERUIBE
11770-876,RUA CIRCULAR DOZE,BALNEÁRIO ARPOADOR,PERUIBE
11782-602,RUA CINQUENTA E UM,BALNEÁRIO CARAGUAVA,PERUIBE
11782-508,RUA CINQUENTA E NOVE,BALNEÁRIO CARAGUAVA,PERUIBE
11782-606,RUA CINQUENTA E DOIS,BALNEÁRIO CARAGUAVA,PERUIBE
11773-284,RUA CINQUENTA E DOIS,BOUGAINVILLE RESIDENCIAL V,PERUIBE
11782-580,RUA CINQUENTA E SEIS,BALNEÁRIO CARAGUAVA,PERUIBE
11782-506,RUA CINQUENTA E OITO,BALNEÁRIO CARAGUAVA,PERUIBE
11773-274,RUA CINQUENTA E TRÊS,BOUGAINVILLE RESIDENCIAL V,PERUIBE
11782-582,RUA CINQUENTA E CINCO,BALNEÁRIO CARAGUAVA,PERUIBE
11773-276,RUA CINQUENTA E CINCO,BOUGAINVILLE RESIDENCIAL V,PERUIBE
11782-614,RUA CINQUENTA E TRÊS,BALNEÁRIO CARAGUAVA,PERUIBE
11782-610,RUA CINQUENTA E QUATRO,BALNEÁRIO CARAGUAVA,PERUIBE
11776-616,RUA CICERA MORAES DE ARAUJO,ESTÂNCIA LEÃO NOVAES,PERUIBE
11783-636,RUA CIRCULAR MANOELA GARCIA DE SOUZA,JARDIM VENEZA,PERUIBE
11775-030,RUA CLOVIS ARANDA,BALNEÁRIO JOSEDY,PERUIBE
11783-428,RUA CLAUDETE ANDREOTTI,ESTÂNCIA SANTA IZABEL,PERUIBE
11775-032,RUA CLAUDIA REGINA CABELLO,BALNEÁRIO JOSEDY,PERUIBE
11775-534,RUA CORAL,ESTÂNCIA BALNEÁRIA BELMIRA NOVAES,PERUIBE
11772-796,RUA COLÔMBIA,ESTÂNCIA SÃO JOSÉ,PERUIBE
11772-770,RUA COSTA RICA,ESTÂNCIA SÃO JOSÉ,PERUIBE
11771-558,RUA CONSTANTINO SILVA,JARDIM BRASIL,PERUIBE
11775-504,RUA CONSTANTE VERONESE,BALNEÁRIO PAMPAS,PERUIBE
11772-028,RUA CONSELHEIRO NÉBIAS,CIDADE NOVA PERUÍBE,PERUIBE
11772-186,RUA CORONEL JOSÉ EUZEBIO,JARDIM BELMAR I,PERUIBE
11771-560,RUA CORRETOR SEBASTIÃO LOPES,JARDIM BRASIL,PERUIBE
11772-620,RUA CORONEL HELIO FRANCO CHAVES,PARQUE BALNEÁRIO OASIS,PERUIBE
11770-644,RUA COLOMBO AMERICANO DOS SANTOS,BALNEÁRIO FLÓRIDA PERUÍBE,PERUIBE
11771-330,RUA CONSTANTINA DO PRADO LACERDA,VILA ROMAR,PERUIBE
11772-616,RUA CORONEL BENEDITO DE ALBUQUERQUE,PARQUE BALNEÁRIO OASIS,PERUIBE
11772-704,RUA CUBA,ESTÂNCIA SÃO JOSÉ,PERUIBE
11770-562,RUA CUIABÁ,JARDIM RIBAMAR,PERUIBE
11770-448,RUA CUIABÁ,JARDIM BARRA DE JANGADAS,PERUIBE
11772-082,RUA CUIABÁ,CIDADE NOVA PERUÍBE,PERUIBE
11770-662,RUA CURITIBA,BALNEÁRIO FLÓRIDA PERUÍBE,PERUIBE
11770-420,RUA CURITIBA,JARDIM BARRA DE JANGADAS,PERUIBE
11770-510,RUA CURITIBA,JARDIM RIBAMAR,PERUIBE
11772-560,RUA DALIAS,PARQUE TURISTICO,PERUIBE
11773-034,RUA DAS IRIS,BOUGAINVILLE RESIDENCIAL I,PERUIBE
11785-026,RUA DAS ROSAS,QUINTA DO GUARAÚ,PERUIBE
11772-566,RUA DAS ROSAS,PARQUE TURISTICO,PERUIBE
11772-548,RUA DAS ROSAS,PARQUE TURISTICO,PERUIBE
11783-308,RUA DA AROEIRA,ESTÂNCIA DOS EUCALIPTOS,PERUIBE
11775-656,RUA DA GLÓRIA,ESTÂNCIA BALNEÁRIA CONVENTO VELHO,PERUIBE
11772-558,RUA DAS TULIPAS,PARQUE TURISTICO,PERUIBE
11785-022,RUA DAS GARÇAS,QUINTA DO GUARAÚ,PERUIBE
11785-028,RUA DAS AZALEAS,QUINTA DO GUARAÚ,PERUIBE
11773-006,RUA DAS TULIPAS,BOUGAINVILLE RESIDENCIAL I,PERUIBE
11773-016,RUA DAS AZALEAS,BOUGAINVILLE RESIDENCIAL I,PERUIBE
11773-056,RUA DAS CASSIAS,BOUGAINVILLE RESIDENCIAL II,PERUIBE
11783-222,RUA DA FIGUEIRA,ESTÂNCIA DOS EUCALIPTOS,PERUIBE
11770-094,RUA DA ESTAÇÃO,CENTRO,PERUIBE
11772-556,RUA DAS VIOLETAS,PARQUE TURISTICO,PERUIBE
11785-110,RUA DAS GAIVOTAS,BALNEÁRIO GARÇA VERMELHA,PERUIBE
11770-604,RUA DAS ACÁCIAS,JARDIM DAS FLORES,PERUIBE
11785-016,RUA DAS GAIVOTAS,QUINTA DO GUARAÚ,PERUIBE
11772-488,RUA DAS AZALEIAS,JARDIM IMPERADOR,PERUIBE
11773-010,RUA DAS VIOLETAS,BOUGAINVILLE RESIDENCIAL I,PERUIBE
11784-190,RUA DAS LOBELIAS,JARDIM EUROPA,PERUIBE
11773-072,RUA DAS JULIETAS,BOUGAINVILLE RESIDENCIAL II,PERUIBE
11772-554,RUA DAS AZALEIAS,PARQUE TURISTICO,PERUIBE
11783-314,RUA DA GOIABEIRA,ESTÂNCIA DOS EUCALIPTOS,PERUIBE
11771-464,RUA DARCY LACERDA,PARK D'AVILLE,PERUIBE
11773-068,RUA DAS BEGÔNIAS,BOUGAINVILLE RESIDENCIAL II,PERUIBE
11773-286,RUA DAS PALMEIRAS,BOUGAINVILLE RESIDENCIAL V,PERUIBE
11783-244,RUA DAS OLIVEIRAS,ESTÂNCIA DOS EUCALIPTOS,PERUIBE
11772-568,RUA DAS CAMÉLIAS,PARQUE TURISTICO,PERUIBE
11772-550,RUA DAS CAMÉLIAS,PARQUE TURISTICO,PERUIBE
11784-174,RUA DAS CRAVINIAS,JARDIM EUROPA,PERUIBE
11784-188,RUA DAS ALFAZEMAS,JARDIM EUROPA,PERUIBE
11784-178,RUA DAS AÇUCENAS,JARDIM EUROPA,PERUIBE
11784-192,RUA DAS ANGÉLICAS,JARDIM EUROPA,PERUIBE
11785-030,RUA DAS PRIMAVERAS,QUINTA DO GUARAÚ,PERUIBE
11773-102,RUA DAS ORQUÍDEAS,BOUGAINVILLE RESIDENCIAL III,PERUIBE
11785-036,RUA DAS ORQUÍDEAS,QUINTA DO GUARAÚ,PERUIBE
11770-630,RUA DAS MARGARIDAS,JARDIM DAS FLORES,PERUIBE
11772-564,RUA DAS ORQUÍDEAS,PARQUE TURISTICO,PERUIBE
11772-546,RUA DAS ORQUÍDEAS,PARQUE TURISTICO,PERUIBE
11785-032,RUA DAS ANDORINHAS,QUINTA DO GUARAÚ,PERUIBE
11784-164,RUA DAS GARDÊNIAS,JARDIM EUROPA,PERUIBE
11783-316,RUA DA QUARESMEIRA,ESTÂNCIA DOS EUCALIPTOS,PERUIBE
11773-022,RUA DAS GLICÍNIAS,BOUGAINVILLE RESIDENCIAL I,PERUIBE
11784-198,RUA DAS CALIANDRAS,JARDIM EUROPA,PERUIBE
11772-468,RUA DAS HORTÊNCIAS,JARDIM IMPERADOR,PERUIBE
11784-186,RUA DAS PEPERÔNIAS,JARDIM EUROPA,PERUIBE
11783-312,RUA DAS PITOMBEIRAS,ESTÂNCIA DOS EUCALIPTOS,PERUIBE
11773-080,RUA DAS SIBIPIRUNAS,BOUGAINVILLE RESIDENCIAL II,PERUIBE
11777-068,RUA DEZ,VATRAPUÃ,PERUIBE
11773-744,RUA DEZ,ESTÂNCIA SANTA GABRIELA,PERUIBE
11772-222,RUA DEZ,JARDIM BELMAR III,PERUIBE
11782-512,RUA DEZ,BALNEÁRIO CARAGUAVA,PERUIBE
11772-270,RUA DEZ,BALNEÁRIO CONTINENTAL,PERUIBE
11784-352,RUA DEZ,JARDIM GUARAÚ,PERUIBE
11783-816,RUA DEZ,CHÁCARAS FAZENDA SÃO JOÃO,PERUIBE
11774-110,RUA DEZ,JARDIM MÁRCIA II,PERUIBE
11777-020,RUA DEZ,CHÁCARAS TAMOIO,PERUIBE
11773-836,RUA DEZ,ESTÂNCIA PÉROLA NEGRA,PERUIBE
11771-132,RUA DEZ,BALNEÁRIO SÃO JOÃO BATISTA 2,PERUIBE
11772-490,RUA DEZ,JARDIM IMPERADOR,PERUIBE
11776-696,RUA DEZ,JARDIM DOS PRADOS,PERUIBE
11774-048,RUA DEZ,JARDIM SAN FRANCISCO,PERUIBE
11773-514,RUA DEZ,JARDIM SÃO LUIS,PERUIBE
11781-100,RUA DEZ,BALNEÁRIO SANTA ANNA,PERUIBE
11785-154,RUA DEZ,BALNEÁRIO GARÇA VERMELHA,PERUIBE
11772-406,RUA DEZ,JARDIM MÁRCIA,PERUIBE
11774-326,RUA DEZ,JARDIM TRÊS MARIAS,PERUIBE
11777-410,RUA DEZ A,RECREIO SANTISTA I,PERUIBE
11773-834,RUA DEZ A,ESTÂNCIA PÉROLA NEGRA,PERUIBE
11772-636,RUA DEZOITO,PARQUE BALNEÁRIO OASIS,PERUIBE
11774-126,RUA DEZOITO,JARDIM MÁRCIA II,PERUIBE
11775-054,RUA DEZOITO,BALNEÁRIO JOSEDY,PERUIBE
11774-032,RUA DEZOITO,JARDIM SAN FRANCISCO,PERUIBE
11773-536,RUA DEZOITO,JARDIM SÃO LUIS,PERUIBE
11770-888,RUA DEZOITO,BALNEÁRIO ARPOADOR,PERUIBE
11771-168,RUA DEZOITO,BALNEÁRIO SÃO JOÃO BATISTA 3,PERUIBE
11772-422,RUA DEZOITO,JARDIM MÁRCIA,PERUIBE
11773-728,RUA DEZOITO,ESTÂNCIA SANTA GABRIELA,PERUIBE
11785-144,RUA DEZOITO,BALNEÁRIO GARÇA VERMELHA,PERUIBE
11775-212,RUA DEZOITO,JARDIM SOMAR,PERUIBE
11782-616,RUA DEZOITO,BALNEÁRIO CARAGUAVA,PERUIBE
11773-444,RUA DEZOITO,ESTÂNCIA SÃO MARCOS,PERUIBE
11782-632,RUA DEZENOVE,BALNEÁRIO CARAGUAVA,PERUIBE
11771-422,RUA DEZENOVE,JARDIM PERUÍBE,PERUIBE
11773-854,RUA DEZENOVE,ESTÂNCIA PÉROLA NEGRA,PERUIBE
11774-128,RUA DEZENOVE,JARDIM MÁRCIA II,PERUIBE
11771-170,RUA DEZENOVE,BALNEÁRIO SÃO JOÃO BATISTA 3,PERUIBE
11774-030,RUA DEZENOVE,JARDIM SAN FRANCISCO,PERUIBE
11773-538,RUA DEZENOVE,JARDIM SÃO LUIS,PERUIBE
11772-424,RUA DEZENOVE,JARDIM MÁRCIA,PERUIBE
11771-012,RUA DEZENOVE,BALNEÁRIO ARPOADOR 2,PERUIBE
11773-440,RUA DEZENOVE,ESTÂNCIA SÃO MARCOS,PERUIBE
11775-196,RUA DEZENOVE,JARDIM SOMAR,PERUIBE
11773-726,RUA DEZENOVE,ESTÂNCIA SANTA GABRIELA,PERUIBE
11773-438,RUA DEZESSETE,ESTÂNCIA SÃO MARCOS,PERUIBE
11782-650,RUA DEZESSEIS,BALNEÁRIO CARAGUAVA,PERUIBE
11773-850,RUA DEZESSETE,ESTÂNCIA PÉROLA NEGRA,PERUIBE
11774-124,RUA DEZESSETE,JARDIM MÁRCIA II,PERUIBE
11775-536,RUA DIAMANTE,ESTÂNCIA BALNEÁRIA BELMIRA NOVAES,PERUIBE
11772-748,RUA DINAMARCA,ESTÂNCIA SÃO JOSÉ,PERUIBE
11772-826,RUA DINAMARCA,ESTÂNCIA SÃO JOSÉ,PERUIBE
11772-794,RUA DINAMARCA,ESTÂNCIA SÃO JOSÉ,PERUIBE
11783-118,RUA DITO BERNARDO,JARDIM CARAMINGUAVA,PERUIBE
11777-450,RUA DIOGENES SANTOS REIS,RECREIO SANTISTA I,PERUIBE
11773-522,RUA DOIS,JARDIM SÃO LUIS,PERUIBE
11772-210,RUA DOIS,JARDIM BELMAR II,PERUIBE
11783-464,RUA DOIS,ESTÂNCIA SANTA IZABEL,PERUIBE
11781-274,RUA DOIS,ESTÂNCIA BAMBU,PERUIBE
11777-196,RUA DOZE,NOVA VATRAPUÃ,PERUIBE
11772-410,RUA DOZE,JARDIM MÁRCIA,PERUIBE
11771-824,RUA DOIS,BALNEÁRIO NOVO HORIZONTE,PERUIBE
11781-104,RUA DOZE,BALNEÁRIO SANTA ANNA,PERUIBE
11777-186,RUA DOIS,NOVA VATRAPUÃ,PERUIBE
11771-116,RUA DOIS,BALNEÁRIO SÃO JOÃO BATISTA 2,PERUIBE
11781-088,RUA DOIS,BALNEÁRIO SANTA ANNA,PERUIBE
11774-044,RUA DOZE,JARDIM SAN FRANCISCO,PERUIBE
11772-382,RUA DOIS,JARDIM MÁRCIA,PERUIBE
11772-350,RUA DORA,BALNEÁRIO TRÊS MARIAS,PERUIBE
11776-740,RUA DOIS,JARDIM DOS PRADOS,PERUIBE
11781-016,RUA DOIS,SÍTIO CURUA,PERUIBE
11774-072,RUA DOIS,JARDIM SAN FRANCISCO,PERUIBE
11778-598,RUA DOIS,ESTÂNCIA VALE DA SERRA,PERUIBE
11782-570,RUA DOZE,BALNEÁRIO CARAGUAVA,PERUIBE
11783-824,RUA DOZE,CHÁCARAS FAZENDA SÃO JOÃO,PERUIBE
11772-320,RUA DOIS,BALNEÁRIO TRÊS MARIAS,PERUIBE
11774-412,RUA DOIS,RESIDENCIAL BOSQUE TRÊS MARIAS,PERUIBE
11782-510,RUA DOIS,BALNEÁRIO CARAGUAVA,PERUIBE
11783-792,RUA DOIS,CHÁCARAS FAZENDA SÃO JOÃO,PERUIBE
11775-246,RUA DOZE,JARDIM SOMAR,PERUIBE
11782-812,RUA DOIS,CIDADE BALNEÁRIA NOVA PERUÍBE,PERUIBE
11773-840,RUA DOZE,ESTÂNCIA PÉROLA NEGRA,PERUIBE
11774-114,RUA DOZE,JARDIM MÁRCIA II,PERUIBE
11777-002,RUA DOIS,CHÁCARAS TAMOIO,PERUIBE
11775-206,RUA DOIS,JARDIM SOMAR,PERUIBE
11781-046,RUA DOIS,VILA PERUÍBE,PERUIBE
11773-901,RUA DOIS,ESTÂNCIA PÉROLA NEGRA,PERUIBE
11773-740,RUA DOZE,ESTÂNCIA SANTA GABRIELA,PERUIBE
11777-330,RUA DOIS,CAJUEIRO,PERUIBE
11775-236,RUA DOIS,JARDIM SOMAR,PERUIBE
11773-518,RUA DOZE,JARDIM SÃO LUIS,PERUIBE
11773-812,RUA DOIS,ESTÂNCIA PÉROLA NEGRA,PERUIBE
11773-766,RUA DOIS,ESTÂNCIA SANTA GABRIELA,PERUIBE
11785-224,RUA DO ZINA,BALNEÁRIO GARÇA VERMELHA,PERUIBE
11771-696,RUA DONA DINA,JARDIM ITATINS,PERUIBE
11772-140,RUA DOS ARCOS,CIDADE NOVA PERUÍBE,PERUIBE
11772-168,RUA DO PARQUE,CIDADE NOVA PERUÍBE,PERUIBE
11772-540,RUA DOS CRAVOS,PARQUE TURISTICO,PERUIBE
11785-024,RUA DOS CRAVOS,QUINTA DO GUARAÚ,PERUIBE
11772-474,RUA DOS CRAVOS,JARDIM IMPERADOR,PERUIBE
11783-236,RUA DO ARAÇÁ,ESTÂNCIA DOS EUCALIPTOS,PERUIBE
11772-524,RUA DOS JASMINS,PARQUE TURISTICO,PERUIBE
11775-646,RUA DO MOSTEIRO,ESTÂNCIA BALNEÁRIA CONVENTO VELHO,PERUIBE
11785-018,RUA DOS SABIÁS,QUINTA DO GUARAÚ,PERUIBE
11772-464,RUA DOS JASMINS,JARDIM IMPERADOR,PERUIBE
11782-760,RUA DRACENA,CIDADE BALNEÁRIA NOVA PERUÍBE,PERUIBE
11770-548,RUA DUQUE DE CAXIAS,JARDIM RIBAMAR,PERUIBE
11772-024,RUA DUQUE DE CAXIAS,CIDADE NOVA PERUÍBE,PERUIBE
11771-358,RUA EÇA DE QUEIROS,VILA ROMAR,PERUIBE
11786-512,RUA ECOLOGISTA CHICO MENDES,BARRA DO UNA,PERUIBE
11771-552,RUA EDUARDO BASTOS,JARDIM BRASIL,PERUIBE
11770-436,RUA EDUARDO LINARDI,JARDIM BARRA DE JANGADAS,PERUIBE
11771-476,RUA EDMIR JOSÉ GIROTTO,PARK D'AVILLE,PERUIBE
11771-392,RUA EDMUNDO JOÃO MAMER,JARDIM PERUÍBE,PERUIBE
11770-056,RUA EDUARDO GERALDO SILVA,CENTRO,PERUIBE
11770-220,RUA EDUARDO GERALDO SILVA,JARDIM SÃO JOÃO,PERUIBE
11777-260,RUA EDUARDO PEREIRA VIEGAS,ESTÂNCIA BALNEÁRIA ANTÔNIO NOVAES,PERUIBE
11785-014,RUA EDIMARA MARTINS MONTEIRO,QUINTA DO GUARAÚ,PERUIBE
11783-432,RUA EDVALDO FRANCISCO DOS SANTOS,ESTÂNCIA SANTA IZABEL,PERUIBE
11772-732,RUA EGITO,ESTÂNCIA SÃO JOSÉ,PERUIBE
11772-316,RUA ELENA,BALNEÁRIO TRÊS MARIAS,PERUIBE
11772-318,RUA ELIANA,BALNEÁRIO TRÊS MARIAS,PERUIBE
11772-224,RUA ELDORADO,JARDIM BELMAR III,PERUIBE
11772-134,RUA ELDORADO,CIDADE NOVA PERUÍBE,PERUIBE
11770-114,RUA ELZA DA SILVA,CENTRO,PERUIBE
11772-868,RUA ELIEZER GOUVEIA,JARDIM CASABLANCA,PERUIBE
11776-700,RUA ELIZABETH ZANCHETA,JARDIM DOS PRADOS,PERUIBE
11782-542,RUA ELEUZA MORENO DA SILVA,BALNEÁRIO CARAGUAVA,PERUIBE
11783-202,RUA EMBAÚBA,ESTÂNCIA DOS EUCALIPTOS,PERUIBE
11772-630,RUA EMILIO JUSTO,PARQUE BALNEÁRIO OASIS,PERUIBE
11771-258,RUA EMÍLIANOPOLIS,ESTÂNCIA FLORA RICA,PERUIBE
11775-026,RUA ENIUTO SIMOA DA SILVA,BALNEÁRIO JOSEDY,PERUIBE
11785-152,RUA ENGENHEIRO FREDERICO DURING FILHO,BALNEÁRIO GARÇA VERMELHA,PERUIBE
11772-758,RUA EQUADOR,ESTÂNCIA SÃO JOSÉ,PERUIBE
11772-324,RUA ERMINIA,BALNEÁRIO TRÊS MARIAS,PERUIBE
11775-028,RUA ERMIDE DARE,BALNEÁRIO JOSEDY,PERUIBE
11770-882,RUA ERNESTO MARAGNI,BALNEÁRIO ARPOADOR,PERUIBE
11771-344,RUA ERICO VERISSIMO,VILA ROMAR,PERUIBE
11770-862,RUA ERNESTINA NAZARIO,BALNEÁRIO ARPOADOR,PERUIBE
11770-272,RUA ERASMO PINHEIRO RIBAS,CIDADE BALNEÁRIA PERUÍBE/SCIPEL,PERUIBE
11784-356,RUA ERNESTO ZWARG JÚNIOR,JARDIM GUARAÚ,PERUIBE
11772-730,RUA ESTÔNIA,ESTÂNCIA SÃO JOSÉ,PERUIBE
11772-226,RUA ESMERALDA,JARDIM BELMAR III,PERUIBE
11772-170,RUA ESMERALDA,CIDADE NOVA PERUÍBE,PERUIBE
11777-434,RUA ESPERANÇA,RECREIO SANTISTA I,PERUIBE
11771-498,RUA ESTRELA DO MAR,PARK D'AVILLE,PERUIBE
11783-134,RUA ESMAEL FRANCISCO DOS SANTOS,JARDIM CARAMINGUAVA,PERUIBE
11782-772,RUA ESMAEL FRANCISCO DOS SANTOS,CIDADE BALNEÁRIA NOVA PERUÍBE,PERUIBE
11771-324,RUA EUNICE ALCALA,VILA ROMAR,PERUIBE
11770-084,RUA EULINA BITENCOURT,CENTRO,PERUIBE
11772-104,RUA EUCLIDES DA CUNHA,CIDADE NOVA PERUÍBE,PERUIBE
11770-486,RUA EUCLIDES DA CUNHA,JARDIM RIBAMAR,PERUIBE
11783-470,RUA EVA LORENZATO,ESTÂNCIA SANTA IZABEL,PERUIBE
11773-844,RUA EVARISTO BIASI,ESTÂNCIA PÉROLA NEGRA,PERUIBE
11771-402,RUA EXPEDICIONÁRIO TENENTE JOÃO CAVALCANTI DE ALBUQUERQUE,JARDIM PERUÍBE,PERUIBE
11770-284,RUA FAUSTINO SILVA,CIDADE BALNEÁRIA PERUÍBE/SCIPEL,PERUIBE
11771-564,RUA FÉLIX DE SOUZA,JARDIM BRASIL,PERUIBE
11772-788,RUA FINLÂNDIA,ESTÂNCIA SÃO JOSÉ,PERUIBE
11772-818,RUA FINLÂNDIA,ESTÂNCIA SÃO JOSÉ,PERUIBE
11772-738,RUA FINLÂNDIA,ESTÂNCIA SÃO JOSÉ,PERUIBE
11783-652,RUA FIRMINO PEREIRA DOS SANTOS,JARDIM VENEZA,PERUIBE
11776-732,RUA FILOMENA OLIVEIRA ANUNCIAÇÃO,JARDIM DOS PRADOS,PERUIBE
11770-614,RUA FLOR DE MAIO,JARDIM DAS FLORES,PERUIBE
11770-624,RUA FLOR DE CORAL,JARDIM DAS FLORES,PERUIBE
11771-236,RUA FLÓRIDA PAULISTA,ESTÂNCIA FLORA RICA,PERUIBE
11784-170,RUA FLOR DE CEREJEIRA,JARDIM EUROPA,PERUIBE
11784-194,RUA FLOR DE LARANJEIRA,JARDIM EUROPA,PERUIBE
11770-626,RUA FLOR DE PITANGUEIRA,JARDIM DAS FLORES,PERUIBE
11770-146,RUA FRANCISCO GARCIA,CENTRO,PERUIBE
11770-178,RUA FRANCISCO GARCIA,LOTEAMENTO SOARES,PERUIBE
11770-224,RUA FRANCISCO MORATORI,JARDIM SÃO JOÃO,PERUIBE
11771-586,RUA FRANCISCO ORTEGA GARCIA,JARDIM BRASIL,PERUIBE
11773-864,RUA FRANCISCO FERREIRA SILVA,ESTÂNCIA PÉROLA NEGRA,PERUIBE
11771-686,RUA FRANCISCO DE CASTRO MOURA,JARDIM ITATINS,PERUIBE
11771-606,RUA FRANCISCO MENDES GUERREIRO,JARDIM LOS ANGELES,PERUIBE
11775-056,RUA FRANCISCO DE PAULA E SILVA,BALNEÁRIO JOSEDY,PERUIBE
11771-494,RUA FRANCISCA CUTLAC DIDZIOKAS,PARK D'AVILLE,PERUIBE
11771-546,RUA FRANCISCO MENDES GUERREIRO,JARDIM BRASIL,PERUIBE
11785-190,RUA FRANCISCO DE ASSIS DOS SANTOS,BALNEÁRIO GARÇA VERMELHA,PERUIBE
11770-100,RUA FREI ANTONIO SANT ANNA GALVAO,CENTRO,PERUIBE
11782-702,RUA GARÇA,CIDADE BALNEÁRIA NOVA PERUÍBE,PERUIBE
11777-432,RUA GALVÃO,RECREIO SANTISTA I,PERUIBE
11772-538,RUA GERÂNIOS,PARQUE TURISTICO,PERUIBE
11772-018,RUA GENERAL RONDON,CIDADE NOVA PERUÍBE,PERUIBE
11772-008,RUA GENERAL OSÓRIO,CIDADE NOVA PERUÍBE,PERUIBE
11771-806,RUA GERALDO FERNANDES,BALNEÁRIO NOVO HORIZONTE,PERUIBE
11775-320,RUA GETÚLIO CÉSAR GALLO,JARDIM MAR E SOL,PERUIBE
11770-104,RUA GENERAL ATALIBA LEONEL,CENTRO,PERUIBE
11772-306,RUA GILARDI,BALNEÁRIO TRÊS MARIAS,PERUIBE
11772-544,RUA GIRASSOL,PARQUE TURISTICO,PERUIBE
11772-562,RUA GIRASSOL,PARQUE TURISTICO,PERUIBE
11776-692,RUA GIORGIO CALLEGARI,JARDIM DOS PRADOS,PERUIBE
11770-384,RUA GOIAS,BALNEÁRIO STELLA MARIS,PERUIBE
11772-152,RUA GONÇALVES DIAS,CIDADE NOVA PERUÍBE,PERUIBE
11785-020,RUA GRALHAS,QUINTA DO GUARAÚ,PERUIBE
11772-056,RUA GUAPORE,CIDADE NOVA PERUÍBE,PERUIBE
11770-382,RUA GUAPORÉ,BALNEÁRIO STELLA MARIS,PERUIBE
11772-766,RUA GUATEMALA,ESTÂNCIA SÃO JOSÉ,PERUIBE
11776-308,RUA GUARATINGUETÁ,ESTÂNCIA SANTA CRUZ,PERUIBE
11772-154,RUA GUILHERME DE ALMEIDA,CIDADE NOVA PERUÍBE,PERUIBE
11783-772,RUA GUILHERME VIEIRA DA SILVA,CHÁCARAS FAZENDA SÃO JOÃO,PERUIBE
11772-728,RUA HAITI,ESTÂNCIA SÃO JOSÉ,PERUIBE
11783-182,RUA HERIBALDO RODRIGUES,JARDIM QUILES,PERUIBE
11772-816,RUA HOLANDA,ESTÂNCIA SÃO JOSÉ,PERUIBE
11772-772,RUA HONDURAS,ESTÂNCIA SÃO JOSÉ,PERUIBE
11771-248,RUA IACRI,ESTÂNCIA FLORA RICA,PERUIBE
11772-124,RUA IBERA,CIDADE NOVA PERUÍBE,PERUIBE
11775-446,RUA ICARAÍBA,JARDIM ICARAIBA,PERUIBE
11772-114,RUA IGUAPE,CIDADE NOVA PERUÍBE,PERUIBE
11770-554,RUA IGUAÇU,JARDIM RIBAMAR,PERUIBE
11783-540,RUA ILDO INOCÊNCIO,ESTÂNCIA SANTA IZABEL,PERUIBE
11783-350,RUA IMBUIA,ESTÂNCIA DOS EUCALIPTOS,PERUIBE
11771-230,RUA INDIANA,ESTÂNCIA FLORA RICA,PERUIBE
11772-740,RUA INDIANAPOLIS,ESTÂNCIA SÃO JOSÉ,PERUIBE
11771-244,RUA INÚBIA PAULISTA,ESTÂNCIA FLORA RICA,PERUIBE
11783-466,RUA INÊS ROSA DE AQUINO COSTA,ESTÂNCIA SANTA IZABEL,PERUIBE
11782-716,RUA IPAUSSU,CIDADE BALNEÁRIA NOVA PERUÍBE,PERUIBE
11770-356,RUA IPIRANGA,BALNEÁRIO STELLA MARIS,PERUIBE
11783-210,RUA IPÊ VERDE,ESTÂNCIA DOS EUCALIPTOS,PERUIBE
11772-718,RUA IRAN,ESTÂNCIA SÃO JOSÉ,PERUIBE
11772-784,RUA IRAQUE,ESTÂNCIA SÃO JOSÉ,PERUIBE
11771-262,RUA IRAPURU,ESTÂNCIA FLORA RICA,PERUIBE
11783-534,RUA IRINEU BERNARDO CUNHA,ESTÂNCIA SANTA IZABEL,PERUIBE
11770-278,RUA ISAAC ZUSKIN,CIDADE BALNEÁRIA PERUÍBE/SCIPEL,PERUIBE
11772-108,RUA ITÚ,CIDADE NOVA PERUÍBE,PERUIBE
11772-810,RUA ITÁLIA,ESTÂNCIA SÃO JOSÉ,PERUIBE
11783-122,RUA ITATIBA,JARDIM CARAMINGUAVA,PERUIBE
11772-334,RUA ITARIRI,BALNEÁRIO TRÊS MARIAS,PERUIBE
11772-806,RUA ITANHAÉM,ESTÂNCIA SÃO JOSÉ,PERUIBE
11776-380,RUA JAHU,ESTÂNCIA SANTA CRUZ,PERUIBE
11775-538,RUA JADE,ESTÂNCIA BALNEÁRIA BELMIRA NOVAES,PERUIBE
11772-084,RUA JAPURA,CIDADE NOVA PERUÍBE,PERUIBE
11771-222,RUA JAMAICA,ESTÂNCIA FLORA RICA,PERUIBE
11770-052,RUA JAÇANÃ,CENTRO,PERUIBE
11775-704,RUA JACEGUAI,ESTÂNCIA BALNEÁRIA MARIA HELENA NOVAES,PERUIBE
11783-220,RUA JACARANDÁ,ESTÂNCIA DOS EUCALIPTOS,PERUIBE
11775-010,RUA JANUS HETESI,BALNEÁRIO JOSEDY,PERUIBE
11783-442,RUA JACIRA BEZERRA,ESTÂNCIA SANTA IZABEL,PERUIBE
11776-874,RUA JAIR NUNES DE SOUZA,VILA ERMINDA,PERUIBE
11771-654,RUA JAIME DE ALMEIDA SENA,JARDIM VALÉRIA,PERUIBE
11783-302,RUA JEQUITIBA,ESTÂNCIA DOS EUCALIPTOS,PERUIBE
11771-364,RUA JORGE AMADO,VILA ROMAR,PERUIBE
11770-806,RUA JOÃO SABINO,BALNEÁRIO SÃO JOÃO BATISTA,PERUIBE
11775-294,RUA JOSÉ SCHUTZ,JARDIM BEIRA MAR,PERUIBE
11783-490,RUA JOSÉ ATAULO,ESTÂNCIA SANTA IZABEL,PERUIBE
11776-794,RUA JOSÉ ARRANJO,BAIRRO DOS PRADOS,PERUIBE
11776-860,RUA JOSÉ DE LIMA,VILA ERMINDA,PERUIBE
11776-678,RUA JOSÉ ARRANJO,JARDIM DOS PRADOS,PERUIBE
11783-656,RUA JOSÉ DE MELLO,JARDIM VENEZA,PERUIBE
11772-494,RUA JOAQUIM DO VAL,JARDIM IMPERADOR,PERUIBE
11785-168,RUA JOÃO CORDEIRO,BALNEÁRIO GARÇA VERMELHA,PERUIBE
11772-480,RUA JOAQUIM DO VAL,JARDIM IMPERADOR,PERUIBE
11777-086,RUA JOSÉ DE ASSIS,VATRAPUÃ,PERUIBE
11770-354,RUA JOSÉ BONIFACIO,BALNEÁRIO STELLA MARIS,PERUIBE
11771-368,RUA JOSÉ DE ALENCAR,VILA ROMAR,PERUIBE
11777-090,RUA JOÃO DOS SANTOS,VATRAPUÃ,PERUIBE
11775-346,RUA JOÃO ASSIS NEVES,JARDIM AMADEO,PERUIBE
11771-336,RUA JOSÉ LINS DO REGO,VILA ROMAR,PERUIBE
11770-286,RUA JOSÉ INACIO ALVES,CIDADE BALNEÁRIA PERUÍBE/SCIPEL,PERUIBE
11771-774,RUA JOSÉ RITA MACHADO,VILA ISOLINA,PERUIBE
11776-840,RUA JOÃO MARIA DE LARA,PARQUE DO TREVO,PERUIBE
11771-500,RUA JOSÉ JOAQUIM NUNES,PARK D'AVILLE,PERUIBE
11771-544,RUA JOÃO PACHECO DUTRA,JARDIM BRASIL,PERUIBE
11770-124,RUA JOÃO MARIA GABRIEL,CENTRO,PERUIBE
11782-652,RUA JOSÉ BATISTA CAMPOS,BALNEÁRIO CARAGUAVA,PERUIBE
11783-420,RUA JOÃO CORREIA MATIAS,ESTÂNCIA SANTA IZABEL,PERUIBE
11771-776,RUA JOSÉ VALENTIM ALVES,VILA ISOLINA,PERUIBE
11771-644,RUA JOSÉ VALENTIM ALVES,JARDIM VALÉRIA,PERUIBE
11771-652,RUA JOSÉ VALENTIM ALVES,JARDIM VALÉRIA,PERUIBE
11771-362,RUA JOÃO GUIMARAES ROSA,VILA ROMAR,PERUIBE
11776-602,RUA JOSÉ VIEIRA DE SOUSA,ESTÂNCIA LEÃO NOVAES,PERUIBE
11770-490,RUA JOSÉ ROMUALDO MENDES,JARDIM RIBAMAR,PERUIBE
11770-872,RUA JOÃO CARLOS SEGRETTI,BALNEÁRIO ARPOADOR,PERUIBE
11783-658,RUA JOÃO VIEIRA DA SILVA,JARDIM VENEZA,PERUIBE
11770-060,RUA JOSÉ VENEZA MONTEIRO,CENTRO,PERUIBE
11776-712,RUA JOSÉ LOBAIS DE JESUS,JARDIM DOS PRADOS,PERUIBE
11770-206,RUA JOSÉ VENEZA MONTEIRO,JARDIM SÃO JOÃO,PERUIBE
11783-480,RUA JOAQUIM ALVES DA COSTA,ESTÂNCIA SANTA IZABEL,PERUIBE
11783-538,RUA JOÃO GOMES DOS SANTOS,ESTÂNCIA SANTA IZABEL,PERUIBE
11770-830,RUA JOÃO TELES DE ALMEIDA,BALNEÁRIO SÃO JOÃO BATISTA,PERUIBE
11776-716,RUA JOSÉ PEREIRA DA SILVA,JARDIM DOS PRADOS,PERUIBE
11775-280,RUA JOSÉ PEREIRA SARDINHA,JARDIM BEIRA MAR,PERUIBE
11770-112,RUA JOÃO OSÓRIO DO PRADO,CENTRO,PERUIBE
11771-434,RUA JOSÉ JOÃO DE ANDRADE,JARDIM PERUÍBE,PERUIBE
11783-416,RUA JOÃO BENEDITO TEIXEIRA,ESTÂNCIA SANTA IZABEL,PERUIBE
11770-176,RUA JOAQUIM GOMES BACARISSA,LOTEAMENTO SOARES,PERUIBE
11772-498,RUA JOSÉ FERREIRA DA ROCHA,JARDIM IMPERADOR,PERUIBE
11783-646,RUA JOÃO MARCELINO TESSARI,JARDIM VENEZA,PERUIBE
11772-484,RUA JOSÉ FERREIRA DA ROCHA,JARDIM IMPERADOR,PERUIBE
11776-612,RUA JOSÉ SEVERINO DE ARAUJO,ESTÂNCIA LEÃO NOVAES,PERUIBE
11783-184,RUA JOSÉ DOMINGOS DOS SANTOS,JARDIM QUILES,PERUIBE
11772-110,RUA JUQUIA,CIDADE NOVA PERUÍBE,PERUIBE
11775-698,RUA JUREMA,ESTÂNCIA BALNEÁRIA MARIA HELENA NOVAES,PERUIBE
11775-660,RUA JUREMA,ESTÂNCIA BALNEÁRIA CONVENTO VELHO,PERUIBE
11772-066,RUA JUREMA,CIDADE NOVA PERUÍBE,PERUIBE
11775-694,RUA JURUPIS,ESTÂNCIA BALNEÁRIA MARIA HELENA NOVAES,PERUIBE
11783-128,RUA JUNDIAÍ,JARDIM CARAMINGUAVA,PERUIBE
11782-768,RUA JUNDIAÍ,CIDADE BALNEÁRIA NOVA PERUÍBE,PERUIBE
11771-278,RUA JULIÂNIA,ESTÂNCIA FLORA RICA,PERUIBE
11771-232,RUA JUNQUEIRÓPOLIS,ESTÂNCIA FLORA RICA,PERUIBE
11776-368,RUA KARL PALKOVITS,ESTÂNCIA SANTA CRUZ,PERUIBE
11776-370,RUA KARL PALKOVITS,ESTÂNCIA SANTA CRUZ,PERUIBE
11783-332,RUA LARANJA,ESTÂNCIA DOS EUCALIPTOS,PERUIBE
11772-734,RUA LETÔNIA,ESTÂNCIA SÃO JOSÉ,PERUIBE
11785-212,RUA LEODORO DE LIMA,BALNEÁRIO GARÇA VERMELHA,PERUIBE
11770-824,RUA LETICIA MARIA ALIEVI,BALNEÁRIO SÃO JOÃO BATISTA,PERUIBE
11784-346,RUA LEONORA RUDAY PEREIRA,JARDIM GUARAÚ,PERUIBE
11783-334,RUA LILÁS,ESTÂNCIA DOS EUCALIPTOS,PERUIBE
11783-016,RUA LIMEIRA,CIDADE BALNEÁRIA NOVA PERUÍBE II,PERUIBE
11772-780,RUA LIBÉRIA,ESTÂNCIA SÃO JOSÉ,PERUIBE
11772-820,RUA LITUÂNIA,ESTÂNCIA SÃO JOSÉ,PERUIBE
11772-790,RUA LITUÂNIA,ESTÂNCIA SÃO JOSÉ,PERUIBE
11772-742,RUA LITUÂNIA,ESTÂNCIA SÃO JOSÉ,PERUIBE
11770-612,RUA LÍRIO DA PAZ,JARDIM DAS FLORES,PERUIBE
11770-812,RUA LINO MARINO PETTENA,BALNEÁRIO SÃO JOÃO BATISTA,PERUIBE
11771-698,RUA LOURIVAL RODRIGUES,JARDIM ITATINS,PERUIBE
11771-574,RUA LOURDES DONHA VIEIRA,JARDIM BRASIL,PERUIBE
11771-240,RUA LUCÉLIA,ESTÂNCIA FLORA RICA,PERUIBE
11775-474,RUA LUIZ ABEL,JARDIM STAR,PERUIBE
11783-440,RUA LUIZ DE SOUZA,ESTÂNCIA SANTA IZABEL,PERUIBE
11775-062,RUA LUTHERO PRADO,BALNEÁRIO JOSEDY,PERUIBE
11771-472,RUA LUIZ DE PAULA,PARK D'AVILLE,PERUIBE
11776-864,RUA LUIZ ROBERTO DOS SANTOS,VILA ERMINDA,PERUIBE
11770-646,RUA LUIZ CARLOS SAMPAIO ROQUE,BALNEÁRIO FLÓRIDA PERUÍBE,PERUIBE
11777-424,RUA MAYARA,RECREIO SANTISTA I,PERUIBE
11772-340,RUA MARCOS,BALNEÁRIO TRÊS MARIAS,PERUIBE
11770-430,RUA MARAJÓ,JARDIM BARRA DE JANGADAS,PERUIBE
11772-052,RUA MADEIRA,CIDADE NOVA PERUÍBE,PERUIBE
11770-544,RUA MARACÁ,JARDIM RIBAMAR,PERUIBE
11782-710,RUA MARÍLIA,CIDADE BALNEÁRIA NOVA PERUÍBE,PERUIBE
11782-842,RUA MARACANA,CIDADE BALNEÁRIA NOVA PERUÍBE,PERUIBE
11772-720,RUA MARROCOS,ESTÂNCIA SÃO JOSÉ,PERUIBE
11783-024,RUA MARÍLIA,CIDADE BALNEÁRIA NOVA PERUÍBE II,PERUIBE
11772-132,RUA MARACATÚ,CIDADE NOVA PERUÍBE,PERUIBE
11770-374,RUA MARANHÃO,BALNEÁRIO STELLA MARIS,PERUIBE
11770-654,RUA MARANHÃO,BALNEÁRIO FLÓRIDA PERUÍBE,PERUIBE
11770-500,RUA MARANHÃO,JARDIM RIBAMAR,PERUIBE
11770-414,RUA MARANHÃO,JARDIM BARRA DE JANGADAS,PERUIBE
11782-530,RUA MARGINAL B,BALNEÁRIO CARAGUAVA,PERUIBE
11773-746,RUA MARGINAL 1,ESTÂNCIA SANTA GABRIELA,PERUIBE
11775-082,RUA MARGINAL UM,BALNEÁRIO JOSEDY,PERUIBE
11774-052,RUA MARGINAL UM,JARDIM SAN FRANCISCO,PERUIBE
11771-246,RUA MARIÁPOLIS,ESTÂNCIA FLORA RICA,PERUIBE
11783-472,RUA MANOEL TEXACO,ESTÂNCIA SANTA IZABEL,PERUIBE
11775-084,RUA MARGINAL DOIS,BALNEÁRIO JOSEDY,PERUIBE
11771-322,RUA MARTIN AFONSO,VILA ROMAR,PERUIBE
11771-276,RUA MARTINÓPOLIS,ESTÂNCIA FLORA RICA,PERUIBE
11770-460,RUA MARTIN AFONSO,JARDIM BARRA DE JANGADAS,PERUIBE
11772-163,RUA MARTINS FONTES,CIDADE NOVA PERUÍBE,PERUIBE
11771-354,RUA MANOEL BANDEIRA,VILA ROMAR,PERUIBE
11785-182,RUA MANOEL RAIMUNDO,BALNEÁRIO GARÇA VERMELHA,PERUIBE
11783-482,RUA MADALENA ATAULO,ESTÂNCIA SANTA IZABEL,PERUIBE
11771-360,RUA MÁRIO QUINTANA,VILA ROMAR,PERUIBE
11783-532,RUA MARILDA OLIVEIRA,ESTÂNCIA SANTA IZABEL,PERUIBE
11772-076,RUA MACHADO DE ASSIS,CIDADE NOVA PERUÍBE,PERUIBE
11772-016,RUA MARECHAL PEIXOTO,CIDADE NOVA PERUÍBE,PERUIBE
11772-010,RUA MANOEL DA NOBREGA,CIDADE NOVA PERUÍBE,PERUIBE
11776-866,RUA MARIA DE OLIVEIRA,VILA ERMINDA,PERUIBE
11771-822,RUA MARGINAL DO CANAL,BALNEÁRIO NOVO HORIZONTE,PERUIBE
11782-704,RUA MADRE NINETTA JONATA,CIDADE BALNEÁRIA NOVA PERUÍBE,PERUIBE
11776-796,RUA MATHILDE COSTA PRIMO,BAIRRO DOS PRADOS,PERUIBE
11771-136,RUA MARIA GAZOTO LOUZADA,BALNEÁRIO SÃO JOÃO BATISTA 2,PERUIBE
11782-642,RUA MADRE ZAIRA MASTRINI,BALNEÁRIO CARAGUAVA,PERUIBE
11782-666,RUA MADRE NINETTA JONATA,BALNEÁRIO CARAGUAVA,PERUIBE
11776-720,RUA MARINHO MOREIRA GOMES,JARDIM DOS PRADOS,PERUIBE
11771-692,RUA MARIA GONDIM DE MOURA,JARDIM ITATINS,PERUIBE
11771-328,RUA MARIA FERREIRA ARAUJO,VILA ROMAR,PERUIBE
11772-598,RUA MANOEL MONTEIRO GAMAS,PARQUE BALNEÁRIO OASIS,PERUIBE
11773-852,RUA MAURA DEPINTOR DELGADO,ESTÂNCIA PÉROLA NEGRA,PERUIBE
11783-424,RUA MARIA DE LURDES PEREIRA,ESTÂNCIA SANTA IZABEL,PERUIBE
11771-420,RUA MARIA VIEIRA DE CARVALHO,JARDIM PERUÍBE,PERUIBE
11775-370,RUA MANOEL LAURINDO DA SILVA,MINERAÇÃO,PERUIBE
11783-142,RUA MANOEL FERREIRA DA SILVA,JARDIM CARAMINGUAVA,PERUIBE
11771-410,RUA MARCOS CAPODAGLIO VOLASCO,JARDIM PERUÍBE,PERUIBE
11775-706,RUA MIRUNA,ESTÂNCIA BALNEÁRIA MARIA HELENA NOVAES,PERUIBE
11772-338,RUA MIRELLA,BALNEÁRIO TRÊS MARIAS,PERUIBE
11770-360,RUA MINAS GERAIS,BALNEÁRIO STELLA MARIS,PERUIBE
11771-432,RUA MIGUEL VEIGA,JARDIM PERUÍBE,PERUIBE
11785-180,RUA MIGUEL LOCOSELLI,BALNEÁRIO GARÇA VERMELHA,PERUIBE
11770-130,RUA MINISTRO GENÉSIO DE ALMEIDA MOURA,CENTRO,PERUIBE
11775-696,RUA MOACI,ESTÂNCIA BALNEÁRIA MARIA HELENA NOVAES,PERUIBE
11772-162,RUA MONGUBA,CIDADE NOVA PERUÍBE,PERUIBE
11772-812,RUA MÔNACO,ESTÂNCIA SÃO JOSÉ,PERUIBE
11772-112,RUA MONGAGUA,CIDADE NOVA PERUÍBE,PERUIBE
11782-804,RUA MONALISA,CIDADE BALNEÁRIA NOVA PERUÍBE,PERUIBE
11770-522,RUA MONTE AZUL,JARDIM RIBAMAR,PERUIBE
11770-428,RUA MONTE AZUL,JARDIM BARRA DE JANGADAS,PERUIBE
11770-710,RUA MONTE AZUL,BALNEÁRIO SAMBURA,PERUIBE
11770-670,RUA MONTE AZUL,BALNEÁRIO FLÓRIDA PERUÍBE,PERUIBE
11771-252,RUA MONTE CASTELO,ESTÂNCIA FLORA RICA,PERUIBE
11771-478,RUA MOTOGIO URAGUTI,PARK D'AVILLE,PERUIBE
11776-330,RUA MOGI DAS CRUZES,ESTÂNCIA SANTA CRUZ,PERUIBE
11771-348,RUA MONTEIRO LOBATO,VILA ROMAR,PERUIBE
11783-418,RUA MODESTO DA SILVA PASSOS,ESTÂNCIA SANTA IZABEL,PERUIBE
11771-356,RUA MOISES PEREIRA DE ALENCAR,VILA ROMAR,PERUIBE
11771-426,RUA MOISES PEREIRA DE ALENCAR,JARDIM PERUÍBE,PERUIBE
11770-274,RUA NATAL,CIDADE BALNEÁRIA PERUÍBE/SCIPEL,PERUIBE
11772-612,RUA NAGIBE TANUS GASTIN,PARQUE BALNEÁRIO OASIS,PERUIBE
11771-342,RUA NELSON RODRIGUES,VILA ROMAR,PERUIBE
11771-576,RUA NESTOR GUILHERME DE LIMA,JARDIM BRASIL,PERUIBE
11772-768,RUA NICARAGUÁ,ESTÂNCIA SÃO JOSÉ,PERUIBE
11770-264,RUA NICOLAU PRESTES,CIDADE BALNEÁRIA PERUÍBE/SCIPEL,PERUIBE
11770-122,RUA NILO SOARES FERREIRA,CENTRO,PERUIBE
11772-268,RUA NOVE,BALNEÁRIO CONTINENTAL,PERUIBE
11772-400,RUA NOVE,JARDIM MÁRCIA,PERUIBE
11783-804,RUA NOVE,CHÁCARAS FAZENDA SÃO JOÃO,PERUIBE
11777-024,RUA NOVE,CHÁCARAS TAMOIO,PERUIBE
11785-174,RUA NOVE,BALNEÁRIO GARÇA VERMELHA,PERUIBE
11773-832,RUA NOVE,ESTÂNCIA PÉROLA NEGRA,PERUIBE
11773-510,RUA NOVE,JARDIM SÃO LUIS,PERUIBE
11781-096,RUA NOVE,BALNEÁRIO SANTA ANNA,PERUIBE
11771-130,RUA NOVE,BALNEÁRIO SÃO JOÃO BATISTA 2,PERUIBE
11778-610,RUA NOVE,ESTÂNCIA VALE DA SERRA,PERUIBE
11774-058,RUA NOVE,JARDIM SAN FRANCISCO,PERUIBE
11774-426,RUA NOVE,RESIDENCIAL BOSQUE TRÊS MARIAS,PERUIBE
11782-564,RUA NOVE,BALNEÁRIO CARAGUAVA,PERUIBE
11774-320,RUA NOVE,JARDIM TRÊS MARIAS,PERUIBE
11773-754,RUA NOVE,ESTÂNCIA SANTA GABRIELA,PERUIBE
11776-854,RUA NOVE,VILA ERMINDA,PERUIBE
11772-726,RUA NORUÉGA,ESTÂNCIA SÃO JOSÉ,PERUIBE
11783-544,RUA NOEL ANTÔNIO ROSA,ESTÂNCIA SANTA IZABEL,PERUIBE
11771-818,RUA ODAIR BALTAZAR,BALNEÁRIO NOVO HORIZONTE,PERUIBE
11783-662,RUA ODILO LOURENÇO FERNANDES,JARDIM VENEZA,PERUIBE
11784-220,RUA ODILO LOURENÇO FERNANDES,MANACÁ DOS ITATINS,PERUIBE
11783-702,RUA ODILO LOURENÇO FERNANDES,SANTA TEREZA,PERUIBE
11784-162,RUA ODILO LOURENÇO FERNANDES,JARDIM EUROPA,PERUIBE
11783-800,RUA OITO,CHÁCARAS FAZENDA SÃO JOÃO,PERUIBE
11772-402,RUA OITO,JARDIM MÁRCIA,PERUIBE
11777-022,RUA OITO,CHÁCARAS TAMOIO,PERUIBE
11773-824,RUA OITO,ESTÂNCIA PÉROLA NEGRA,PERUIBE
11773-508,RUA OITO,JARDIM SÃO LUIS,PERUIBE
11777-296,RUA OITO,ESTÂNCIA BALNEÁRIA ANTÔNIO NOVAES,PERUIBE
11781-092,RUA OITO,BALNEÁRIO SANTA ANNA,PERUIBE
11771-128,RUA OITO,BALNEÁRIO SÃO JOÃO BATISTA 2,PERUIBE
11778-608,RUA OITO,ESTÂNCIA VALE DA SERRA,PERUIBE
11777-442,RUA OITO,RECREIO SANTISTA I,PERUIBE
11774-424,RUA OITO,RESIDENCIAL BOSQUE TRÊS MARIAS,PERUIBE
11774-060,RUA OITO,JARDIM SAN FRANCISCO,PERUIBE
11770-868,RUA OITO,BALNEÁRIO ARPOADOR,PERUIBE
11775-184,RUA OITO,JARDIM SOMAR,PERUIBE
11774-314,RUA OITO,JARDIM TRÊS MARIAS,PERUIBE
11776-638,RUA OITO,ESTÂNCIA LEÃO NOVAES,PERUIBE
11773-752,RUA OITO,ESTÂNCIA SANTA GABRIELA,PERUIBE
11776-878,RUA OITO,VILA ERMINDA,PERUIBE
11774-316,RUA OITO B,JARDIM TRÊS MARIAS,PERUIBE
11774-318,RUA OITO A,JARDIM TRÊS MARIAS,PERUIBE
11777-342,RUA OLIVEIRA,CAJUEIRO,PERUIBE
11782-780,RUA OLÍMPIA,CIDADE BALNEÁRIA NOVA PERUÍBE,PERUIBE
11772-778,RUA OLÍMPIA,ESTÂNCIA SÃO JOSÉ,PERUIBE
11772-036,RUA OLAVO BILAC,CIDADE NOVA PERUÍBE,PERUIBE
11772-746,RUA OLÍVIO DE LIMA,ESTÂNCIA SÃO JOSÉ,PERUIBE
11770-138,RUA OLINDA PINTO DE OLIVEIRA,CENTRO,PERUIBE
11783-476,RUA OLÍMPIO CAETANO DOS SANTOS,ESTÂNCIA SANTA IZABEL,PERUIBE
11772-276,RUA ONZE,BALNEÁRIO CONTINENTAL,PERUIBE
11772-634,RUA ONZE,PARQUE BALNEÁRIO OASIS,PERUIBE
11783-820,RUA ONZE,CHÁCARAS FAZENDA SÃO JOÃO,PERUIBE
11775-540,RUA ONIX,ESTÂNCIA BALNEÁRIA BELMIRA NOVAES,PERUIBE
11785-172,RUA ONZE,BALNEÁRIO GARÇA VERMELHA,PERUIBE
11773-838,RUA ONZE,ESTÂNCIA PÉROLA NEGRA,PERUIBE
11777-412,RUA ONZE,RECREIO SANTISTA I,PERUIBE
11774-046,RUA ONZE,JARDIM SAN FRANCISCO,PERUIBE
11773-520,RUA ONZE,JARDIM SÃO LUIS,PERUIBE
11782-514,RUA ONZE,BALNEÁRIO CARAGUAVA,PERUIBE
11781-102,RUA ONZE,BALNEÁRIO SANTA ANNA,PERUIBE
11775-254,RUA ONZE,JARDIM SOMAR,PERUIBE
11774-112,RUA ONZE,JARDIM MÁRCIA II,PERUIBE
11776-876,RUA ONZE,VILA ERMINDA,PERUIBE
11773-742,RUA ONZE,ESTÂNCIA SANTA GABRIELA,PERUIBE
11772-408,RUA ONZE,JARDIM MÁRCIA,PERUIBE
11775-542,RUA OPALA,ESTÂNCIA BALNEÁRIA BELMIRA NOVAES,PERUIBE
11771-412,RUA ORLANDO COELHO,JARDIM PERUÍBE,PERUIBE
11783-654,RUA ORLANDO SILVA FILHO,JARDIM VENEZA,PERUIBE
11772-130,RUA OSWALDO CRUZ,CIDADE NOVA PERUÍBE,PERUIBE
11771-502,RUA OSVALDO LONGHI,PARK D'AVILLE,PERUIBE
11783-628,RUA OSMAR SOARES MAGALHÃES,JARDIM VENEZA,PERUIBE
11770-870,RUA OSWALDO FERNANDES GARCIA,BALNEÁRIO ARPOADOR,PERUIBE
11775-006,RUA OTO DIRINGER,BALNEÁRIO JOSEDY,PERUIBE
11783-132,RUA OTAVIO DE ALMEIDA,JARDIM CARAMINGUAVA,PERUIBE
11770-550,RUA OTTO FREDERICO PINKALSKI,JARDIM RIBAMAR,PERUIBE
11782-786,RUA OURINHOS,CIDADE BALNEÁRIA NOVA PERUÍBE,PERUIBE
11783-032,RUA OURO VERDE,CIDADE BALNEÁRIA NOVA PERUÍBE II,PERUIBE
11782-740,RUA OURO VERDE,CIDADE BALNEÁRIA NOVA PERUÍBE,PERUIBE
11770-370,RUA PARÁ,BALNEÁRIO STELLA MARIS,PERUIBE
11770-524,RUA PALMAS,JARDIM RIBAMAR,PERUIBE
11772-764,RUA PANAMÁ,ESTÂNCIA SÃO JOSÉ,PERUIBE
11777-468,RUA PARANÁ,RECREIO SANTISTA I,PERUIBE
11782-838,RUA PARANÁ,CIDADE BALNEÁRIA NOVA PERUÍBE,PERUIBE
11770-376,RUA PARANÁ,BALNEÁRIO STELLA MARIS,PERUIBE
11770-362,RUA PARAÍBA,BALNEÁRIO STELLA MARIS,PERUIBE
11771-242,RUA PARAPUÃ,ESTÂNCIA FLORA RICA,PERUIBE
11771-274,RUA PANORAMA,ESTÂNCIA FLORA RICA,PERUIBE
11772-470,RUA PAPOULAS,JARDIM IMPERADOR,PERUIBE
11771-234,RUA PACAEMBU,ESTÂNCIA FLORA RICA,PERUIBE
11772-800,RUA PARAGUAI,ESTÂNCIA SÃO JOSÉ,PERUIBE
11783-008,RUA PALMITAL,CIDADE BALNEÁRIA NOVA PERUÍBE II,PERUIBE
11772-534,RUA PAPOULAS,PARQUE TURISTICO,PERUIBE
11772-046,RUA PARAÍBA,CIDADE NOVA PERUÍBE,PERUIBE
11772-070,RUA PARACATÚ,CIDADE NOVA PERUÍBE,PERUIBE
11776-724,RUA PARTICULAR,JARDIM DOS PRADOS,PERUIBE
11782-776,RUA PARTICULAR,CIDADE BALNEÁRIA NOVA PERUÍBE,PERUIBE
11772-146,RUA PAULO EIRO,CIDADE NOVA PERUÍBE,PERUIBE
11770-086,RUA PAPA PIO XII,CENTRO,PERUIBE
11770-208,RUA PAPA PIO XII,JARDIM SÃO JOÃO,PERUIBE
11770-064,RUA PAPA PIO XII,CENTRO,PERUIBE
11770-648,RUA PAPA PAULO VI,BALNEÁRIO FLÓRIDA PERUÍBE,PERUIBE
11783-136,RUA PASCHOAL DAMORE,JARDIM CARAMINGUAVA,PERUIBE
11783-112,RUA PASCHOAL DAMORE,JARDIM CARAMINGUAVA,PERUIBE
11782-636,RUA PAULO DOS SANTOS,BALNEÁRIO CARAGUAVA,PERUIBE
11771-424,RUA PAULO AKIO HOKAMA,JARDIM PERUÍBE,PERUIBE
11782-766,RUA PADRE VITALINO BERNINI,CIDADE BALNEÁRIA NOVA PERUÍBE,PERUIBE
11785-184,RUA PAULINO BENTO DA SILVA,BALNEÁRIO GARÇA VERMELHA,PERUIBE
11783-710,RUA PARTICULAR SANTA TEREZA,SANTA TEREZA,PERUIBE
11771-810,RUA PAULO TELLES DE ALMEIDA,BALNEÁRIO NOVO HORIZONTE,PERUIBE
11772-714,RUA PERU,ESTÂNCIA SÃO JOSÉ,PERUIBE
11775-550,RUA PÉROLA,ESTÂNCIA BALNEÁRIA BELMIRA NOVAES,PERUIBE
11772-208,RUA PEDESTRE,JARDIM BELMAR II,PERUIBE
11770-348,RUA PERNAMBUCO,BALNEÁRIO STELLA MARIS,PERUIBE
11783-426,RUA PEDRO OMURO,ESTÂNCIA SANTA IZABEL,PERUIBE
11783-300,RUA PEROBA ROSA,ESTÂNCIA DOS EUCALIPTOS,PERUIBE
11772-482,RUA PEDRO SABINO,JARDIM IMPERADOR,PERUIBE
11772-496,RUA PEDRO SABINO,JARDIM IMPERADOR,PERUIBE
11772-166,RUA PEDRO DE TOLEDO,CIDADE NOVA PERUÍBE,PERUIBE
11785-162,RUA PEDRO KIJURO YAMAUCHI,BALNEÁRIO GARÇA VERMELHA,PERUIBE
11775-318,RUA PEDRO CAVALCANTE LACERDA,JARDIM MAR E SOL,PERUIBE
11776-608,RUA PIAUÍ,ESTÂNCIA LEÃO NOVAES,PERUIBE
11783-212,RUA PINHEIRO,ESTÂNCIA DOS EUCALIPTOS,PERUIBE
11771-260,RUA PIQUEROBI,ESTÂNCIA FLORA RICA,PERUIBE
11782-814,RUA PIRACICABA,CIDADE BALNEÁRIA NOVA PERUÍBE,PERUIBE
11782-782,RUA PIRACICABA,CIDADE BALNEÁRIA NOVA PERUÍBE,PERUIBE
11775-712,RUA PIRATININS,ESTÂNCIA BALNEÁRIA MARIA HELENA NOVAES,PERUIBE
11783-034,RUA PIRACICABA,CIDADE BALNEÁRIA NOVA PERUÍBE II,PERUIBE
11783-230,RUA PITANGUEIRA,ESTÂNCIA DOS EUCALIPTOS,PERUIBE
11770-556,RUA PINHEIRO MACHADO,JARDIM RIBAMAR,PERUIBE
11775-316,RUA PIETRO BERTOLINI,JARDIM MAR E SOL,PERUIBE
11772-030,RUA PLÁCIDO DE CASTRO,CIDADE NOVA PERUÍBE,PERUIBE
11772-080,RUA POXORÉU,CIDADE NOVA PERUÍBE,PERUIBE
11772-808,RUA PORTUGAL,ESTÂNCIA SÃO JOSÉ,PERUIBE
11772-762,RUA POLÔNIA,ESTÂNCIA SÃO JOSÉ,PERUIBE
11770-134,RUA PORFÍRIO DIOGO SANTANA,CENTRO,PERUIBE
11770-172,RUA PORFÍRIO DIOGO SANTANA,LOTEAMENTO SOARES,PERUIBE
11774-142,RUA PRIMEIRA,JARDIM MÁRCIA II,PERUIBE
11774-134,RUA PRIMEIRA,JARDIM MÁRCIA II,PERUIBE
11777-462,RUA PRIMAVERA,RECREIO SANTISTA I,PERUIBE
11782-834,RUA PRINCIPAL,CIDADE BALNEÁRIA NOVA PERUÍBE,PERUIBE
11772-330,RUA PRIMO FAZZINI,BALNEÁRIO TRÊS MARIAS,PERUIBE
11775-454,RUA PRINCESA IZABEL,JARDIM ICARAIBA,PERUIBE
11770-540,RUA PRUDENTE DE MORAES,JARDIM RIBAMAR,PERUIBE
11770-488,RUA PRUDENTE DE MORAES,JARDIM RIBAMAR,PERUIBE
11783-028,RUA PRESIDENTE PRUDENTE,CIDADE BALNEÁRIA NOVA PERUÍBE II,PERUIBE
11782-720,RUA PRESIDENTE PRUDENTE,CIDADE BALNEÁRIA NOVA PERUÍBE,PERUIBE
11771-264,RUA PRESIDENTE BERNARDES,ESTÂNCIA FLORA RICA,PERUIBE
11771-134,RUA PROFESSOR JOAQUIM MEGDA,BALNEÁRIO SÃO JOÃO BATISTA 2,PERUIBE
11771-110,RUA PROFESSOR JON TEODORESCO,BALNEÁRIO SÃO JOÃO BATISTA 2,PERUIBE
11784-354,RUA PROFESSOR ÍTALO BIANCHINI,JARDIM GUARAÚ,PERUIBE
11771-466,RUA PROFESSOR JOSÉ AUGUSTO SILVA,PARK D'AVILLE,PERUIBE
11770-880,RUA PROFESSOR EURIPEDES BARSANULFO,BALNEÁRIO ARPOADOR,PERUIBE
11784-462,RUA PROFESSOR MÁRIO CABRAL MARTINS,PRAINHA DO GUARAÚ,PERUIBE
11770-136,RUA PROFESSORA ROSA EMÍLIA NEVES COSTA,CENTRO,PERUIBE
11770-182,RUA PROFESSORA ROSA EMÍLIA NEVES COSTA,LOTEAMENTO SOARES,PERUIBE
11771-610,RUA PRIMEIRO CENTENÁRIO DA IGREJA BATISTA,JARDIM LOS ANGELES,PERUIBE
11771-550,RUA PRIMEIRO CENTENÁRIO DA IGREJA BATISTA,JARDIM BRASIL,PERUIBE
11774-416,RUA QUATRO,RESIDENCIAL BOSQUE TRÊS MARIAS,PERUIBE
11773-436,RUA QUINZE,ESTÂNCIA SÃO MARCOS,PERUIBE
11773-530,RUA QUINZE,JARDIM SÃO LUIS,PERUIBE
11782-592,RUA QUINZE,BALNEÁRIO CARAGUAVA,PERUIBE
11774-120,RUA QUINZE,JARDIM MÁRCIA II,PERUIBE
11781-060,RUA QUATRO,VILA PERUÍBE,PERUIBE
11773-526,RUA QUATRO,JARDIM SÃO LUIS,PERUIBE
11782-522,RUA QUATRO,BALNEÁRIO CARAGUAVA,PERUIBE
11784-348,RUA QUATRO,JARDIM GUARAÚ,PERUIBE
11771-816,RUA QUATRO,BALNEÁRIO NOVO HORIZONTE,PERUIBE
11773-734,RUA QUINZE,ESTÂNCIA SANTA GABRIELA,PERUIBE
11772-472,RUA QUATRO,JARDIM IMPERADOR,PERUIBE
11772-304,RUA QUATRO,BALNEÁRIO TRÊS MARIAS,PERUIBE
11783-188,RUA QUATRO,JARDIM QUILES,PERUIBE
11773-762,RUA QUATRO,ESTÂNCIA SANTA GABRIELA,PERUIBE
11775-232,RUA QUATRO,JARDIM SOMAR,PERUIBE
11773-846,RUA QUINZE,ESTÂNCIA PÉROLA NEGRA,PERUIBE
11771-618,RUA QUATRO,JARDIM LOS ANGELES,PERUIBE
11781-268,RUA QUATRO,ESTÂNCIA BAMBU,PERUIBE
11775-202,RUA QUATRO,JARDIM SOMAR,PERUIBE
11773-816,RUA QUATRO,ESTÂNCIA PÉROLA NEGRA,PERUIBE
11775-048,RUA QUINZE,BALNEÁRIO JOSEDY,PERUIBE
11781-098,RUA QUATRO,BALNEÁRIO SANTA ANNA,PERUIBE
11777-264,RUA QUATRO,ESTÂNCIA BALNEÁRIA ANTÔNIO NOVAES,PERUIBE
11772-258,RUA QUATRO,BALNEÁRIO CONTINENTAL,PERUIBE
11775-012,RUA QUATRO,BALNEÁRIO JOSEDY,PERUIBE
11776-620,RUA QUATRO,ESTÂNCIA LEÃO NOVAES,PERUIBE
11783-460,RUA QUATRO,ESTÂNCIA SANTA IZABEL,PERUIBE
11784-196,RUA QUINZE,JARDIM EUROPA,PERUIBE
11781-012,RUA QUATRO,SÍTIO CURUA,PERUIBE
11771-142,RUA QUINZE,BALNEÁRIO SÃO JOÃO BATISTA 2,PERUIBE
11771-656,RUA QUATRO,JARDIM VALÉRIA,PERUIBE
11774-038,RUA QUINZE,JARDIM SAN FRANCISCO,PERUIBE
11778-596,RUA QUATRO,ESTÂNCIA VALE DA SERRA,PERUIBE
11777-336,RUA QUATRO,CAJUEIRO,PERUIBE
11776-752,RUA QUATRO,JARDIM DOS PRADOS,PERUIBE
11783-780,RUA QUATRO,CHÁCARAS FAZENDA SÃO JOÃO,PERUIBE
11772-416,RUA QUINZE,JARDIM MÁRCIA,PERUIBE
11774-068,RUA QUATRO,JARDIM SAN FRANCISCO,PERUIBE
11776-846,RUA QUATRO,PARQUE DO TREVO,PERUIBE
11783-292,RUA QUATRO,ESTÂNCIA DOS EUCALIPTOS,PERUIBE
11777-010,RUA QUATRO,CHÁCARAS TAMOIO,PERUIBE
11772-386,RUA QUATRO,JARDIM MÁRCIA,PERUIBE
11777-334,RUA QUATRO A,CAJUEIRO,PERUIBE
11772-414,RUA QUATORZE,JARDIM MÁRCIA,PERUIBE
11782-670,RUA QUARENTA,BALNEÁRIO CARAGUAVA,PERUIBE
11773-448,RUA QUATORZE,ESTÂNCIA SÃO MARCOS,PERUIBE
11774-118,RUA QUATORZE,JARDIM MÁRCIA II,PERUIBE
11773-528,RUA QUATORZE,JARDIM SÃO LUIS,PERUIBE
11777-458,RUA QUATRO A,RECREIO SANTISTA I,PERUIBE
11771-490,RUA RAMIRO SILVA,PARK D'AVILLE,PERUIBE
11770-496,RUA RAPOSO TAVARES,JARDIM RIBAMAR,PERUIBE
11771-340,RUA RACHEL DE QUEIROZ,VILA ROMAR,PERUIBE
11775-684,RUA RAIMUNDO FIDÊNCIO,ESTÂNCIA BALNEÁRIA MARIA HELENA NOVAES,PERUIBE
11783-650,RUA RANULFO OLIVA DE LACERDA,JARDIM VENEZA,PERUIBE
11771-562,RUA RAIMUNDO FRANCISCO XAVIER,JARDIM BRASIL,PERUIBE
11784-350,RUA RACHEL KHOURY DUBOC DE ALMEIDA,JARDIM GUARAÚ,PERUIBE
11770-502,RUA RECIFE,JARDIM RIBAMAR,PERUIBE
11770-656,RUA RECIFE,BALNEÁRIO FLÓRIDA PERUÍBE,PERUIBE
11770-416,RUA RECIFE,JARDIM BARRA DE JANGADAS,PERUIBE
11772-004,RUA REGENTE FEIJÓ,CIDADE NOVA PERUÍBE,PERUIBE
11783-626,RUA REYNALDO GAROFALO,JARDIM VENEZA,PERUIBE
11771-140,RUA REYNALDO CUSTÓDIO LOPES,BALNEÁRIO SÃO JOÃO BATISTA 2,PERUIBE
11771-326,RUA REINALDO BARCELOS PEREIRA,VILA ROMAR,PERUIBE
11770-204,RUA REGIS MARCELO MARQUES E SILVA,JARDIM SÃO JOÃO,PERUIBE
11770-096,RUA RIACHUELO,CENTRO,PERUIBE
11776-382,RUA RIO CLARO,ESTÂNCIA SANTA CRUZ,PERUIBE
11782-840,RUA RIO PRETO,CIDADE BALNEÁRIA NOVA PERUÍBE,PERUIBE
11770-668,RUA RIO PRETO,BALNEÁRIO FLÓRIDA PERUÍBE,PERUIBE
11770-426,RUA RIO PRETO,JARDIM BARRA DE JANGADAS,PERUIBE
11772-054,RUA RIO NEGRO,CIDADE NOVA PERUÍBE,PERUIBE
11783-018,RUA RIO CLARO,CIDADE BALNEÁRIA NOVA PERUÍBE II,PERUIBE
11770-520,RUA RIO PRETO,JARDIM RIBAMAR,PERUIBE
11772-074,RUA RIO GRANDE,CIDADE NOVA PERUÍBE,PERUIBE
11782-738,RUA RIBEIRÃO PRETO,CIDADE BALNEÁRIA NOVA PERUÍBE,PERUIBE
11783-030,RUA RIBEIRÃO PRETO,CIDADE BALNEÁRIA NOVA PERUÍBE II,PERUIBE
11772-068,RUA RONURO,CIDADE NOVA PERUÍBE,PERUIBE
11785-122,RUA ROUXINOL,BALNEÁRIO GARÇA VERMELHA,PERUIBE
11783-110,RUA ROBERTO LONGHI,JARDIM CARAMINGUAVA,PERUIBE
11782-524,RUA RODRIGO ONESIO,BALNEÁRIO CARAGUAVA,PERUIBE
11770-106,RUA ROSA GATTI FORTUNA,CENTRO,PERUIBE
11770-878,RUA ROGÉRIO VITORINO VIEIRA,BALNEÁRIO ARPOADOR,PERUIBE
11783-124,RUA ROSIVALDO MALTA LOURENÇO,JARDIM CARAMINGUAVA,PERUIBE
11775-552,RUA RUBI,ESTÂNCIA BALNEÁRIA BELMIRA NOVAES,PERUIBE
11771-224,RUA RUBIÁCEA,ESTÂNCIA FLORA RICA,PERUIBE
11770-438,RUA RUI BARBOSA,JARDIM BARRA DE JANGADAS,PERUIBE
11770-464,RUA RUI BARBOSA,JARDIM BARRA DE JANGADAS,PERUIBE
11770-482,RUA RUI BARBOSA,JARDIM RIBAMAR,PERUIBE
11770-536,RUA RUI BARBOSA,JARDIM RIBAMAR,PERUIBE
11771-414,RUA RUBENS DE OLIVEIRA,JARDIM PERUÍBE,PERUIBE
11770-098,RUA RUBENS NOGUEIRA DE SOUZA,CENTRO,PERUIBE
11776-356,RUA SANTOS,ESTÂNCIA SANTA CRUZ,PERUIBE
11771-250,RUA SAGRES,ESTÂNCIA FLORA RICA,PERUIBE
11782-802,RUA SANTOS,CIDADE BALNEÁRIA NOVA PERUÍBE,PERUIBE
11775-554,RUA SAFIRA,ESTÂNCIA BALNEÁRIA BELMIRA NOVAES,PERUIBE
11770-628,RUA SÁLVIA,JARDIM DAS FLORES,PERUIBE
11772-138,RUA SAMARITÁ,CIDADE NOVA PERUÍBE,PERUIBE
11776-680,RUA SÃO JOSÉ,JARDIM DOS PRADOS,PERUIBE
11777-472,RUA SÃO PEDRO,RECREIO SANTISTA I,PERUIBE
11777-488,RUA SÃO LUCAS,RECREIO SANTISTA I,PERUIBE
11775-448,RUA SANTA CRUZ,JARDIM ICARAIBA,PERUIBE
11770-294,RUA SÃO PEDRO,CIDADE BALNEÁRIA PERUÍBE/SCIPEL,PERUIBE
11777-516,RUA SÃO JOSÉ,RECREIO SANTISTA I,PERUIBE
11770-296,RUA SÃO PAULO,CIDADE BALNEÁRIA PERUÍBE/SCIPEL,PERUIBE
11776-352,RUA SÃO ROQUE,ESTÂNCIA SANTA CRUZ,PERUIBE
11772-312,RUA SÃO PAULO,BALNEÁRIO TRÊS MARIAS,PERUIBE
11776-362,RUA SÃO CARLOS,ESTÂNCIA SANTA CRUZ,PERUIBE
11776-354,RUA SANTO AMARO,ESTÂNCIA SANTA CRUZ,PERUIBE
11785-140,RUA SANTA LUZIA,BALNEÁRIO GARÇA VERMELHA,PERUIBE
11777-420,RUA SANTO AMARO,RECREIO SANTISTA I,PERUIBE
11776-360,RUA SÃO MIGUEL,ESTÂNCIA SANTA CRUZ,PERUIBE
11772-336,RUA SÃO CARLOS,BALNEÁRIO TRÊS MARIAS,PERUIBE
11776-326,RUA SANTO ANDRÉ,ESTÂNCIA SANTA CRUZ,PERUIBE
11776-358,RUA SANTA IZABEL,ESTÂNCIA SANTA CRUZ,PERUIBE
11776-350,RUA SÃO VICENTE,ESTÂNCIA SANTA CRUZ,PERUIBE
11770-050,RUA SANTO ANTONIO,CENTRO,PERUIBE
11772-086,RUA SÃO LOURENZO,CIDADE NOVA PERUÍBE,PERUIBE
11776-340,RUA SÃO BERNARDO,ESTÂNCIA SANTA CRUZ,PERUIBE
11777-476,RUA SANTO ANTONIO,RECREIO SANTISTA I,PERUIBE
11770-046,RUA SANTOS DUMONT,CENTRO,PERUIBE
11771-256,RUA SANTO EXPEDITO,ESTÂNCIA FLORA RICA,PERUIBE
11772-072,RUA SÃO FRANCISCO,CIDADE NOVA PERUÍBE,PERUIBE
11771-270,RUA SANTA MERCEDES,ESTÂNCIA FLORA RICA,PERUIBE
11770-386,RUA SANTA CATARINA,BALNEÁRIO STELLA MARIS,PERUIBE
11771-266,RUA SANTO ANASTÁCIO,ESTÂNCIA FLORA RICA,PERUIBE
11770-708,RUA SANTO DIAS DA SILVA,BALNEÁRIO SAMBURA,PERUIBE
11770-230,RUA SÃO CAETANO DO SUL,JARDIM SÃO JOÃO,PERUIBE
11770-058,RUA SÃO CAETANO DO SUL,CENTRO,PERUIBE
11782-644,RUA SANTA LUCIA FILIPINI,BALNEÁRIO CARAGUAVA,PERUIBE
11775-476,RUA SÃO FRANCISCO DE ASSIS,JARDIM STAR,PERUIBE
11771-700,RUA SEIS,JARDIM ITATINS,PERUIBE
11777-014,RUA SEIS,CHÁCARAS TAMOIO,PERUIBE
11776-624,RUA SEIS,ESTÂNCIA LEÃO NOVAES,PERUIBE
11770-866,RUA SETE,BALNEÁRIO ARPOADOR,PERUIBE
11774-422,RUA SETE,RESIDENCIAL BOSQUE TRÊS MARIAS,PERUIBE
11773-822,RUA SETE,ESTÂNCIA PÉROLA NEGRA,PERUIBE
11771-622,RUA SEIS,JARDIM LOS ANGELES,PERUIBE
11775-186,RUA SETE,JARDIM SOMAR,PERUIBE
11774-420,RUA SEIS,RESIDENCIAL BOSQUE TRÊS MARIAS,PERUIBE
11773-820,RUA SEIS,ESTÂNCIA PÉROLA NEGRA,PERUIBE
11775-024,RUA SETE,BALNEÁRIO JOSEDY,PERUIBE
11773-506,RUA SETE,JARDIM SÃO LUIS,PERUIBE
11775-188,RUA SEIS,JARDIM SOMAR,PERUIBE
11777-268,RUA SEIS,ESTÂNCIA BALNEÁRIA ANTÔNIO NOVAES,PERUIBE
11775-022,RUA SEIS,BALNEÁRIO JOSEDY,PERUIBE
11773-504,RUA SEIS,JARDIM SÃO LUIS,PERUIBE
11783-456,RUA SEIS,ESTÂNCIA SANTA IZABEL,PERUIBE
11774-062,RUA SETE,JARDIM SAN FRANCISCO,PERUIBE
11781-272,RUA SETE,ESTÂNCIA BAMBU,PERUIBE
11775-488,RUA SETE,JARDIM STAR,PERUIBE
11773-756,RUA SETE,ESTÂNCIA SANTA GABRIELA,PERUIBE
11771-126,RUA SETE,BALNEÁRIO SÃO JOÃO BATISTA 2,PERUIBE
11774-064,RUA SEIS,JARDIM SAN FRANCISCO,PERUIBE
11781-264,RUA SEIS,ESTÂNCIA BAMBU,PERUIBE
11771-338,RUA SEIS,VILA ROMAR,PERUIBE
11773-758,RUA SEIS,ESTÂNCIA SANTA GABRIELA,PERUIBE
11771-124,RUA SEIS,BALNEÁRIO SÃO JOÃO BATISTA 2,PERUIBE
11781-090,RUA SETE,BALNEÁRIO SANTA ANNA,PERUIBE
11775-276,RUA SEIS,JARDIM BEIRA MAR,PERUIBE
11772-266,RUA SETE,BALNEÁRIO CONTINENTAL,PERUIBE
11781-086,RUA SEIS,BALNEÁRIO SANTA ANNA,PERUIBE
11772-264,RUA SEIS,BALNEÁRIO CONTINENTAL,PERUIBE
11778-606,RUA SETE,ESTÂNCIA VALE DA SERRA,PERUIBE
11781-054,RUA SETE,VILA PERUÍBE,PERUIBE
11783-796,RUA SETE,CHÁCARAS FAZENDA SÃO JOÃO,PERUIBE
11775-652,RUA SETE,ESTÂNCIA BALNEÁRIA CONVENTO VELHO,PERUIBE
11782-540,RUA SEIS,BALNEÁRIO CARAGUAVA,PERUIBE
11778-604,RUA SEIS,ESTÂNCIA VALE DA SERRA,PERUIBE
11777-062,RUA SETE,VATRAPUÃ,PERUIBE
11777-016,RUA SETE,CHÁCARAS TAMOIO,PERUIBE
11777-416,RUA SETE,RECREIO SANTISTA I,PERUIBE
11776-636,RUA SETE,ESTÂNCIA LEÃO NOVAES,PERUIBE
11774-428,RUA SETE A,RESIDENCIAL BOSQUE TRÊS MARIAS,PERUIBE
11777-448,RUA SEIS A,RECREIO SANTISTA I,PERUIBE
11770-358,RUA SERGIPE,BALNEÁRIO STELLA MARIS,PERUIBE
11774-140,RUA SEGUNDA,JARDIM MÁRCIA II,PERUIBE
11774-132,RUA SEGUNDA,JARDIM MÁRCIA II,PERUIBE
11774-056,RUA SEGUNDA,JARDIM SAN FRANCISCO,PERUIBE
11774-050,RUA SEGUNDA,JARDIM SAN FRANCISCO,PERUIBE
11782-584,RUA SETENTA,BALNEÁRIO CARAGUAVA,PERUIBE
11785-136,RUA SHIGEO NISHIMURA,BALNEÁRIO GARÇA VERMELHA,PERUIBE
11770-090,RUA SILVERIO ATAULO,CENTRO,PERUIBE
11770-700,RUA SILVIO PINTO SOARES,BALNEÁRIO SAMBURA,PERUIBE
11772-034,RUA SOFIA,CIDADE NOVA PERUÍBE,PERUIBE
11782-706,RUA SOROCABA,CIDADE BALNEÁRIA NOVA PERUÍBE,PERUIBE
11775-556,RUA SODALITA,ESTÂNCIA BALNEÁRIA BELMIRA NOVAES,PERUIBE
11783-020,RUA SOROCABA,CIDADE BALNEÁRIA NOVA PERUÍBE II,PERUIBE
11772-062,RUA SOLIMÕES,CIDADE NOVA PERUÍBE,PERUIBE
11783-648,RUA SOCRATES ANANIADES,JARDIM VENEZA,PERUIBE
11771-504,RUA SOLDADO-POLÍCIA MILITAR EDSON BATISTA DE PAULA,PARK D'AVILLE,PERUIBE
11772-710,RUA SUÉCIA,ESTÂNCIA SÃO JOSÉ,PERUIBE
11775-016,RUA SUBTENENTE-POLÍCIA MILITAR JOSÉ AUGUSTO DA SILVA LOPES DO NASCIMENTO,BALNEÁRIO JOSEDY,PERUIBE
11770-444,RUA TAQUARI,JARDIM BARRA DE JANGADAS,PERUIBE
11775-628,RUA TANIGUA,ESTÂNCIA BALNEÁRIA CONVENTO VELHO,PERUIBE
11772-042,RUA TAUBATE,CIDADE NOVA PERUÍBE,PERUIBE
11772-090,RUA TAQUARI,CIDADE NOVA PERUÍBE,PERUIBE
11770-558,RUA TAQUARI,JARDIM RIBAMAR,PERUIBE
11770-452,RUA TAPAJÓS,JARDIM BARRA DE JANGADAS,PERUIBE
11772-058,RUA TAPAJÓS,CIDADE NOVA PERUÍBE,PERUIBE
11770-566,RUA TAPAJÓS,JARDIM RIBAMAR,PERUIBE
11770-144,RUA TAQUARITINGA,CENTRO,PERUIBE
11770-180,RUA TAQUARITINGA,LOTEAMENTO SOARES,PERUIBE
11772-228,RUA TERMINAL,JARDIM BELMAR III,PERUIBE
11785-176,RUA TETSUO KANDA,BALNEÁRIO GARÇA VERMELHA,PERUIBE
11770-514,RUA TEREZA KERTES SIQUEIRA,JARDIM RIBAMAR,PERUIBE
11770-092,RUA TEREZA DE AGUIAR ALMEIDA,CENTRO,PERUIBE
11772-866,RUA TENENTE FRANCISCO LOPONI,JARDIM CASABLANCA,PERUIBE
11776-844,RUA TEREZINHA FERREIRA DE LARA,PARQUE DO TREVO,PERUIBE
11771-462,RUA TENENTE-POLÍCIA MILITAR JOSÉ IGNÁCIO MONTEOLIVA,PARK D'AVILLE,PERUIBE
11783-620,RUA THEOFILO JOÃO DA MATA FILHO,JARDIM VENEZA,PERUIBE
11772-352,RUA TITA,BALNEÁRIO TRÊS MARIAS,PERUIBE
11770-380,RUA TIETÊ,BALNEÁRIO STELLA MARIS,PERUIBE
11770-462,RUA TIRADENTES,JARDIM BARRA DE JANGADAS,PERUIBE
11775-558,RUA TOPAZIO,ESTÂNCIA BALNEÁRIA BELMIRA NOVAES,PERUIBE
11773-738,RUA TREZE,ESTÂNCIA SANTA GABRIELA,PERUIBE
11773-842,RUA TREZE,ESTÂNCIA PÉROLA NEGRA,PERUIBE
11785-170,RUA TREZE,BALNEÁRIO GARÇA VERMELHA,PERUIBE
11773-524,RUA TRÊS,JARDIM SÃO LUIS,PERUIBE
11773-764,RUA TRÊS,ESTÂNCIA SANTA GABRIELA,PERUIBE
11782-596,RUA TREZE,BALNEÁRIO CARAGUAVA,PERUIBE
11773-814,RUA TRÊS,ESTÂNCIA PÉROLA NEGRA,PERUIBE
11781-270,RUA TRÊS,ESTÂNCIA BAMBU,PERUIBE
11772-192,RUA TRÊS,JARDIM BELMAR I,PERUIBE
11784-358,RUA TRÊS,JARDIM GUARAÚ,PERUIBE
11777-276,RUA TREZE,ESTÂNCIA BALNEÁRIA ANTÔNIO NOVAES,PERUIBE
11781-110,RUA TREZE,BALNEÁRIO SANTA ANNA,PERUIBE
11772-256,RUA TRÊS,BALNEÁRIO CONTINENTAL,PERUIBE
11783-338,RUA TRÊS,ESTÂNCIA DOS EUCALIPTOS,PERUIBE
11781-094,RUA TRÊS,BALNEÁRIO SANTA ANNA,PERUIBE
11783-784,RUA TRÊS,CHÁCARAS FAZENDA SÃO JOÃO,PERUIBE
11775-244,RUA TREZE,JARDIM SOMAR,PERUIBE
11783-462,RUA TRÊS,ESTÂNCIA SANTA IZABEL,PERUIBE
11773-432,RUA TREZE,ESTÂNCIA SÃO MARCOS,PERUIBE
11781-020,RUA TRÊS,SÍTIO CURUA,PERUIBE
11777-004,RUA TRÊS,CHÁCARAS TAMOIO,PERUIBE
11775-486,RUA TRÊS,JARDIM STAR,PERUIBE
11771-138,RUA TREZE,BALNEÁRIO SÃO JOÃO BATISTA 2,PERUIBE
11777-444,RUA TRÊS,RECREIO SANTISTA I,PERUIBE
11776-848,RUA TRÊS,PARQUE DO TREVO,PERUIBE
11775-036,RUA TREZE,BALNEÁRIO JOSEDY,PERUIBE
11776-852,RUA TRÊS,VILA ERMINDA,PERUIBE
11771-616,RUA TRÊS,JARDIM LOS ANGELES,PERUIBE
11775-510,RUA TRÊS,BALNEÁRIO PAMPAS,PERUIBE
11777-188,RUA TRÊS,NOVA VATRAPUÃ,PERUIBE
11772-412,RUA TREZE,JARDIM MÁRCIA,PERUIBE
11774-414,RUA TRÊS,RESIDENCIAL BOSQUE TRÊS MARIAS,PERUIBE
11774-042,RUA TREZE,JARDIM SAN FRANCISCO,PERUIBE
11772-384,RUA TRÊS,JARDIM MÁRCIA,PERUIBE
11772-322,RUA TRÊS,BALNEÁRIO TRÊS MARIAS,PERUIBE
11774-116,RUA TREZE,JARDIM MÁRCIA II,PERUIBE
11774-070,RUA TRÊS,JARDIM SAN FRANCISCO,PERUIBE
11781-048,RUA TRÊS,VILA PERUÍBE,PERUIBE
11773-516,RUA TREZE,JARDIM SÃO LUIS,PERUIBE
11783-326,RUA TRINTA,ESTÂNCIA DOS EUCALIPTOS,PERUIBE
11775-080,RUA TRINTA,BALNEÁRIO JOSEDY,PERUIBE
11773-562,RUA TRINTA,JARDIM SÃO LUIS,PERUIBE
11773-706,RUA TRINTA,ESTÂNCIA SANTA GABRIELA,PERUIBE
11773-876,RUA TRINTA,ESTÂNCIA PÉROLA NEGRA,PERUIBE
11771-038,RUA TRINTA,BALNEÁRIO ARPOADOR 2,PERUIBE
11772-164,RUA TRIUNFO,CIDADE NOVA PERUÍBE,PERUIBE
11777-332,RUA TRÊS A,CAJUEIRO,PERUIBE
11783-328,RUA TRINTA E UM,ESTÂNCIA DOS EUCALIPTOS,PERUIBE
11771-040,RUA TRINTA E UM,BALNEÁRIO ARPOADOR 2,PERUIBE
11773-564,RUA TRINTA E UM,JARDIM SÃO LUIS,PERUIBE
11770-450,RUA TUPY,JARDIM BARRA DE JANGADAS,PERUIBE
11771-346,RUA TUPI,VILA ROMAR,PERUIBE
11770-564,RUA TUPY,JARDIM RIBAMAR,PERUIBE
11770-120,RUA TUCURUVI,CENTRO,PERUIBE
11775-562,RUA TURQUESA,ESTÂNCIA BALNEÁRIA BELMIRA NOVAES,PERUIBE
11775-560,RUA TURMALINA,ESTÂNCIA BALNEÁRIA BELMIRA NOVAES,PERUIBE
11771-268,RUA TUPI PAULISTA,ESTÂNCIA FLORA RICA,PERUIBE
11770-610,RUA TULIPAS VERMELHAS,JARDIM DAS FLORES,PERUIBE
11771-438,RUA UBIRAJARA SOUZA FREITAS,JARDIM PERUÍBE,PERUIBE
11770-802,RUA UGO SANTACROCE,BALNEÁRIO SÃO JOÃO BATISTA,PERUIBE
11777-326,RUA UM,CAJUEIRO,PERUIBE
11775-256,RUA UM,JARDIM SOMAR,PERUIBE
11781-134,RUA UM,CHÁCARAS SÃO FRANCISCO,PERUIBE
11781-062,RUA UM,VILA PERUÍBE,PERUIBE
11781-112,RUA UM,BALNEÁRIO SANTA ANNA,PERUIBE
11771-826,RUA UM,BALNEÁRIO NOVO HORIZONTE,PERUIBE
11778-600,RUA UM,ESTÂNCIA VALE DA SERRA,PERUIBE
11771-684,RUA UM,JARDIM ITATINS,PERUIBE
11776-841,RUA UM,PARQUE DO TREVO,PERUIBE
11771-114,RUA UM,BALNEÁRIO SÃO JOÃO BATISTA 2,PERUIBE
11774-410,RUA UM,RESIDENCIAL BOSQUE TRÊS MARIAS,PERUIBE
11776-750,RUA UM,JARDIM DOS PRADOS,PERUIBE
11773-750,RUA UM,ESTÂNCIA SANTA GABRIELA,PERUIBE
11777-404,RUA UM,RECREIO SANTISTA I,PERUIBE
11773-702,RUA UM,ESTÂNCIA SANTA GABRIELA,PERUIBE
11777-184,RUA UM,NOVA VATRAPUÃ,PERUIBE
11772-206,RUA UM,JARDIM BELMAR II,PERUIBE
11774-074,RUA UM,JARDIM SAN FRANCISCO,PERUIBE
11771-646,RUA UM,JARDIM VALÉRIA,PERUIBE
11782-516,RUA UM,BALNEÁRIO CARAGUAVA,PERUIBE
11773-502,RUA UM,JARDIM SÃO LUIS,PERUIBE
11783-788,RUA UM,CHÁCARAS FAZENDA SÃO JOÃO,PERUIBE
11784-362,RUA UM,JARDIM GUARAÚ,PERUIBE
11781-276,RUA UM,ESTÂNCIA BAMBU,PERUIBE
11772-118,RUA UNA,CIDADE NOVA PERUÍBE,PERUIBE
11772-430,RUA URUGUAI,JARDIM MÁRCIA,PERUIBE
11772-802,RUA URURGUAI,ESTÂNCIA SÃO JOSÉ,PERUIBE
11772-596,RUA VALENTIM CONTESINI,PARQUE BALNEÁRIO OASIS,PERUIBE
11783-530,RUA VALDERES DIAMANTINO,ESTÂNCIA SANTA IZABEL,PERUIBE
11771-492,RUA VALMIR DE SOUZA ORMUNDO,PARK D'AVILLE,PERUIBE
11776-704,RUA VALFRIDO ANTONIO DO NASCIMENTO,JARDIM DOS PRADOS,PERUIBE
11783-336,RUA VERDE,ESTÂNCIA DOS EUCALIPTOS,PERUIBE
11783-340,RUA VERMELHO,ESTÂNCIA DOS EUCALIPTOS,PERUIBE
11772-752,RUA VENEZUELA,ESTÂNCIA SÃO JOSÉ,PERUIBE
11785-164,RUA VERA LÚCIA PEREIRA,BALNEÁRIO GARÇA VERMELHA,PERUIBE
11772-606,RUA VEREADOR LUIZ CARUSO,PARQUE BALNEÁRIO OASIS,PERUIBE
11782-640,RUA VENIRA FELIPE MARTINS,BALNEÁRIO CARAGUAVA,PERUIBE
11783-304,RUA VEREADOR ADOLFO HANASHIRO,ESTÂNCIA DOS EUCALIPTOS,PERUIBE
11777-322,RUA VEREADOR JOSÉ DOS SANTOS,CAJUEIRO,PERUIBE
11777-300,RUA VEREADOR JOSÉ DOS SANTOS,ESTÂNCIA BALNEÁRIA ANTÔNIO NOVAES,PERUIBE
11770-828,RUA VEREADOR BERNARDINO ATAULO,BALNEÁRIO SÃO JOÃO BATISTA,PERUIBE
11772-584,RUA VEREADOR DECIO CHAVES LUNA,PARQUE BALNEÁRIO OASIS,PERUIBE
11772-622,RUA VEREADOR ALCIDES DONADELLI,PARQUE BALNEÁRIO OASIS,PERUIBE
11772-592,RUA VEREADOR ANTONIO SANTOS ALVES,PARQUE BALNEÁRIO OASIS,PERUIBE
11772-586,RUA VEREADOR ALMIRO CAETANO SANTOS,PARQUE BALNEÁRIO OASIS,PERUIBE
11776-870,RUA VEREADOR JOSÉ ANTONIO DE GÓES,VILA ERMINDA,PERUIBE
11772-594,RUA VEREADOR UBIRACIR SWINERD MARTINS,PARQUE BALNEÁRIO OASIS,PERUIBE
11772-638,RUA VINTE,PARQUE BALNEÁRIO OASIS,PERUIBE
11773-540,RUA VINTE,JARDIM SÃO LUIS,PERUIBE
11774-028,RUA VINTE,JARDIM SAN FRANCISCO,PERUIBE
11775-192,RUA VINTE,JARDIM SOMAR,PERUIBE
11775-058,RUA VINTE,BALNEÁRIO JOSEDY,PERUIBE
11773-442,RUA VINTE,ESTÂNCIA SÃO MARCOS,PERUIBE
11771-172,RUA VINTE,BALNEÁRIO SÃO JOÃO BATISTA 3,PERUIBE
11773-724,RUA VINTE,ESTÂNCIA SANTA GABRIELA,PERUIBE
11773-856,RUA VINTE,ESTÂNCIA PÉROLA NEGRA,PERUIBE
11771-014,RUA VINTE,BALNEÁRIO ARPOADOR 2,PERUIBE
11785-142,RUA VINTE,BALNEÁRIO GARÇA VERMELHA,PERUIBE
11774-130,RUA VINTE,JARDIM MÁRCIA II,PERUIBE
11782-618,RUA VINTE,BALNEÁRIO CARAGUAVA,PERUIBE
11772-426,RUA VINTE,JARDIM MÁRCIA,PERUIBE
11777-460,RUA VITÓRIA,RECREIO SANTISTA I,PERUIBE
11776-688,RUA VILA NOVA,JARDIM DOS PRADOS,PERUIBE
11775-190,RUA VINTE E UM,JARDIM SOMAR,PERUIBE
11774-144,RUA VINTE E UM,JARDIM MÁRCIA II,PERUIBE
11782-612,RUA VINTE E UM,BALNEÁRIO CARAGUAVA,PERUIBE
11773-544,RUA VINTE E UM,JARDIM SÃO LUIS,PERUIBE
11771-508,RUA VINTE E UM,PARK D'AVILLE,PERUIBE
11774-026,RUA VINTE E UM,JARDIM SAN FRANCISCO,PERUIBE
11775-060,RUA VINTE E UM,BALNEÁRIO JOSEDY,PERUIBE
11772-428,RUA VINTE E UM,JARDIM MÁRCIA,PERUIBE
11771-016,RUA VINTE E UM,BALNEÁRIO ARPOADOR 2,PERUIBE
11771-174,RUA VINTE E UM,BALNEÁRIO SÃO JOÃO BATISTA 3,PERUIBE
11773-858,RUA VINTE E UM,ESTÂNCIA PÉROLA NEGRA,PERUIBE
11773-722,RUA VINTE E UM,ESTÂNCIA SANTA GABRIELA,PERUIBE
11773-468,RUA VINTE E NOVE,ESTÂNCIA SÃO MARCOS,PERUIBE
11773-708,RUA VINTE E OITO,ESTÂNCIA SANTA GABRIELA,PERUIBE
11773-462,RUA VINTE E SEIS,ESTÂNCIA SÃO MARCOS,PERUIBE
11775-078,RUA VINTE E NOVE,BALNEÁRIO JOSEDY,PERUIBE
11773-710,RUA VINTE E SETE,ESTÂNCIA SANTA GABRIELA,PERUIBE
11773-872,RUA VINTE E OITO,ESTÂNCIA PÉROLA NEGRA,PERUIBE
11773-434,RUA VINTE E DOIS,ESTÂNCIA SÃO MARCOS,PERUIBE
11771-034,RUA VINTE E OITO,BALNEÁRIO ARPOADOR 2,PERUIBE
11773-704,RUA VINTE E NOVE,ESTÂNCIA SANTA GABRIELA,PERUIBE
11771-176,RUA VINTE E DOIS,BALNEÁRIO SÃO JOÃO BATISTA 3,PERUIBE
11773-874,RUA VINTE E NOVE,ESTÂNCIA PÉROLA NEGRA,PERUIBE
11771-036,RUA VINTE E NOVE,BALNEÁRIO ARPOADOR 2,PERUIBE
11773-720,RUA VINTE E DOIS,ESTÂNCIA SANTA GABRIELA,PERUIBE
11773-860,RUA VINTE E DOIS,ESTÂNCIA PÉROLA NEGRA,PERUIBE
11771-020,RUA VINTE E DOIS,BALNEÁRIO ARPOADOR 2,PERUIBE
11774-158,RUA VINTE E SEIS,JARDIM MÁRCIA II,PERUIBE
11782-664,RUA VINTE E SEIS,BALNEÁRIO CARAGUAVA,PERUIBE
11773-554,RUA VINTE E SETE,JARDIM SÃO LUIS,PERUIBE
11774-014,RUA VINTE E SETE,JARDIM SAN FRANCISCO,PERUIBE
11782-660,RUA VINTE E OITO,BALNEÁRIO CARAGUAVA,PERUIBE
11773-552,RUA VINTE E SEIS,JARDIM SÃO LUIS,PERUIBE
11774-146,RUA VINTE E DOIS,JARDIM MÁRCIA II,PERUIBE
11775-314,RUA WALDEMAR TONI,JARDIM MAR E SOL,PERUIBE
11771-608,RUA WALKIR PATUCCI,JARDIM LOS ANGELES,PERUIBE
11776-842,RUA WALTER FERREIRA PITA,PARQUE DO TREVO,PERUIBE
11770-856,RUA WALDEMAR MARQUES LIMA,BALNEÁRIO ARPOADOR,PERUIBE
11783-614,RUA WALDOMIRO JOSÉ DUARTE,JARDIM VENEZA,PERUIBE
11770-822,RUA WALDEMAR SANTOS FERREIRA,BALNEÁRIO SÃO JOÃO BATISTA,PERUIBE
11772-618,RUA WASHINGTON MENEZES CAMARGO,PARQUE BALNEÁRIO OASIS,PERUIBE
11771-496,RUA WILSON BERNARDO,PARK D'AVILLE,PERUIBE
11770-525,RUA XINGU,JARDIM RIBAMAR,PERUIBE
11772-050,RUA XINGU,CIDADE NOVA PERUÍBE,PERUIBE
11770-108,RUA ZACARIAS ALVES,CENTRO,PERUIBE
11772-278,RUA ZÉLIO FERNANDINO DE MORAIS,BALNEÁRIO CONTINENTAL,PERUIBE
11775-564,RUA ZIRCONIO,ESTÂNCIA BALNEÁRIA BELMIRA NOVAES,PERUIBE
11771-370,AVENIDA A,VILA ROMAR,PERUIBE
11773-154,AVENIDA A,BOUGAINVILLE RESIDENCIAL IV,PERUIBE
11775-640,AVENIDA ANNA MARIA,ESTÂNCIA BALNEÁRIA CONVENTO VELHO,PERUIBE
11785-034,AVENIDA ATLÂNTICA,QUINTA DO GUARAÚ,PERUIBE
11775-632,AVENIDA ANNA HELENA,ESTÂNCIA BALNEÁRIA CONVENTO VELHO,PERUIBE
11775-644,AVENIDA ANNA CELINA,ESTÂNCIA BALNEÁRIA CONVENTO VELHO,PERUIBE
11776-336,AVENIDA ALBERT SABIN,ESTÂNCIA SANTA CRUZ,PERUIBE
11775-526,AVENIDA AGUA MARINHA,ESTÂNCIA BALNEÁRIA BELMIRA NOVAES,PERUIBE
11777-256,AVENIDA ANTONIO GUTIERRES,ESTÂNCIA BALNEÁRIA ANTÔNIO NOVAES,PERUIBE
11776-710,AVENIDA ANTONIO GUTIERRES,JARDIM DOS PRADOS,PERUIBE
11771-002,AVENIDA ALMIRANTE TAMANDARÉ,BALNEÁRIO ARPOADOR 2,PERUIBE
11772-106,AVENIDA ALMIRANTE TAMANDARÉ,CIDADE NOVA PERUÍBE,PERUIBE
11772-012,AVENIDA ALMIRANTE TAMANDARÉ,CIDADE NOVA PERUÍBE,PERUIBE
11770-848,AVENIDA ALMIRANTE TAMANDARÉ,BALNEÁRIO ARPOADOR,PERUIBE
11784-360,AVENIDA ANTONIO DA COSTA CARNEIRO,JARDIM GUARAÚ,PERUIBE
11781-058,AVENIDA ADVENTISTA DO SÉTIMO DIA,VILA PERUÍBE,PERUIBE
11770-372,AVENIDA BRASIL,BALNEÁRIO STELLA MARIS,PERUIBE
11786-516,AVENIDA BEIRA MAR,BARRA DO UNA,PERUIBE
11776-756,AVENIDA CINCO,JARDIM DOS PRADOS,PERUIBE
11772-142,AVENIDA CIRCULAR,CIDADE NOVA PERUÍBE,PERUIBE
11773-280,AVENIDA CENTRAL C,BOUGAINVILLE RESIDENCIAL V,PERUIBE
11773-278,AVENIDA CENTRAL B,BOUGAINVILLE RESIDENCIAL V,PERUIBE
11785-128,AVENIDA CEZARIO MARIA FARIA,BALNEÁRIO GARÇA VERMELHA,PERUIBE
11785-010,AVENIDA COMENDADOR ELVINO MALAGOLI,QUINTA DO GUARAÚ,PERUIBE
11785-118,AVENIDA COMENDADOR ELVINO MALAGOLI,BALNEÁRIO GARÇA VERMELHA,PERUIBE
11770-804,AVENIDA COMANDANTE ANTONIO AUGUSTO DE SA LOPES,BALNEÁRIO SÃO JOÃO BATISTA,PERUIBE
11776-862,AVENIDA DOIS,VILA ERMINDA,PERUIBE
11774-160,AVENIDA DOIS,JARDIM MÁRCIA II,PERUIBE
11776-754,AVENIDA DO CANAL,JARDIM DOS PRADOS,PERUIBE
11783-296,AVENIDA DA DIVISA,ESTÂNCIA DOS EUCALIPTOS,PERUIBE
11772-038,AVENIDA DOM PEDRO II,CIDADE NOVA PERUÍBE,PERUIBE
11770-494,AVENIDA DOS ANDRADAS,JARDIM RIBAMAR,PERUIBE
11770-538,AVENIDA DOM PEDRO II,JARDIM RIBAMAR,PERUIBE
11772-798,AVENIDA DAS AMÉRICAS,ESTÂNCIA SÃO JOSÉ,PERUIBE
11772-754,AVENIDA DAS AMÉRICAS,ESTÂNCIA SÃO JOSÉ,PERUIBE
11772-874,AVENIDA DELVO FACTORI,JARDIM CASABLANCA,PERUIBE
11776-738,AVENIDA DARCY FONSECA,JARDIM DOS PRADOS,PERUIBE
11776-698,AVENIDA DARCY FONSECA,JARDIM DOS PRADOS,PERUIBE
11785-124,AVENIDA DO TELÉGRAFO,BALNEÁRIO GARÇA VERMELHA,PERUIBE
11773-004,AVENIDA DAS PRIMAVERAS,BOUGAINVILLE RESIDENCIAL I,PERUIBE
11773-054,AVENIDA DAS PRIMAVERAS,BOUGAINVILLE RESIDENCIAL II,PERUIBE
11773-104,AVENIDA DAS PRIMAVERAS,BOUGAINVILLE RESIDENCIAL III,PERUIBE
11770-218,AVENIDA DOS EXPEDICIONÁRIOS,JARDIM SÃO JOÃO,PERUIBE
11770-216,AVENIDA DOS EXPEDICIONÁRIOS,JARDIM SÃO JOÃO,PERUIBE
11770-118,AVENIDA DOS EXPEDICIONÁRIOS,CENTRO,PERUIBE
11770-116,AVENIDA DOS EXPEDICIONÁRIOS,CENTRO,PERUIBE
11772-376,AVENIDA DOUTOR BEZERRA DE MENEZES,JARDIM MÁRCIA,PERUIBE
11772-398,AVENIDA DOUTOR BEZERRA DE MENEZES,JARDIM MÁRCIA,PERUIBE
11776-690,AVENIDA DANIEL ANTONIO DE ALMEIDA,JARDIM DOS PRADOS,PERUIBE
11770-972,AVENIDA DOMINGOS DA COSTA GRIMALDI,CENTRO,PERUIBE
11771-468,AVENIDA DOMINGOS DA COSTA GRIMALDI,PARK D'AVILLE,PERUIBE
11770-971,AVENIDA DOMINGOS DA COSTA GRIMALDI,CENTRO,PERUIBE
11770-959,AVENIDA DOMINGOS DA COSTA GRIMALDI,CENTRO,PERUIBE
11771-532,AVENIDA DOMINGOS DA COSTA GRIMALDI,JARDIM BRASIL,PERUIBE
11770-140,AVENIDA DOMINGOS DA COSTA GRIMALDI,CENTRO,PERUIBE
11772-148,AVENIDA DOUTOR ERNESTO DIAS DE CASTRO,CIDADE NOVA PERUÍBE,PERUIBE
11772-020,AVENIDA DOUTOR ERNESTO DIAS DE CASTRO,CIDADE NOVA PERUÍBE,PERUIBE
11771-802,AVENIDA DOUTOR TANCREDO DE ALMEIDA NEVES,BALNEÁRIO NOVO HORIZONTE,PERUIBE
11771-682,AVENIDA DOUTOR TANCREDO DE ALMEIDA NEVES,JARDIM ITATINS,PERUIBE
11771-772,AVENIDA DOUTOR TANCREDO DE ALMEIDA NEVES,VILA ISOLINA,PERUIBE
11770-044,AVENIDA DOUTOR DALMAR AMERICANO DA COSTA,CENTRO,PERUIBE
11771-650,AVENIDA DOUTOR TANCREDO DE ALMEIDA NEVES,JARDIM VALÉRIA,PERUIBE
11771-506,AVENIDA DOUTOR TANCREDO DE ALMEIDA NEVES,PARK D'AVILLE,PERUIBE
11771-612,AVENIDA DOUTOR TANCREDO DE ALMEIDA NEVES,JARDIM LOS ANGELES,PERUIBE
11784-344,AVENIDA DOUTOR DALMAR AMERICANO DA COSTA,JARDIM GUARAÚ,PERUIBE
11771-568,AVENIDA DOUTOR TANCREDO DE ALMEIDA NEVES,JARDIM BRASIL,PERUIBE
11782-800,AVENIDA DOUTOR TANCREDO DE ALMEIDA NEVES,CIDADE BALNEÁRIA NOVA PERUÍBE,PERUIBE
11772-626,AVENIDA EDSON VIEIRA CARREIRA,PARQUE BALNEÁRIO OASIS,PERUIBE
11770-702,AVENIDA EDUARDO ALVARES MACHADO,BALNEÁRIO SAMBURA,PERUIBE
11776-606,AVENIDA ELVIRA MARQUEZINI ARAUJO,ESTÂNCIA LEÃO NOVAES,PERUIBE
11776-800,AVENIDA ENCARNACION RODRIGUES FUMAGALLI,BAIRRO DOS PRADOS,PERUIBE
11776-672,AVENIDA ENCARNACION RODRIGUES FUMAGALLI,JARDIM DOS PRADOS,PERUIBE
11776-642,AVENIDA ENCARNATION RODRIGUES FUMAGALLI,ESTÂNCIA LEÃO NOVAES,PERUIBE
11785-148,AVENIDA GARÇA VERMELHA,BALNEÁRIO GARÇA VERMELHA,PERUIBE
11777-244,AVENIDA GELSON DE SOUZA REIS,ESTÂNCIA BALNEÁRIA ANTÔNIO NOVAES,PERUIBE
11776-734,AVENIDA GELSON DE SOUZA REIS,JARDIM DOS PRADOS,PERUIBE
11777-072,AVENIDA GELSON DE SOUZA REIS,VATRAPUÃ,PERUIBE
11770-850,AVENIDA GOVERNADOR MÁRIO COVAS JÚNIOR,BALNEÁRIO ARPOADOR,PERUIBE
11770-810,AVENIDA GOVERNADOR MÁRIO COVAS JÚNIOR,BALNEÁRIO SÃO JOÃO BATISTA,PERUIBE
11770-652,AVENIDA GOVERNADOR MÁRIO COVAS JÚNIOR,BALNEÁRIO FLÓRIDA PERUÍBE,PERUIBE
11772-462,AVENIDA GOVERNADOR MÁRIO COVAS JÚNIOR,JARDIM IMPERADOR,PERUIBE
11772-302,AVENIDA GOVERNADOR MÁRIO COVAS JÚNIOR,BALNEÁRIO TRÊS MARIAS,PERUIBE
11772-702,AVENIDA GOVERNADOR MÁRIO COVAS JÚNIOR,ESTÂNCIA SÃO JOSÉ,PERUIBE
11772-862,AVENIDA GOVERNADOR MÁRIO COVAS JÚNIOR,JARDIM CASABLANCA,PERUIBE
11775-682,AVENIDA GOVERNADOR MÁRIO COVAS JÚNIOR,ESTÂNCIA BALNEÁRIA MARIA HELENA NOVAES,PERUIBE
11773-008,AVENIDA GOVERNADOR MÁRIO COVAS JÚNIOR,BOUGAINVILLE RESIDENCIAL I,PERUIBE
11775-502,AVENIDA GOVERNADOR MÁRIO COVAS JÚNIOR,BALNEÁRIO PAMPAS,PERUIBE
11775-472,AVENIDA GOVERNADOR MÁRIO COVAS JÚNIOR,JARDIM STAR,PERUIBE
11770-704,AVENIDA GOVERNADOR MÁRIO COVAS JÚNIOR,BALNEÁRIO SAMBURA,PERUIBE
11772-522,AVENIDA GOVERNADOR MÁRIO COVAS JÚNIOR,PARQUE TURISTICO,PERUIBE
11775-442,AVENIDA GOVERNADOR MÁRIO COVAS JÚNIOR,JARDIM ICARAIBA,PERUIBE
11770-412,AVENIDA GOVERNADOR MÁRIO COVAS JÚNIOR,JARDIM BARRA DE JANGADAS,PERUIBE
11775-296,AVENIDA GOVERNADOR MÁRIO COVAS JÚNIOR,JARDIM BEIRA MAR,PERUIBE
11775-312,AVENIDA GOVERNADOR MÁRIO COVAS JÚNIOR,JARDIM MAR E SOL,PERUIBE
11775-622,AVENIDA GOVERNADOR MÁRIO COVAS JÚNIOR,ESTÂNCIA BALNEÁRIA CONVENTO VELHO,PERUIBE
11772-372,AVENIDA GOVERNADOR MÁRIO COVAS JÚNIOR,JARDIM MÁRCIA,PERUIBE
11772-252,AVENIDA GOVERNADOR MÁRIO COVAS JÚNIOR,BALNEÁRIO CONTINENTAL,PERUIBE
11775-002,AVENIDA GOVERNADOR MÁRIO COVAS JÚNIOR,BALNEÁRIO JOSEDY,PERUIBE
11770-498,AVENIDA GOVERNADOR MÁRIO COVAS JÚNIOR,JARDIM RIBAMAR,PERUIBE
11775-522,AVENIDA GOVERNADOR MÁRIO COVAS JÚNIOR,ESTÂNCIA BALNEÁRIA BELMIRA NOVAES,PERUIBE
11772-002,AVENIDA GOVERNADOR MÁRIO COVAS JÚNIOR,CIDADE NOVA PERUÍBE,PERUIBE
11770-262,AVENIDA GOVERNADOR MÁRIO COVAS JÚNIOR,CIDADE BALNEÁRIA PERUÍBE/SCIPEL,PERUIBE
11770-332,AVENIDA GOVERNADOR MÁRIO COVAS JÚNIOR,BALNEÁRIO STELLA MARIS,PERUIBE
11772-582,AVENIDA GOVERNADOR MÁRIO COVAS JÚNIOR,PARQUE BALNEÁRIO OASIS,PERUIBE
11782-728,AVENIDA ILHA GRANDE,CIDADE BALNEÁRIA NOVA PERUÍBE,PERUIBE
11775-044,AVENIDA JOSEDY,BALNEÁRIO JOSEDY,PERUIBE
11775-088,AVENIDA JOSEDY,BALNEÁRIO JOSEDY,PERUIBE
11775-004,AVENIDA JOSEDY,BALNEÁRIO JOSEDY,PERUIBE
11775-452,AVENIDA JOÃO ABEL,JARDIM ICARAIBA,PERUIBE
11776-772,AVENIDA JOÃO ABEL,BAIRRO DOS PRADOS,PERUIBE
11773-830,AVENIDA JOSÉ RIGONE,ESTÂNCIA PÉROLA NEGRA,PERUIBE
11773-810,AVENIDA JOSÉ RIGONE,ESTÂNCIA PÉROLA NEGRA,PERUIBE
11771-538,AVENIDA JOÃO FERNANDES CAMPIONI,JARDIM BRASIL,PERUIBE
11772-204,AVENIDA JOÃO SIMPLÍCIO DA SILVA,JARDIM BELMAR II,PERUIBE
11773-152,AVENIDA LUCIANO DE BONA,BOUGAINVILLE RESIDENCIAL IV,PERUIBE
11772-602,AVENIDA LUCIANO DE BONA,PARQUE BALNEÁRIO OASIS,PERUIBE
11775-042,AVENIDA LUCIANO DE BONA,BALNEÁRIO JOSEDY,PERUIBE
11772-102,AVENIDA LUCIANO DE BONA,CIDADE NOVA PERUÍBE,PERUIBE
11772-486,AVENIDA LUCIANO DE BONA,JARDIM IMPERADOR,PERUIBE
11774-310,AVENIDA LUCIANO DE BONA,JARDIM TRÊS MARIAS,PERUIBE
11772-756,AVENIDA LUCIANO DE BONA,ESTÂNCIA SÃO JOSÉ,PERUIBE
11772-202,AVENIDA LUCIANO DE BONA,JARDIM BELMAR II,PERUIBE
11775-258,AVENIDA LUCIANO DE BONA,JARDIM SOMAR,PERUIBE
11776-774,AVENIDA LUCIANO DE BONA,BAIRRO DOS PRADOS,PERUIBE
11771-332,AVENIDA LUCIANO DE BONA,VILA ROMAR,PERUIBE
11770-674,AVENIDA LUCIANO DE BONA,BALNEÁRIO FLÓRIDA PERUÍBE,PERUIBE
11772-552,AVENIDA LUCIANO DE BONA,PARQUE TURISTICO,PERUIBE
11771-112,AVENIDA LUCIANO DE BONA,BALNEÁRIO SÃO JOÃO BATISTA 2,PERUIBE
11771-404,AVENIDA LUCIANO DE BONA,JARDIM PERUÍBE,PERUIBE
11771-010,AVENIDA LUCIANO DE BONA,BALNEÁRIO ARPOADOR 2,PERUIBE
11772-394,AVENIDA LUCIANO DE BONA,JARDIM MÁRCIA,PERUIBE
11770-440,AVENIDA LUCIANO DE BONA,JARDIM BARRA DE JANGADAS,PERUIBE
11770-534,AVENIDA LUCIANO DE BONA,JARDIM RIBAMAR,PERUIBE
11772-708,AVENIDA MÉXICO,ESTÂNCIA SÃO JOSÉ,PERUIBE
11783-768,AVENIDA MARGINAL,CHÁCARAS FAZENDA SÃO JOÃO,PERUIBE
11772-804,AVENIDA MARGINAL,ESTÂNCIA SÃO JOSÉ,PERUIBE
11776-832,AVENIDA MARGINAL,PARQUE DO TREVO,PERUIBE
11782-502,AVENIDA MARGINAL A,BALNEÁRIO CARAGUAVA,PERUIBE
11775-228,AVENIDA MARGINAL UM,JARDIM SOMAR,PERUIBE
11783-002,AVENIDA MARGINAL DOIS,CIDADE BALNEÁRIA NOVA PERUÍBE II,PERUIBE
11775-226,AVENIDA MARGINAL DOIS,JARDIM SOMAR,PERUIBE
11771-540,AVENIDA MÁRIO DE AGUIAR,JARDIM BRASIL,PERUIBE
11775-490,AVENIDA MARIA GOMES DE ARAÚJO,JARDIM STAR,PERUIBE
11775-578,AVENIDA MARIA GOMES DE ARAÚJO,ESTÂNCIA BALNEÁRIA BELMIRA NOVAES,PERUIBE
11775-702,AVENIDA MARIA GOMES DE ARAÚJO,ESTÂNCIA BALNEÁRIA MARIA HELENA NOVAES,PERUIBE
11775-514,AVENIDA MARIA GOMES DE ARAÚJO,BALNEÁRIO PAMPAS,PERUIBE
11775-460,AVENIDA MARIA GOMES DE ARAÚJO,JARDIM ICARAIBA,PERUIBE
11771-814,AVENIDA MARECHAL CASTELO BRANCO,BALNEÁRIO NOVO HORIZONTE,PERUIBE
11774-324,AVENIDA NOVE AB,JARDIM TRÊS MARIAS,PERUIBE
11774-322,AVENIDA NOVE AA,JARDIM TRÊS MARIAS,PERUIBE
11777-182,AVENIDA NOVA VATRAPUÃ,NOVA VATRAPUÃ,PERUIBE
11771-102,AVENIDA PERUÍBE,BALNEÁRIO SÃO JOÃO BATISTA 2,PERUIBE
11771-008,AVENIDA PERUÍBE,BALNEÁRIO ARPOADOR 2,PERUIBE
11771-006,AVENIDA PERUÍBE,BALNEÁRIO ARPOADOR 2,PERUIBE
11771-614,AVENIDA PERITIBA,JARDIM LOS ANGELES,PERUIBE
11775-686,AVENIDA PADRE ANCHIETA,ESTÂNCIA BALNEÁRIA MARIA HELENA NOVAES,PERUIBE
11770-042,AVENIDA PADRE ANCHIETA,CENTRO,PERUIBE
11772-380,AVENIDA PADRE ANCHIETA,JARDIM MÁRCIA,PERUIBE
11772-032,AVENIDA PADRE ANCHIETA,CIDADE NOVA PERUÍBE,PERUIBE
11772-712,AVENIDA PADRE ANCHIETA,ESTÂNCIA SÃO JOSÉ,PERUIBE
11770-706,AVENIDA PADRE ANCHIETA,BALNEÁRIO SAMBURA,PERUIBE
11773-040,AVENIDA PADRE ANCHIETA,BOUGAINVILLE RESIDENCIAL I,PERUIBE
11770-504,AVENIDA PADRE ANCHIETA,JARDIM RIBAMAR,PERUIBE
11775-450,AVENIDA PADRE ANCHIETA,JARDIM ICARAIBA,PERUIBE
11770-336,AVENIDA PADRE ANCHIETA,BALNEÁRIO STELLA MARIS,PERUIBE
11770-266,AVENIDA PADRE ANCHIETA,CIDADE BALNEÁRIA PERUÍBE/SCIPEL,PERUIBE
11775-322,AVENIDA PADRE ANCHIETA,JARDIM MAR E SOL,PERUIBE
11770-418,AVENIDA PADRE ANCHIETA,JARDIM BARRA DE JANGADAS,PERUIBE
11775-482,AVENIDA PADRE ANCHIETA,JARDIM STAR,PERUIBE
11772-260,AVENIDA PADRE ANCHIETA,BALNEÁRIO CONTINENTAL,PERUIBE
11775-642,AVENIDA PADRE ANCHIETA,ESTÂNCIA BALNEÁRIA CONVENTO VELHO,PERUIBE
11772-588,AVENIDA PADRE ANCHIETA,PARQUE BALNEÁRIO OASIS,PERUIBE
11770-864,AVENIDA PADRE ANCHIETA,BALNEÁRIO ARPOADOR,PERUIBE
11772-526,AVENIDA PADRE ANCHIETA,PARQUE TURISTICO,PERUIBE
11775-544,AVENIDA PADRE ANCHIETA,ESTÂNCIA BALNEÁRIA BELMIRA NOVAES,PERUIBE
11770-184,AVENIDA PADRE ANCHIETA,LOTEAMENTO SOARES,PERUIBE
11770-818,AVENIDA PADRE ANCHIETA,BALNEÁRIO SÃO JOÃO BATISTA,PERUIBE
11775-290,AVENIDA PADRE ANCHIETA,JARDIM BEIRA MAR,PERUIBE
11772-864,AVENIDA PADRE ANCHIETA,JARDIM CASABLANCA,PERUIBE
11772-314,AVENIDA PADRE ANCHIETA,BALNEÁRIO TRÊS MARIAS,PERUIBE
11770-658,AVENIDA PADRE ANCHIETA,BALNEÁRIO FLÓRIDA PERUÍBE,PERUIBE
11775-020,AVENIDA PADRE ANCHIETA,BALNEÁRIO JOSEDY,PERUIBE
11772-466,AVENIDA PADRE ANCHIETA,JARDIM IMPERADOR,PERUIBE
11770-844,AVENIDA PAULO MATANGRANO,BALNEÁRIO ARPOADOR,PERUIBE
11770-352,AVENIDA PADRE LEONARDO NUNES,BALNEÁRIO STELLA MARIS,PERUIBE
11770-304,AVENIDA PADRE LEONARDO NUNES,CIDADE BALNEÁRIA PERUÍBE/SCIPEL,PERUIBE
11770-148,AVENIDA PADRE LEONARDO NUNES,CENTRO,PERUIBE
11772-392,AVENIDA PREFEITO DOUTOR GHEORGHE POPESCU,JARDIM MÁRCIA,PERUIBE
11775-348,AVENIDA PREFEITO DOUTOR GHEORGHE POPESCU,JARDIM AMADEO,PERUIBE
11772-078,AVENIDA PREFEITO DOUTOR GHEORGHE POPESCU,CIDADE NOVA PERUÍBE,PERUIBE
11772-736,AVENIDA PREFEITO DOUTOR GHEORGHE POPESCU,ESTÂNCIA SÃO JOSÉ,PERUIBE
11770-532,AVENIDA PREFEITO DOUTOR GHEORGHE POPESCU,JARDIM RIBAMAR,PERUIBE
11770-350,AVENIDA PREFEITO DOUTOR GHEORGHE POPESCU,BALNEÁRIO STELLA MARIS,PERUIBE
11775-458,AVENIDA PREFEITO DOUTOR GHEORGHE POPESCU,JARDIM ICARAIBA,PERUIBE
11770-432,AVENIDA PREFEITO DOUTOR GHEORGHE POPESCU,JARDIM BARRA DE JANGADAS,PERUIBE
11770-890,AVENIDA PREFEITO DOUTOR GHEORGHE POPESCU,BALNEÁRIO ARPOADOR,PERUIBE
11772-600,AVENIDA PREFEITO DOUTOR GHEORGHE POPESCU,PARQUE BALNEÁRIO OASIS,PERUIBE
11772-542,AVENIDA PREFEITO DOUTOR GHEORGHE POPESCU,PARQUE TURISTICO,PERUIBE
11770-834,AVENIDA PREFEITO DOUTOR GHEORGHE POPESCU,BALNEÁRIO SÃO JOÃO BATISTA,PERUIBE
11775-272,AVENIDA PREFEITO DOUTOR GHEORGHE POPESCU,JARDIM BEIRA MAR,PERUIBE
11772-332,AVENIDA PREFEITO DOUTOR GHEORGHE POPESCU,BALNEÁRIO TRÊS MARIAS,PERUIBE
11776-748,AVENIDA QUATRO,JARDIM DOS PRADOS,PERUIBE
11770-366,AVENIDA ROMANIA,BALNEÁRIO STELLA MARIS,PERUIBE
11776-328,AVENIDA RIO DE JANEIRO,ESTÂNCIA SANTA CRUZ,PERUIBE
11770-666,AVENIDA RIO DE JANEIRO,BALNEÁRIO FLÓRIDA PERUÍBE,PERUIBE
11770-424,AVENIDA RIO DE JANEIRO,JARDIM BARRA DE JANGADAS,PERUIBE
11770-342,AVENIDA RIO DE JANEIRO,BALNEÁRIO STELLA MARIS,PERUIBE
11770-518,AVENIDA RIO DE JANEIRO,JARDIM RIBAMAR,PERUIBE
11770-068,AVENIDA RUBENS FERREIRA MARTINS,CENTRO,PERUIBE
11770-210,AVENIDA RUBENS FERREIRA MARTINS,JARDIM SÃO JOÃO,PERUIBE
11770-088,AVENIDA RUBENS FERREIRA MARTINS,CENTRO,PERUIBE
11776-742,AVENIDA RAIMUNDO ALVES DOS SANTOS,JARDIM DOS PRADOS,PERUIBE
11770-664,AVENIDA SÃO PAULO,BALNEÁRIO FLÓRIDA PERUÍBE,PERUIBE
11770-128,AVENIDA SÃO JOÃO,CENTRO,PERUIBE
11770-422,AVENIDA SÃO PAULO,JARDIM BARRA DE JANGADAS,PERUIBE
11770-340,AVENIDA SÃO PAULO,BALNEÁRIO STELLA MARIS,PERUIBE
11772-824,AVENIDA SÃO PAULO,ESTÂNCIA SÃO JOSÉ,PERUIBE
11772-744,AVENIDA SÃO PAULO,ESTÂNCIA SÃO JOSÉ,PERUIBE
11776-332,AVENIDA SÃO PAULO,ESTÂNCIA SANTA CRUZ,PERUIBE
11772-792,AVENIDA SÃO PAULO,ESTÂNCIA SÃO JOSÉ,PERUIBE
11776-392,AVENIDA SANTA CRUZ,ESTÂNCIA SANTA CRUZ,PERUIBE
11770-512,AVENIDA SÃO PAULO,JARDIM RIBAMAR,PERUIBE
11776-374,AVENIDA SANTA CRUZ,ESTÂNCIA SANTA CRUZ,PERUIBE
11770-290,AVENIDA SÃO JOÃO,CIDADE BALNEÁRIA PERUÍBE/SCIPEL,PERUIBE
11776-314,AVENIDA SANTA CRUZ,ESTÂNCIA SANTA CRUZ,PERUIBE
11771-004,AVENIDA SÃO DOMINGOS,BALNEÁRIO ARPOADOR 2,PERUIBE
11770-842,AVENIDA SÃO DOMINGOS,BALNEÁRIO ARPOADOR,PERUIBE
11772-614,AVENIDA SEMYRAMIS DE SOUZA ROSSI,PARQUE BALNEÁRIO OASIS,PERUIBE
11776-730,AVENIDA TOTA,JARDIM DOS PRADOS,PERUIBE
11776-610,AVENIDA TREZE,ESTÂNCIA LEÃO NOVAES,PERUIBE
11772-136,AVENIDA TERMINAL,CIDADE NOVA PERUÍBE,PERUIBE
11774-312,AVENIDA TRÊS MARIAS,JARDIM TRÊS MARIAS,PERUIBE
11771-604,AVENIDA TENENTE MILENKO,JARDIM LOS ANGELES,PERUIBE
11785-178,AVENIDA UM,BALNEÁRIO GARÇA VERMELHA,PERUIBE
11774-162,AVENIDA UM,JARDIM MÁRCIA II,PERUIBE
11770-078,AVENIDA VEREADOR JOÃO BECHIR,CENTRO,PERUIBE
11771-536,AVENIDA VEREADOR VITOR CAETANO DOS SANTOS,JARDIM BRASIL,PERUIBE
11783-812,AVENIDA WANDERLEY CAETANO DOS SANTOS,CHÁCARAS FAZENDA SÃO JOÃO,PERUIBE
11770-072,AVENIDA 24 DE DEZEMBRO,CENTRO,PERUIBE
11770-212,AVENIDA 24 DE DEZEMBRO,JARDIM SÃO JOÃO,PERUIBE
11775-372,ALAMEDA B,MINERAÇÃO,PERUIBE
11775-014,ALAMEDA BERNARDINO PISCIOTTA,BALNEÁRIO JOSEDY,PERUIBE
11784-252,ALAMEDA CHUPIM,MANACÁ DOS ITATINS,PERUIBE
11784-250,ALAMEDA DO NHAMBU,MANACÁ DOS ITATINS,PERUIBE
11784-248,ALAMEDA DO BENTEVI,MANACÁ DOS ITATINS,PERUIBE
11784-232,ALAMEDA DO AZULÃO,MANACÁ DOS ITATINS,PERUIBE
11784-222,ALAMEDA DOS TUCANOS,MANACÁ DOS ITATINS,PERUIBE
11784-238,ALAMEDA DO SANHAÇO,MANACÁ DOS ITATINS,PERUIBE
11784-258,ALAMEDA DO PICA PAU,MANACÁ DOS ITATINS,PERUIBE
11784-230,ALAMEDA DO CANÁRIO,MANACÁ DOS ITATINS,PERUIBE
11784-226,ALAMEDA DA SARACURA,MANACÁ DOS ITATINS,PERUIBE
11784-256,ALAMEDA DA CORRUÍRA,MANACÁ DOS ITATINS,PERUIBE
11784-254,ALAMEDA DO GUATURAMA,MANACÁ DOS ITATINS,PERUIBE
11784-240,ALAMEDA DO BEIJA FLOR,MANACÁ DOS ITATINS,PERUIBE
11784-224,ALAMEDA DO BICO DE LACRE,MANACÁ DOS ITATINS,PERUIBE
11771-226,ALAMEDA FLORA RICA,ESTÂNCIA FLORA RICA,PERUIBE
11775-286,ALAMEDA MAJOR CAMACHO,JARDIM BEIRA MAR,PERUIBE
11775-018,ALAMEDA OCTAVIO NOGUEIRA DA SILVA,BALNEÁRIO JOSEDY,PERUIBE
11784-236,ALAMEDA SABIÁ,MANACÁ DOS ITATINS,PERUIBE
11784-242,ALAMEDA UIRAPURU,MANACÁ DOS ITATINS,PERUIBE
11782-836,TRAVESSA DOIS,CIDADE BALNEÁRIA NOVA PERUÍBE,PERUIBE
11777-094,TRAVESSA DA VIELA UM,VATRAPUÃ,PERUIBE
11770-298,TRAVESSA MARIA TEREZA ARAUJO MONTEIRO,CIDADE BALNEÁRIA PERUÍBE/SCIPEL,PERUIBE
11781-108,TRAVESSA PARTICULAR QUINZE,BALNEÁRIO SANTA ANNA,PERUIBE
11782-833,TRAVESSA TRÊS,CIDADE BALNEÁRIA NOVA PERUÍBE,PERUIBE
11782-832,TRAVESSA UM,CIDADE BALNEÁRIA NOVA PERUÍBE,PERUIBE
11777-088,VIELA ASSIS,VATRAPUÃ,PERUIBE
11777-084,VIELA ANTONIO ARNDT,VATRAPUÃ,PERUIBE
11775-180,VIELA ANTONIO JOVINO ALVES,JARDIM SOMAR,PERUIBE
11785-042,VIELA BEIJA FLOR,QUINTA DO GUARAÚ,PERUIBE
11783-152,VIELA CINCO,JARDIM CARAMINGUAVA,PERUIBE
11782-736,VIELA CINCO,CIDADE BALNEÁRIA NOVA PERUÍBE,PERUIBE
11783-556,VIELA CINCO,ESTÂNCIA SANTA IZABEL,PERUIBE
11773-204,VIELA CINCO,BOUGAINVILLE RESIDENCIAL IV,PERUIBE
11773-026,VIELA CAMÉLIAS,BOUGAINVILLE RESIDENCIAL I,PERUIBE
11773-454,VIELA DEZ,ESTÂNCIA SÃO MARCOS,PERUIBE
11773-184,VIELA DOIS,BOUGAINVILLE RESIDENCIAL IV,PERUIBE
11783-146,VIELA DOIS,JARDIM CARAMINGUAVA,PERUIBE
11770-616,VIELA DOIS,JARDIM DAS FLORES,PERUIBE
11775-570,VIELA DOIS,ESTÂNCIA BALNEÁRIA BELMIRA NOVAES,PERUIBE
11777-018,VIELA DOIS,CHÁCARAS TAMOIO,PERUIBE
11783-550,VIELA DOIS,ESTÂNCIA SANTA IZABEL,PERUIBE
11777-426,VIELA DANIEL,RECREIO SANTISTA I,PERUIBE
11777-098,VIELA DO CARDOSO,VATRAPUÃ,PERUIBE
11773-112,VIELA DAS MIMOSAS,BOUGAINVILLE RESIDENCIAL III,PERUIBE
11773-110,VIELA DAS PAINERAS,BOUGAINVILLE RESIDENCIAL III,PERUIBE
11773-120,VIELA DOS MANACÁS,BOUGAINVILLE RESIDENCIAL III,PERUIBE
11773-122,VIELA DOS GUAPURUVUS,BOUGAINVILLE RESIDENCIAL III,PERUIBE
11773-062,VIELA DOS IPÊS ROSAS,BOUGAINVILLE RESIDENCIAL II,PERUIBE
11773-070,VIELA DOS IPÊS DO RIO,BOUGAINVILLE RESIDENCIAL II,PERUIBE
11773-060,VIELA DOS IPÊS AMARELOS,BOUGAINVILLE RESIDENCIAL II,PERUIBE
11773-116,VIELA DAS MAGNOLIS BRANCAS,BOUGAINVILLE RESIDENCIAL III,PERUIBE
11776-694,VIELA DANIEL ANTONIO DE ALMEIDA,JARDIM DOS PRADOS,PERUIBE
11773-202,VIELA E,BOUGAINVILLE RESIDENCIAL IV,PERUIBE
11776-718,VIELA ESTELA MOREIRA DE FREITAS,JARDIM DOS PRADOS,PERUIBE
11773-038,VIELA GLOXINIAS,BOUGAINVILLE RESIDENCIAL I,PERUIBE
11773-020,VIELA GREVÍLEAS,BOUGAINVILLE RESIDENCIAL I,PERUIBE
11773-018,VIELA HORTÊNCIAS,BOUGAINVILLE RESIDENCIAL I,PERUIBE
11776-722,VIELA IRAMIL CELESTINO SOUZA,JARDIM DOS PRADOS,PERUIBE
11782-726,VIELA JOSÉ,CIDADE BALNEÁRIA NOVA PERUÍBE,PERUIBE
11771-694,VIELA JAD ITATINS,JARDIM ITATINS,PERUIBE
11773-032,VIELA MIOSOTIS,BOUGAINVILLE RESIDENCIAL I,PERUIBE
11775-568,VIELA MANOEL NOZINHO,ESTÂNCIA BALNEÁRIA BELMIRA NOVAES,PERUIBE
11775-182,VIELA MIGUEL PADILHA DA SILVA,JARDIM SOMAR,PERUIBE
11777-074,VIELA MANOEL VENÂNCIO DE LIMA,VATRAPUÃ,PERUIBE
11773-178,VIELA NOVE,BOUGAINVILLE RESIDENCIAL IV,PERUIBE
11773-450,VIELA NOVE,ESTÂNCIA SÃO MARCOS,PERUIBE
11773-174,VIELA OITO,BOUGAINVILLE RESIDENCIAL IV,PERUIBE
11783-158,VIELA OITO,JARDIM CARAMINGUAVA,PERUIBE
11773-458,VIELA ONZE,ESTÂNCIA SÃO MARCOS,PERUIBE
11773-024,VIELA PAPOULAS,BOUGAINVILLE RESIDENCIAL I,PERUIBE
11773-012,VIELA PRÍMULAS,BOUGAINVILLE RESIDENCIAL I,PERUIBE
11773-014,VIELA PETÚNIAS,BOUGAINVILLE RESIDENCIAL I,PERUIBE
11773-192,VIELA QUATRO,BOUGAINVILLE RESIDENCIAL IV,PERUIBE
11777-012,VIELA QUATRO,CHÁCARAS TAMOIO,PERUIBE
11783-150,VIELA QUATRO,JARDIM CARAMINGUAVA,PERUIBE
11782-732,VIELA QUATRO,CIDADE BALNEÁRIA NOVA PERUÍBE,PERUIBE
11783-554,VIELA QUATRO,ESTÂNCIA SANTA IZABEL,PERUIBE
11773-036,VIELA RESEDAS,BOUGAINVILLE RESIDENCIAL I,PERUIBE
11773-162,VIELA SEIS,BOUGAINVILLE RESIDENCIAL IV,PERUIBE
11783-156,VIELA SETE,JARDIM CARAMINGUAVA,PERUIBE
11783-154,VIELA SEIS,JARDIM CARAMINGUAVA,PERUIBE
11783-558,VIELA SEIS,ESTÂNCIA SANTA IZABEL,PERUIBE
11773-170,VIELA SETE,BOUGAINVILLE RESIDENCIAL IV,PERUIBE
11773-066,VIELA SUINA,BOUGAINVILLE RESIDENCIAL II,PERUIBE
11782-722,VIELA SÃO PEDRO,CIDADE BALNEÁRIA NOVA PERUÍBE,PERUIBE
11782-724,VIELA SÃO JOÃO,CIDADE BALNEÁRIA NOVA PERUÍBE,PERUIBE
11782-730,VIELA SANTO ANTONIO,CIDADE BALNEÁRIA NOVA PERUÍBE,PERUIBE
11773-188,VIELA TRÊS,BOUGAINVILLE RESIDENCIAL IV,PERUIBE
11770-618,VIELA TRÊS,JARDIM DAS FLORES,PERUIBE
11777-026,VIELA TRÊS,CHÁCARAS TAMOIO,PERUIBE
11783-148,VIELA TRÊS,JARDIM CARAMINGUAVA,PERUIBE
11783-552,VIELA TRÊS,ESTÂNCIA SANTA IZABEL,PERUIBE
11773-158,VIELA UM,BOUGAINVILLE RESIDENCIAL IV,PERUIBE
11770-606,VIELA UM,JARDIM DAS FLORES,PERUIBE
11777-006,VIELA UM,CHÁCARAS TAMOIO,PERUIBE
11783-140,VIELA UM,JARDIM CARAMINGUAVA,PERUIBE
11782-820,VIELA UM,CIDADE BALNEÁRIA NOVA PERUÍBE,PERUIBE
11783-546,VIELA UM,ESTÂNCIA SANTA IZABEL,PERUIBE
11782-778,VIELA UNIÃO,CIDADE BALNEÁRIA NOVA PERUÍBE,PERUIBE
11773-452,VIELA VINTE E TRÊS,ESTÂNCIA SÃO MARCOS,PERUIBE
11770-288,PRAÇA AMBROSIO BALDIM,CIDADE BALNEÁRIA PERUÍBE/SCIPEL,PERUIBE
11770-826,PRAÇA CARMINA GRECO,BALNEÁRIO SÃO JOÃO BATISTA,PERUIBE
11770-139,PRAÇA DO ADVENTO,CENTRO,PERUIBE
11776-334,PRAÇA ITANHAÉM,ESTÂNCIA SANTA CRUZ,PERUIBE
11770-508,PRAÇA INDEPENDÊNCIA,JARDIM RIBAMAR,PERUIBE
11783-630,PRAÇA JURANDIR GILIOLI,JARDIM VENEZA,PERUIBE
11770-292,PRAÇA MELVIN JONES,CIDADE BALNEÁRIA PERUÍBE/SCIPEL,PERUIBE
11772-060,PRAÇA MAURO DE OLIVEIRA,CIDADE NOVA PERUÍBE,PERUIBE
11776-682,PRAÇA MARIA DE JESUS ARRANJO,JARDIM DOS PRADOS,PERUIBE
11770-121,PRAÇA MONSENHOR LINO DOS PASSOS,CENTRO,PERUIBE
11770-526,PRAÇA MANOEL INOCENCIO DE FARIAS,JARDIM RIBAMAR,PERUIBE
11772-536,PRAÇA NESTOR FERREIRA DA ROCHA,PARQUE TURISTICO,PERUIBE
11775-288,PRAÇA OLGA SPOLIDÓRIO TURIN,JARDIM BEIRA MAR,PERUIBE
11776-342,PRAÇA PERUÍBE,ESTÂNCIA SANTA CRUZ,PERUIBE
11776-324,PRAÇA PIASSAGUERA,ESTÂNCIA SANTA CRUZ,PERUIBE
11770-276,PRAÇA PEDRO ALMENGO,CIDADE BALNEÁRIA PERUÍBE/SCIPEL,PERUIBE
11775-626,PRAÇA PEDRA DOURADA,ESTÂNCIA BALNEÁRIA CONVENTO VELHO,PERUIBE
11770-516,PRAÇA PADRE VITALINO BERNINI,JARDIM RIBAMAR,PERUIBE
11770-302,PRAÇA REPÚBLICA DO LIBANO,CIDADE BALNEÁRIA PERUÍBE/SCIPEL,PERUIBE
11772-344,PRAÇA SÃO PEDRO,BALNEÁRIO TRÊS MARIAS,PERUIBE
11776-728,PRAÇA SERGIO LOPES,JARDIM DOS PRADOS,PERUIBE
11776-384,PRAÇA TANIGUA,ESTÂNCIA SANTA CRUZ,PERUIBE
11771-488,PRAÇA TENENTE-CORONEL JOSÉ IGNÁCIO MONTE OLIVA FILHO,PARK D'AVILLE,PERUIBE
11775-546,PRAÇA VALMIR BRONZATTO,ESTÂNCIA BALNEÁRIA BELMIRA NOVAES,PERUIBE
11770-570,PRAÇA VEREADOR SEBASTIÃO FINELLI,JARDIM RIBAMAR,PERUIBE
11770-568,PRAÇA 3 DE DEZEMBRO,JARDIM RIBAMAR,PERUIBE
11781-150,RUA A,CHÁCARAS SÃO FRANCISCO,PERUIBE
11777-324,RUA A,CAJUEIRO,PERUIBE
11776-676,RUA A,JARDIM DOS PRADOS,PERUIBE
11773-166,RUA A,BOUGAINVILLE RESIDENCIAL IV,PERUIBE
11783-116,RUA A,JARDIM CARAMINGUAVA,PERUIBE
11783-224,RUA A,ESTÂNCIA DOS EUCALIPTOS,PERUIBE
11770-442,RUA B,JARDIM BARRA DE JANGADAS,PERUIBE
11773-196,RUA B,BOUGAINVILLE RESIDENCIAL IV,PERUIBE
11781-162,RUA B,CHÁCARAS SÃO FRANCISCO,PERUIBE
11775-344,RUA B,JARDIM AMADEO,PERUIBE
11776-674,RUA B,JARDIM DOS PRADOS,PERUIBE
11783-226,RUA B,ESTÂNCIA DOS EUCALIPTOS,PERUIBE
11777-344,RUA B,CAJUEIRO,PERUIBE
11781-406,RUA C,CHÁCARAS IPORANGA,PERUIBE
11771-162,RUA C,BALNEÁRIO SÃO JOÃO BATISTA 3,PERUIBE
11781-158,RUA C,CHÁCARAS SÃO FRANCISCO,PERUIBE
11773-180,RUA C,BOUGAINVILLE RESIDENCIAL IV,PERUIBE
11783-228,RUA C,ESTÂNCIA DOS EUCALIPTOS,PERUIBE
11770-820,RUA C,BALNEÁRIO SÃO JOÃO BATISTA,PERUIBE
11776-798,RUA C,BAIRRO DOS PRADOS,PERUIBE
11776-702,RUA D,JARDIM DOS PRADOS,PERUIBE
11781-410,RUA D,CHÁCARAS IPORANGA,PERUIBE
11773-182,RUA D,BOUGAINVILLE RESIDENCIAL IV,PERUIBE
11781-146,RUA D,CHÁCARAS SÃO FRANCISCO,PERUIBE
11770-070,RUA E,CENTRO,PERUIBE
11781-398,RUA E,CHÁCARAS IPORANGA,PERUIBE
11775-326,RUA E,JARDIM MAR E SOL,PERUIBE
11781-142,RUA E,CHÁCARAS SÃO FRANCISCO,PERUIBE
11777-350,RUA F,CAJUEIRO,PERUIBE
11781-402,RUA F,CHÁCARAS IPORANGA,PERUIBE
11781-138,RUA F,CHÁCARAS SÃO FRANCISCO,PERUIBE
11773-164,RUA F,BOUGAINVILLE RESIDENCIAL IV,PERUIBE
11777-352,RUA G,CAJUEIRO,PERUIBE
11781-154,RUA G,CHÁCARAS SÃO FRANCISCO,PERUIBE
11773-160,RUA G,BOUGAINVILLE RESIDENCIAL IV,PERUIBE
11777-354,RUA H,CAJUEIRO,PERUIBE
11773-168,RUA H,BOUGAINVILLE RESIDENCIAL IV,PERUIBE
11773-156,RUA I,BOUGAINVILLE RESIDENCIAL IV,PERUIBE
11777-356,RUA I,CAJUEIRO,PERUIBE
11773-172,RUA J,BOUGAINVILLE RESIDENCIAL IV,PERUIBE
11773-186,RUA K,BOUGAINVILLE RESIDENCIAL IV,PERUIBE
11777-360,RUA K,CAJUEIRO,PERUIBE
11777-430,RUA L,RECREIO SANTISTA I,PERUIBE
11773-176,RUA L,BOUGAINVILLE RESIDENCIAL IV,PERUIBE
11773-190,RUA M,BOUGAINVILLE RESIDENCIAL IV,PERUIBE
11783-162,RUA M,JARDIM CARAMINGUAVA,PERUIBE
11773-194,RUA N,BOUGAINVILLE RESIDENCIAL IV,PERUIBE
11773-198,RUA O,BOUGAINVILLE RESIDENCIAL IV,PERUIBE
11773-200,RUA P,BOUGAINVILLE RESIDENCIAL IV,PERUIBE
11771-556,RUA T,JARDIM BRASIL,PERUIBE
11771-352,RUA T,VILA ROMAR,PERUIBE
11771-566,RUA U,JARDIM BRASIL,PERUIBE
11771-572,RUA V,JARDIM BRASIL,PERUIBE
11772-432,RUA VINTE E DOIS,JARDIM MÁRCIA,PERUIBE
11782-762,RUA VINTE E NOVE,CIDADE BALNEÁRIA NOVA PERUÍBE,PERUIBE
11773-466,RUA VINTE E OITO,ESTÂNCIA SÃO MARCOS,PERUIBE
11775-074,RUA VINTE E OITO,BALNEÁRIO JOSEDY,PERUIBE
11783-320,RUA VINTE E SETE,ESTÂNCIA DOS EUCALIPTOS,PERUIBE
11773-870,RUA VINTE E SETE,ESTÂNCIA PÉROLA NEGRA,PERUIBE
11773-712,RUA VINTE E SEIS,ESTÂNCIA SANTA GABRIELA,PERUIBE
11783-318,RUA VINTE E SEIS,ESTÂNCIA DOS EUCALIPTOS,PERUIBE
11773-868,RUA VINTE E SEIS,ESTÂNCIA PÉROLA NEGRA,PERUIBE
11772-640,RUA VINTE E SEIS,PARQUE BALNEÁRIO OASIS,PERUIBE
11783-322,RUA VINTE E OITO,ESTÂNCIA DOS EUCALIPTOS,PERUIBE
11771-186,RUA VINTE E SETE,BALNEÁRIO SÃO JOÃO BATISTA 3,PERUIBE
11777-524,RUA 6-B,RECREIO SANTISTA I,PERUIBE
11782-662,RUA SETENTA E UM,BALNEÁRIO CARAGUAVA,PERUIBE
11776-626,RUA SETEMBRINO MONTEIRO DE LIMA,ESTÂNCIA LEÃO NOVAES,PERUIBE
11770-074,RUA 9 DE JULHO,CENTRO,PERUIBE
11770-202,RUA 9 DE JULHO,JARDIM SÃO JOÃO,PERUIBE
11771-688,RUA JOAQUIM FRANCISCO ARCANJO,JARDIM ITATINS,PERUIBE
11775-234,RUA JOÃO BALDOINO DOS SANTOS,JARDIM SOMAR,PERUIBE
11775-204,RUA JOÃO BALDOINO DOS SANTOS,JARDIM SOMAR,PERUIBE
11770-054,RUA JOÃO BATISTA SILVA DOS SANTOS,CENTRO,PERUIBE
11770-816,RUA JOÃO VITORIANO SILVA SOBRINHO,BALNEÁRIO SÃO JOÃO BATISTA,PERUIBE
11776-686,RUA JOSÉ WILHELMS DE FREITAS,JARDIM DOS PRADOS,PERUIBE
11782-504,RUA JOSIVAL EUFRÁSIO DA SILVA,BALNEÁRIO CARAGUAVA,PERUIBE
11785-146,RUA JORNALISTA AUDÁLIO DANTAS,BALNEÁRIO GARÇA VERMELHA,PERUIBE
11784-176,RUA DAS CALÊNDULAS,JARDIM EUROPA,PERUIBE
11773-052,RUA DAS CHUVAS DE OURO,BOUGAINVILLE RESIDENCIAL II,PERUIBE
11777-402,RUA DAVID SABINO SOARES,RECREIO SANTISTA I,PERUIBE
11777-542,RUA DAVID SABINO SOARES,RECREIO SANTISTA II,PERUIBE
11777-284,RUA DAVID SABINO SOARES,ESTÂNCIA BALNEÁRIA ANTÔNIO NOVAES,PERUIBE
11784-302,RUA DAIR RAMPINELLI PICCOLLI,PARQUE PERUÍBE,PERUIBE
11772-378,RUA DOS JASMINS,JARDIM MÁRCIA,PERUIBE
11785-112,RUA DOS TANGARAS,BALNEÁRIO GARÇA VERMELHA,PERUIBE
11773-028,RUA DOS HIBISCUS,BOUGAINVILLE RESIDENCIAL I,PERUIBE
11777-518,RUA DOS QUERUBINS,RECREIO SANTISTA I,PERUIBE
11773-002,RUA DOS GERÂNIOS,BOUGAINVILLE RESIDENCIAL I,PERUIBE
11770-622,RUA DOS ANTÚRIOS,JARDIM DAS FLORES,PERUIBE
11773-106,RUA DOS AGAPANTOS,BOUGAINVILLE RESIDENCIAL III,PERUIBE
11784-180,RUA DOS ANTÚRIOS,JARDIM EUROPA,PERUIBE
11770-132,RUA DOS PESCADORES,CENTRO,PERUIBE
11785-038,RUA DOS BEIJA FLOR,QUINTA DO GUARAÚ,PERUIBE
11773-058,RUA DOS FLAMBOYANTS,BOUGAINVILLE RESIDENCIAL II,PERUIBE
11775-624,RUA DOS MISSIONÁRIOS,ESTÂNCIA BALNEÁRIA CONVENTO VELHO,PERUIBE
11773-114,RUA DOS JASMINS ROSAS,BOUGAINVILLE RESIDENCIAL III,PERUIBE
11773-064,RUA DOS ANGICOS BRANCOS,BOUGAINVILLE RESIDENCIAL II,PERUIBE
11773-108,RUA DOS JASMINS BRANCOS,BOUGAINVILLE RESIDENCIAL III,PERUIBE
11773-118,RUA DOS JASMINS VERMELHOS,BOUGAINVILLE RESIDENCIAL III,PERUIBE
11773-074,RUA DOS JACARANDÁS MIMOSO,BOUGAINVILLE RESIDENCIAL II,PERUIBE
11775-688,RUA DOUTOR JOÃO ATALIA,ESTÂNCIA BALNEÁRIA MARIA HELENA NOVAES,PERUIBE
11775-636,RUA DOUTOR JOÃO ATALIA,ESTÂNCIA BALNEÁRIA CONVENTO VELHO,PERUIBE
11775-634,RUA DOUTOR JOÃO ATALIA,ESTÂNCIA BALNEÁRIA CONVENTO VELHO,PERUIBE
11770-650,RUA DOUTOR BRAZ BELMONTE,BALNEÁRIO FLÓRIDA PERUÍBE,PERUIBE
11770-282,RUA DOUTOR ROBERTO SILVA,CIDADE BALNEÁRIA PERUÍBE/SCIPEL,PERUIBE
11770-808,RUA DOUTOR AURELIO CAMPOS,BALNEÁRIO SÃO JOÃO BATISTA,PERUIBE
11775-638,RUA DOUTOR OSVALDO MARÇAL,ESTÂNCIA BALNEÁRIA CONVENTO VELHO,PERUIBE
11775-690,RUA DOUTOR OSVALDO MARÇAL,ESTÂNCIA BALNEÁRIA MARIA HELENA NOVAES,PERUIBE
11775-692,RUA DOUTOR OSVALDO MARÇAL,ESTÂNCIA BALNEÁRIA MARIA HELENA NOVAES,PERUIBE
11771-120,RUA DOUTOR JOSÉ DE OLIVEIRA,BALNEÁRIO SÃO JOÃO BATISTA 2,PERUIBE
11772-632,RUA DOUTOR MILTON FRAGA MOREIRA,PARQUE BALNEÁRIO OASIS,PERUIBE
11770-832,RUA DOUTOR LUCAS NOGUEIRA GARCEZ,BALNEÁRIO SÃO JOÃO BATISTA,PERUIBE
11785-208,RUA DOUTORA NITES THEREZINHA FERES,BALNEÁRIO GARÇA VERMELHA,PERUIBE
11770-858,RUA DOUTOR JOSÉ ANTONIO DE OLIVEIRA,BALNEÁRIO ARPOADOR,PERUIBE
11770-874,RUA DOUTOR ARISTIDES PINHEIRO JÚNIOR,BALNEÁRIO ARPOADOR,PERUIBE
11770-174,RUA DOUTOR ERNESTO ANTONIO PINTO SOARES,LOTEAMENTO SOARES,PERUIBE
11772-342,RUA DONA JÚLIA,BALNEÁRIO TRÊS MARIAS,PERUIBE
11771-394,RUA DONA BENEDITA DO CARMO,JARDIM PERUÍBE,PERUIBE
11770-860,RUA DONA LEOPOLDINA ANDOZIO,BALNEÁRIO ARPOADOR,PERUIBE
11783-474,RUA DONA DALILA MARÇAL GOMES,ESTÂNCIA SANTA IZABEL,PERUIBE
11770-135,RUA DONA TEREZA DE JESUS FERNANDES,CENTRO,PERUIBE
11771-118,RUA DONA ANTONIETA BIANCHINE BEIRO,BALNEÁRIO SÃO JOÃO BATISTA 2,PERUIBE
11773-532,RUA DEZESSEIS,JARDIM SÃO LUIS,PERUIBE
11773-730,RUA DEZESSETE,ESTÂNCIA SANTA GABRIELA,PERUIBE
11776-618,RUA DESEMBARGADOR FRANCISCO MURILO PINTO,ESTÂNCIA LEÃO NOVAES,PERUIBE
11714-050,RUA A,RIBEIRÓPOLIS,PRAIA GRANDE
11706-132,RUA A,CAIÇARA,PRAIA GRANDE
11700-090,RUA ACRE,BOQUEIRÃO,PRAIA GRANDE
11703-280,RUA ARARI,TUPI,PRAIA GRANDE
11703-060,RUA ARAIS,TUPI,PRAIA GRANDE
11717-073,RUA ÂMBAR,NOVA MIRIM,PRAIA GRANDE
11710-260,RUA ÁGATA,CIDADE DA CRIANÇA,PRAIA GRANDE
11703-690,RUA ACARIS,TUPI,PRAIA GRANDE
11707-390,RUA ARAXÁ,REAL,PRAIA GRANDE
11703-110,RUA ARUÃS,TUPI,PRAIA GRANDE
11708-010,RUA AZALÉA,REAL,PRAIA GRANDE
11707-380,RUA ATIBAIA,REAL,PRAIA GRANDE
11703-490,RUA ABAETÉ,TUPI,PRAIA GRANDE
11708-110,RUA AMAPOLA,REAL,PRAIA GRANDE
11724-730,RUA AROEIRA,TUPIRY,PRAIA GRANDE
11703-590,RUA ARARIBA,TUPI,PRAIA GRANDE
11710-150,RUA AZURITA,CIDADE DA CRIANÇA,PRAIA GRANDE
11719-160,RUA ALAGOAS,TUPIRY,PRAIA GRANDE
11717-010,RUA AMETISTA,NOVA MIRIM,PRAIA GRANDE
11703-010,RUA AIMORÉS,TUPI,PRAIA GRANDE
11702-160,RUA ANTILHAS,GUILHERMINA,PRAIA GRANDE
11700-260,RUA AMAZONAS,CANTO DO FORTE,PRAIA GRANDE
11708-120,RUA ALAMANDA,REAL,PRAIA GRANDE
11703-510,RUA APIACÁS,TUPI,PRAIA GRANDE
11700-095,RUA AMAZONAS,BOQUEIRÃO,PRAIA GRANDE
11702-110,RUA ARGENTINA,GUILHERMINA,PRAIA GRANDE
11703-770,RUA APINAJÉS,TUPI,PRAIA GRANDE
11704-760,RUA ALDO COLI,MIRIM,PRAIA GRANDE
11709-030,RUA ARI BARROSO,SOLEMAR,PRAIA GRANDE
11700-320,RUA AFONSO PENA,CANTO DO FORTE,PRAIA GRANDE
11706-330,RUA AMIM ANDRAUS,CAIÇARA,PRAIA GRANDE
11709-010,RUA ANDRÉ FILHO,SOLEMAR,PRAIA GRANDE
11710-250,RUA ÁGUA MARINHA,CIDADE DA CRIANÇA,PRAIA GRANDE
11726-050,RUA AMAUZIDE GAMA,SÍTIO DO CAMPO,PRAIA GRANDE
11713-220,RUA ANTONIO MARIA,SAMAMBAIA,PRAIA GRANDE
11717-143,RUA ALFREDO ALVES,NOVA MIRIM,PRAIA GRANDE
11709-070,RUA ATAULFO ALVES,SOLEMAR,PRAIA GRANDE
11705-072,RUA ADÉLIA RAMOS,MIRIM,PRAIA GRANDE
11709-100,RUA ASSIS VALENTE,SOLEMAR,PRAIA GRANDE
11717-113,RUA ARMANDO BOGUS,NOVA MIRIM,PRAIA GRANDE
11704-020,RUA ÂNGELA MASSEI,TUPI,PRAIA GRANDE
11709-210,RUA AFONSO SCHMIDT,SOLEMAR,PRAIA GRANDE
11724-005,RUA ANDRÉ COMITRE,SÍTIO DO CAMPO,PRAIA GRANDE
11708-405,RUA AFONSO SCHMIDT,FLÓRIDA,PRAIA GRANDE
11722-340,RUA ADONIS LATORRE,VILA SÔNIA,PRAIA GRANDE
11707-170,RUA ABDIAS PEDROSA,CAIÇARA,PRAIA GRANDE
11713-150,RUA ALEXANDRE LEVY,SAMAMBAIA,PRAIA GRANDE
11704-110,RUA ALFONSO BOVERO,OCIAN,PRAIA GRANDE
11704-490,RUA AFFONSO CHAVES,OCIAN,PRAIA GRANDE
11714-230,RUA ARARIPE JÚNIOR,RIBEIRÓPOLIS,PRAIA GRANDE
11718-145,RUA B,QUIETUDE,PRAIA GRANDE
11714-060,RUA B,RIBEIRÓPOLIS,PRAIA GRANDE
11700-035,RUA BAHIA,BOQUEIRÃO,PRAIA GRANDE
11700-280,RUA BAHIA,CANTO DO FORTE,PRAIA GRANDE
11710-180,RUA BERILO,CIDADE DA CRIANÇA,PRAIA GRANDE
11718-025,RUA BATUVA,ANHANGUERA,PRAIA GRANDE
11710-290,RUA BARATTI,CIDADE DA CRIANÇA,PRAIA GRANDE
11711-710,RUA BAIACÚ,IMPERADOR,PRAIA GRANDE
11717-200,RUA BASALTO,NOVA MIRIM,PRAIA GRANDE
11702-830,RUA BACAIRIS,AVIAÇÃO,PRAIA GRANDE
11701-400,RUA BOTAFOGO,GUILHERMINA,PRAIA GRANDE
11701-850,RUA BOLÍVIA,GUILHERMINA,PRAIA GRANDE
11703-360,RUA BOTOCUDO,TUPI,PRAIA GRANDE
11703-390,RUA BORORÓS,TUPI,PRAIA GRANDE
11700-070,RUA BRISAMAR,BOQUEIRÃO,PRAIA GRANDE
11711-755,RUA BIJUPIRÁ,IMPERADOR,PRAIA GRANDE
11724-710,RUA BROMÉLIA,TUPIRY,PRAIA GRANDE
11701-640,RUA BOA VIAGEM,GUILHERMINA,PRAIA GRANDE
11707-420,RUA BALNEÁRIA,REAL,PRAIA GRANDE
11702-460,RUA BORBA GATO,AVIAÇÃO,PRAIA GRANDE
11713-610,RUA BRUNO SEABRA,ESMERALDA,PRAIA GRANDE
11709-420,RUA BENTO TEIXEIRA,SOLEMAR,PRAIA GRANDE
11708-150,RUA BOTÕES DE OURO,REAL,PRAIA GRANDE
11710-120,RUA BENEDITO FRIZZO,CIDADE DA CRIANÇA,PRAIA GRANDE
11702-620,RUA BARTOLOMEU DIAS,AVIAÇÃO,PRAIA GRANDE
11707-300,RUA BARÃO DE PENEDO,REAL,PRAIA GRANDE
11709-120,RUA BENEDITO LACERDA,SOLEMAR,PRAIA GRANDE
11708-899,RUA BENEDITO LACERDA,FLÓRIDA,PRAIA GRANDE
11700-410,RUA BRIGADEIRO TOBIAS,CANTO DO FORTE,PRAIA GRANDE
11707-290,RUA BARÃO DE ITARARÉ,REAL,PRAIA GRANDE
11707-220,RUA BARÃO DE COTEGIPE,REAL,PRAIA GRANDE
11713-130,RUA BENEDITA CUSTÓDIO,SAMAMBAIA,PRAIA GRANDE
11717-140,RUA BRASIL PARA CRISTO,NOVA MIRIM,PRAIA GRANDE
11708-070,RUA BRINCO DE PRINCESA,REAL,PRAIA GRANDE
11714-320,RUA BERNARDO GUIMARÃES,RIBEIRÓPOLIS,PRAIA GRANDE
11702-740,RUA BALNEÁRIO CAMBORIU,AVIAÇÃO,PRAIA GRANDE
11700-240,RUA BERNARDINO DE CAMPOS,CANTO DO FORTE,PRAIA GRANDE
11700-630,RUA BRIGADEIRO FARIA LIMA,CANTO DO FORTE,PRAIA GRANDE
11709-390,RUA BARTOLOMEU DE GUSMÃO,SOLEMAR,PRAIA GRANDE
11707-320,RUA BARÃO DE PARANAPIACABA,REAL,PRAIA GRANDE
11718-170,RUA BALARINO ESTEVES JÚNIOR,QUIETUDE,PRAIA GRANDE
11700-470,RUA BRIGADEIRO JOSÉ FERREIRA,CANTO DO FORTE,PRAIA GRANDE
11700-610,RUA BRIGADEIRO HAROLDO VELOSO,CANTO DO FORTE,PRAIA GRANDE
11700-585,RUA BENEDITO MARIANO DA SILVA,CANTO DO FORTE,PRAIA GRANDE
11711-597,RUA BENEDITO ALVES DOS SANTOS,PRINCESA,PRAIA GRANDE
11720-060,RUA BENILDA FERREIRA DAS VIRGENS,ANTÁRTICA,PRAIA GRANDE
11701-560,RUA CECY,GUILHERMINA,PRAIA GRANDE
11713-240,RUA CUBA,SAMAMBAIA,PRAIA GRANDE
11710-200,RUA CORAL,CIDADE DA CRIANÇA,PRAIA GRANDE
11712-360,RUA CINCO,MELVI,PRAIA GRANDE
11702-150,RUA CHILE,GUILHERMINA,PRAIA GRANDE
11702-770,RUA CARIBAS,AVIAÇÃO,PRAIA GRANDE
11708-130,RUA CRAVINA,REAL,PRAIA GRANDE
11707-430,RUA CAXAMBU,REAL,PRAIA GRANDE
11713-260,RUA CANADÁ,SAMAMBAIA,PRAIA GRANDE
11717-011,RUA CRISTAL,NOVA MIRIM,PRAIA GRANDE
11703-001,RUA CARIBAS,TUPI,PRAIA GRANDE
11702-140,RUA CANADÁ,GUILHERMINA,PRAIA GRANDE
11701-110,RUA CAMPINAS,BOQUEIRÃO,PRAIA GRANDE
11703-430,RUA COROADOS,TUPI,PRAIA GRANDE
11701-310,RUA CUBATÃO,BOQUEIRÃO,PRAIA GRANDE
11703-400,RUA CARIMBÓ,TUPI,PRAIA GRANDE
11703-250,RUA CARIJÓS,TUPI,PRAIA GRANDE
11703-320,RUA CAIAPÓS,TUPI,PRAIA GRANDE
11703-740,RUA CARAJÁS,TUPI,PRAIA GRANDE
11701-905,RUA CAMPINAS,BOQUEIRÃO,PRAIA GRANDE
11703-520,RUA CAMAIURAS,TUPI,PRAIA GRANDE
11702-020,RUA COLÔMBIA,GUILHERMINA,PRAIA GRANDE
11703-560,RUA CARIPUNAS,TUPI,PRAIA GRANDE
11711-630,RUA CINQUENTA,IMPERADOR,PRAIA GRANDE
11702-190,RUA COSTA RICA,GUILHERMINA,PRAIA GRANDE
11701-670,RUA COPACABANA,GUILHERMINA,PRAIA GRANDE
11703-420,RUA CATAGUASES,TUPI,PRAIA GRANDE
11701-520,RUA CASTELINHO,GUILHERMINA,PRAIA GRANDE
11710-240,RUA CRISÓLITO,CIDADE DA CRIANÇA,PRAIA GRANDE
11709-330,RUA COELHO NETO,SOLEMAR,PRAIA GRANDE
11704-190,RUA CARLOS GOMES,OCIAN,PRAIA GRANDE
11700-230,RUA CAMPOS SALES,CANTO DO FORTE,PRAIA GRANDE
11709-320,RUA CASTRO ALVES,SOLEMAR,PRAIA GRANDE
11714-510,RUA CRUZ E SOUZA,RIBEIRÓPOLIS,PRAIA GRANDE
11724-555,RUA CANTOR CAZUZA,TUPIRY,PRAIA GRANDE
11724-485,RUA CANTORA MAYSA,TUPIRY,PRAIA GRANDE
11717-395,RUA CORA CORALINA,ANHANGUERA,PRAIA GRANDE
11717-390,RUA CORA CORALINA,ANHANGUERA,PRAIA GRANDE
11704-260,RUA COSMO VENTURA,OCIAN,PRAIA GRANDE
11724-620,RUA CANTOR LEANDRO,TUPIRY,PRAIA GRANDE
11712-230,RUA CACILDA BECKER,MELVI,PRAIA GRANDE
11711-640,RUA CINQUENTA E UM,IMPERADOR,PRAIA GRANDE
11711-190,RUA CLÁUDIO FÚRIO,PRINCESA,PRAIA GRANDE
11724-440,RUA CANTOR TIM MAIA,TUPIRY,PRAIA GRANDE
11720-085,RUA CARLOS CHIARONI,ANTÁRTICA,PRAIA GRANDE
11724-572,RUA CANTORA RITA LEE,TUPIRY,PRAIA GRANDE
11709-260,RUA CRISTIANO SOLANO,SOLEMAR,PRAIA GRANDE
11701-475,RUA CLAUDINO PACHECO,GUILHERMINA,PRAIA GRANDE
11711-690,RUA CINQUENTA E SEIS,IMPERADOR,PRAIA GRANDE
11711-650,RUA CINQUENTA E DOIS,IMPERADOR,PRAIA GRANDE
11713-420,RUA DEZ,ESMERALDA,PRAIA GRANDE
11726-070,RUA DEZ,SÍTIO DO CAMPO,PRAIA GRANDE
11725-070,RUA DEZ,SÍTIO DO CAMPO,PRAIA GRANDE
11700-590,RUA DEZ,CANTO DO FORTE,PRAIA GRANDE
11713-440,RUA DOZE,ESMERALDA,PRAIA GRANDE
11726-110,RUA DOIS,SÍTIO DO CAMPO,PRAIA GRANDE
11712-200,RUA DOIS,MELVI,PRAIA GRANDE
11723-110,RUA DOIS,VILA SÔNIA,PRAIA GRANDE
11717-210,RUA DOZE,NOVA MIRIM,PRAIA GRANDE
11717-060,RUA DOIS,NOVA MIRIM,PRAIA GRANDE
11726-090,RUA DOZE,SÍTIO DO CAMPO,PRAIA GRANDE
11714-610,RUA DOZE,RIBEIRÓPOLIS,PRAIA GRANDE
11718-122,RUA DO OURO,ANHANGUERA,PRAIA GRANDE
11722-430,RUA DEZOITO,VILA SÔNIA,PRAIA GRANDE
11710-170,RUA DIAMANTE,CIDADE DA CRIANÇA,PRAIA GRANDE
11724-510,RUA DO CANAL,TUPIRY,PRAIA GRANDE
11717-370,RUA DEZENOVE,ANHANGUERA,PRAIA GRANDE
11717-190,RUA DOLOMITA,NOVA MIRIM,PRAIA GRANDE
11722-440,RUA DEZENOVE,VILA SÔNIA,PRAIA GRANDE
11701-010,RUA DOURADOS,BOQUEIRÃO,PRAIA GRANDE
11704-725,RUA DEZESSEIS,MIRIM,PRAIA GRANDE
11708-480,RUA DAS ROSAS,FLÓRIDA,PRAIA GRANDE
11712-470,RUA DOS IPÊS,SAMAMBAIA,PRAIA GRANDE
11723-050,RUA DO MAÇOM,VILA SÔNIA,PRAIA GRANDE
11717-335,RUA DEZESSEIS,ANHANGUERA,PRAIA GRANDE
11712-300,RUA DA GRAÇA,MELVI,PRAIA GRANDE
11712-320,RUA DA CORAGEM,MELVI,PRAIA GRANDE
11712-322,RUA DA AMIZADE,MELVI,PRAIA GRANDE
11708-470,RUA DOS TREVOS,FLÓRIDA,PRAIA GRANDE
11708-450,RUA DAS PALMAS,FLÓRIDA,PRAIA GRANDE
11700-385,RUA DA VIRTUDE,CANTO DO FORTE,PRAIA GRANDE
11712-550,RUA DOS CEDROS,SAMAMBAIA,PRAIA GRANDE
11708-210,RUA DOS CRAVOS,FLÓRIDA,PRAIA GRANDE
11721-040,RUA DANTE CHINI,ANTÁRTICA,PRAIA GRANDE
11701-210,RUA DAIR BORGES,BOQUEIRÃO,PRAIA GRANDE
11712-600,RUA DAS PEROBAS,SAMAMBAIA,PRAIA GRANDE
11708-500,RUA DAS TULIPAS,FLÓRIDA,PRAIA GRANDE
11712-370,RUA DOS ORIXÁS,MELVI,PRAIA GRANDE
11723-260,RUA DO CONTORNO,VILA SÔNIA,PRAIA GRANDE
11712-325,RUA DA HARMONIA,MELVI,PRAIA GRANDE
11708-340,RUA DOS LÍRIOS,FLÓRIDA,PRAIA GRANDE
11708-320,RUA DOS JASMINS,FLÓRIDA,PRAIA GRANDE
11722-420,RUA DEZESSETE A,VILA SÔNIA,PRAIA GRANDE
11713-110,RUA DOM PEDRO I,SAMAMBAIA,PRAIA GRANDE
11708-230,RUA DAS DÁLIAS,FLÓRIDA,PRAIA GRANDE
11708-170,RUA DOS ALECRINS,FLÓRIDA,PRAIA GRANDE
11708-240,RUA DAS VIOLETAS,FLÓRIDA,PRAIA GRANDE
11712-660,RUA DOS ROSEDÁS,SAMAMBAIA,PRAIA GRANDE
11704-140,RUA DOUTOR FREUD,OCIAN,PRAIA GRANDE
11708-165,RUA DOS ALECRINS,REAL,PRAIA GRANDE
11718-165,RUA E,QUIETUDE,PRAIA GRANDE
11725-135,RUA E,SÍTIO DO CAMPO,PRAIA GRANDE
11702-180,RUA EQUADOR,GUILHERMINA,PRAIA GRANDE
11701-510,RUA ENSEADA,GUILHERMINA,PRAIA GRANDE
11701-730,RUA EMBARÉ,GUILHERMINA,PRAIA GRANDE
11702-670,RUA EPONINA,AVIAÇÃO,PRAIA GRANDE
11712-380,RUA EUCLIDES,MELVI,PRAIA GRANDE
11724-740,RUA EMBAÚBA,TUPIRY,PRAIA GRANDE
11710-190,RUA ESMERALDA,CIDADE DA CRIANÇA,PRAIA GRANDE
11702-270,RUA EL SALVADOR,GUILHERMINA,PRAIA GRANDE
11706-335,RUA EDGAR GARCIA,CAIÇARA,PRAIA GRANDE
11713-530,RUA EDUARDO PRADO,ESMERALDA,PRAIA GRANDE
11702-130,RUA ESTADOS UNIDOS,GUILHERMINA,PRAIA GRANDE
11700-190,RUA ESPÍRITO SANTO,CANTO DO FORTE,PRAIA GRANDE
11702-630,RUA ESTÁCIO DE SÁ,AVIAÇÃO,PRAIA GRANDE
11700-065,RUA ESPÍRITO SANTO,BOQUEIRÃO,PRAIA GRANDE
11721-090,RUA ELVIRA CRUZ LEAL,ANTÁRTICA,PRAIA GRANDE
11709-250,RUA EÇA DE QUEIRÓS,SOLEMAR,PRAIA GRANDE
11713-190,RUA ERNESTO NAZARETH,SAMAMBAIA,PRAIA GRANDE
11720-020,RUA EUGÊNIO MESSIANO,ANTÁRTICA,PRAIA GRANDE
11709-300,RUA EUCLIDES DA CUNHA,SOLEMAR,PRAIA GRANDE
11714-370,RUA EUSÉBIO DE MATOS,RIBEIRÓPOLIS,PRAIA GRANDE
11721-240,RUA EVARISTO PARAÍZO,ANTÁRTICA,PRAIA GRANDE
11724-275,RUA ELZA LEMKE BATALHA,GLÓRIA,PRAIA GRANDE
11718-240,RUA EDISON DE OLIVEIRA,QUIETUDE,PRAIA GRANDE
11704-170,RUA EMÍLIO DE MENEZES,OCIAN,PRAIA GRANDE
11718-285,RUA ETIENNE XAVIER LOPES,QUIETUDE,PRAIA GRANDE
11718-220,RUA EROS EMÍLIO TUROLLA,QUIETUDE,PRAIA GRANDE
11718-360,RUA EDUARDO ALVES CANECA,QUIETUDE,PRAIA GRANDE
11722-010,RUA ERNESTO JOSÉ GUERRA,VILA SÔNIA,PRAIA GRANDE
11713-340,RUA EDUARDO VENUTO PINTO,ESMERALDA,PRAIA GRANDE
11722-060,RUA ELYDIO JULIO BAPTISTA,VILA SÔNIA,PRAIA GRANDE
11723-030,RUA ELÍDIO JULIO BATISTA,VILA SÔNIA,PRAIA GRANDE
11702-395,RUA EURÍPEDES BARSANULFO,AVIAÇÃO,PRAIA GRANDE
11712-130,RUA EDUARDO CARLOS PEREIRA,MELVI,PRAIA GRANDE
11711-090,RUA EDILSON DE JESUS RAMOS,PRINCESA,PRAIA GRANDE
11701-140,RUA EMANCIPADOR PAULO FEFIN,BOQUEIRÃO,PRAIA GRANDE
11704-704,RUA EVALDO DA CUNHA BEZERRA,MIRIM,PRAIA GRANDE
11710-140,RUA ELAINE CRISTINA PERAKIS,CIDADE DA CRIANÇA,PRAIA GRANDE
11720-005,RUA EZIO DALL'ACQUA JÚNIOR,ANTÁRTICA,PRAIA GRANDE
11722-370,RUA ENEDINA MARTINS PEREIRA,VILA SÔNIA,PRAIA GRANDE
11700-520,RUA EZEQUIEL VIEIRA DA SILVA,CANTO DO FORTE,PRAIA GRANDE
11724-350,RUA ELVIRA FERNANDES DE LIMA,SÍTIO DO CAMPO,PRAIA GRANDE
11725-390,RUA ERNESTO SALVADOR DE JESUS,SÍTIO DO CAMPO,PRAIA GRANDE
11704-702,RUA ERONILDES BRAZ DE AZEVEDO,MIRIM,PRAIA GRANDE
11717-470,RUA EDUARDO XAVIER DE OLIVEIRA,ANHANGUERA,PRAIA GRANDE
11725-020,RUA ENGENHEIRO ANTÔNIO LOTUFFO,SÍTIO DO CAMPO,PRAIA GRANDE
11711-070,RUA EULENICE MARIA JACOB CARDOSO,PRINCESA,PRAIA GRANDE
11704-580,RUA EUFROZINA MARIA DA CONCEIÇÃO,OCIAN,PRAIA GRANDE
11704-415,RUA EDISON ROBERTO POMBAL TEIXEIRA,OCIAN,PRAIA GRANDE
11701-540,RUA FLAMENGO,GUILHERMINA,PRAIA GRANDE
11705-315,RUA FLAMINGO,MARACANÃ,PRAIA GRANDE
11708-040,RUA FLÓRIDA,REAL,PRAIA GRANDE
11708-080,RUA FLOR BOREAL,REAL,PRAIA GRANDE
11711-140,RUA FREI DAMIÃO,PRINCESA,PRAIA GRANDE
11702-590,RUA FERNÃO DIAS,AVIAÇÃO,PRAIA GRANDE
11701-715,RUA FUMIO MIYAZI,GUILHERMINA,PRAIA GRANDE
11701-160,RUA FUMIO MIYAZI,BOQUEIRÃO,PRAIA GRANDE
11722-460,RUA FRANK DA CRUZ,VILA SÔNIA,PRAIA GRANDE
11713-570,RUA FÉLIX PACHECO,ESMERALDA,PRAIA GRANDE
11714-380,RUA FERNÃO CARDIN,RIBEIRÓPOLIS,PRAIA GRANDE
11724-600,RUA FERNANDES LIMA,TUPIRY,PRAIA GRANDE
11709-130,RUA FRANCISCO ALVES,SOLEMAR,PRAIA GRANDE
11718-045,RUA FILOMENA MUSTACH,ANHANGUERA,PRAIA GRANDE
11704-220,RUA FAGUNDES VARELLA,OCIAN,PRAIA GRANDE
11718-040,RUA FILOMENA MUSTACH,ANHANGUERA,PRAIA GRANDE
11714-260,RUA FRANKLIN TÁVORA,RIBEIRÓPOLIS,PRAIA GRANDE
11706-290,RUA FIORAVANTE ZAMPOL,CAIÇARA,PRAIA GRANDE
11709-220,RUA FRANCISCO BARBOSA,SOLEMAR,PRAIA GRANDE
11706-270,RUA FRANCISCO FIGUERÔA,CAIÇARA,PRAIA GRANDE
11704-060,RUA FRANCISCO PETTINATI,OCIAN,PRAIA GRANDE
11704-022,RUA FRANCISCO PETTINATI,TUPI,PRAIA GRANDE
11718-263,RUA FERNANDO NASCIMENTO,QUIETUDE,PRAIA GRANDE
11710-095,RUA FRANCISCO RODRIGUES,CIDADE DA CRIANÇA,PRAIA GRANDE
11718-290,RUA FERNANDO DI STÉFANO,QUIETUDE,PRAIA GRANDE
11713-640,RUA FREI RICARDO DO PILAR,ESMERALDA,PRAIA GRANDE
11700-105,RUA FANNI GONÇALVES CHINI,BOQUEIRÃO,PRAIA GRANDE
11712-110,RUA FREI SANTA RITA DURÃO,MELVI,PRAIA GRANDE
11704-410,RUA FUENSANTA GUSMAN GARCIA,OCIAN,PRAIA GRANDE
11705-020,RUA FERNANDO JOÃO MONTEIRO,MIRIM,PRAIA GRANDE
11721-100,RUA FRANKLIN ALVES DE MOURA,ANTÁRTICA,PRAIA GRANDE
11711-210,RUA FILOMENA DINIZ FERNANDES,PRINCESA,PRAIA GRANDE
11702-595,RUA FREI HENRIQUE DE COIMBRA,AVIAÇÃO,PRAIA GRANDE
11718-230,RUA FERNANDO SANCHES CARNEIRO,QUIETUDE,PRAIA GRANDE
11706-130,RUA FLAUSINA DE OLIVEIRA ROSA,CAIÇARA,PRAIA GRANDE
11714-560,RUA FRANCISCA JÚLIA DA SILVA,RIBEIRÓPOLIS,PRAIA GRANDE
11713-120,RUA FRANCISCO MANUEL DA SILVA,SAMAMBAIA,PRAIA GRANDE
11712-100,RUA FRANCISCO ADOLFO VARNHAGEM,MELVI,PRAIA GRANDE
11714-130,RUA FLÁVIO MONTEIRO DE CASTRO,RIBEIRÓPOLIS,PRAIA GRANDE
11702-680,RUA FRANCISCO PEREIRA COUTINHO,AVIAÇÃO,PRAIA GRANDE
11711-200,RUA FRANCISCO ANTÔNIO DE ABREU,PRINCESA,PRAIA GRANDE
11706-115,RUA FRANCISCO JOAQUIM ESCALEIRA,CAIÇARA,PRAIA GRANDE
11718-055,RUA FRANCISCO CONRADO DOS SANTOS,ANHANGUERA,PRAIA GRANDE
11718-050,RUA FRANCISCO CONRADO DOS SANTOS,ANHANGUERA,PRAIA GRANDE
11714-360,RUA FREI GASPAR DA MADRE DE DEUS,RIBEIRÓPOLIS,PRAIA GRANDE
11718-137,RUA FRANCISCO CONRADO DOS SANTOS,QUIETUDE,PRAIA GRANDE
11718-136,RUA FRANCISCO CONRADO DOS SANTOS,QUIETUDE,PRAIA GRANDE
11706-025,RUA FRANCISCO LOURENÇO DOS SANTOS,CAIÇARA,PRAIA GRANDE
11712-090,RUA FREI FRANCISCO DO MONTE ALVERNE,MELVI,PRAIA GRANDE
11722-410,RUA FRANCISCO MANOEL CANDIDO MONTES,VILA SÔNIA,PRAIA GRANDE
11711-685,RUA GOETE,IMPERADOR,PRAIA GRANDE
11724-765,RUA GUARÁ,TUPIRY,PRAIA GRANDE
11701-570,RUA GÁVEA,GUILHERMINA,PRAIA GRANDE
11701-760,RUA GONZAGA,GUILHERMINA,PRAIA GRANDE
11701-420,RUA GUAIUBA,GUILHERMINA,PRAIA GRANDE
11703-080,RUA GUARANIS,TUPI,PRAIA GRANDE
11701-300,RUA GUARUJÁ,BOQUEIRÃO,PRAIA GRANDE
11703-240,RUA GUAJARAS,TUPI,PRAIA GRANDE
11702-040,RUA GUATEMALA,GUILHERMINA,PRAIA GRANDE
11701-840,RUA GUARATUBA,GUILHERMINA,PRAIA GRANDE
11701-710,RUA GUARAPARI,GUILHERMINA,PRAIA GRANDE
11700-030,RUA GUANABARA,BOQUEIRÃO,PRAIA GRANDE
11703-070,RUA GUAICURUS,TUPI,PRAIA GRANDE
11703-160,RUA GUAIANAZES,TUPI,PRAIA GRANDE
11700-770,RUA GASPAR VIANA,CANTO DO FORTE,PRAIA GRANDE
11717-240,RUA GLAUCE ROCHA,NOVA MIRIM,PRAIA GRANDE
11702-470,RUA GAGO COUTINHO,AVIAÇÃO,PRAIA GRANDE
11725-370,RUA GERALDO SILVA,SÍTIO DO CAMPO,PRAIA GRANDE
11709-310,RUA GRAÇA ARANHA,SOLEMAR,PRAIA GRANDE
11724-775,RUA GERALDO BUENO,TUPIRY,PRAIA GRANDE
11717-025,RUA GILBERTO LOPES,NOVA MIRIM,PRAIA GRANDE
11701-305,RUA GENNARO SOBRAL,BOQUEIRÃO,PRAIA GRANDE
11702-320,RUA GUIANA INGLESA,GUILHERMINA,PRAIA GRANDE
11704-290,RUA GILBERTO AMADO,OCIAN,PRAIA GRANDE
11704-026,RUA GONÇALVES DIAS,TUPI,PRAIA GRANDE
11702-850,RUA GASPAR DE LEMOS,AVIAÇÃO,PRAIA GRANDE
11704-160,RUA GUIMARÃES ROSA,OCIAN,PRAIA GRANDE
11700-730,RUA GENERAL OSÓRIO,CANTO DO FORTE,PRAIA GRANDE
11704-130,RUA GONÇALVES DIAS,OCIAN,PRAIA GRANDE
11702-310,RUA GUIANA FRANCESA,GUILHERMINA,PRAIA GRANDE
11722-325,RUA GERALDO DE LIMA,VILA SÔNIA,PRAIA GRANDE
11724-750,RUA GOLEIRO BARBOSA,TUPIRY,PRAIA GRANDE
11718-310,RUA GERALDO DEOLINDO,QUIETUDE,PRAIA GRANDE
11702-330,RUA GUIANA HOLANDESA,GUILHERMINA,PRAIA GRANDE
11705-040,RUA GILBERTO FOUAD BECK,MIRIM,PRAIA GRANDE
11722-385,RUA GIUSEPPE GOZZA NETO,VILA SÔNIA,PRAIA GRANDE
11704-210,RUA GUILHERME DE ALMEIDA,OCIAN,PRAIA GRANDE
11705-330,RUA GERALDINA HATZ RODER,MARACANÃ,PRAIA GRANDE
11725-190,RUA GUILHERME PEREIRA VAZ,SÍTIO DO CAMPO,PRAIA GRANDE
11700-680,RUA GENERAL GÓES MONTEIRO,CANTO DO FORTE,PRAIA GRANDE
11724-165,RUA GENI APARECIDA DE MOURA,GLÓRIA,PRAIA GRANDE
11713-285,RUA GEZIAEL PEREIRA DA SILVA,ESMERALDA,PRAIA GRANDE
11700-670,RUA GENERAL ZENÓBIO DA COSTA,CANTO DO FORTE,PRAIA GRANDE
11718-255,RUA GASTÃO DE SOUZA OLIVEIRA,QUIETUDE,PRAIA GRANDE
11724-250,RUA GERALDO LUCAS EVANGELISTA,GLÓRIA,PRAIA GRANDE
11700-390,RUA GENERAL LEITÃO DE CARVALHO,CANTO DO FORTE,PRAIA GRANDE
11704-812,RUA GILBERTO BORBA COLLETES ALVES,MIRIM,PRAIA GRANDE
11700-780,RUA GENERAL EUCLIDES DE FIGUEIREDO,CANTO DO FORTE,PRAIA GRANDE
11700-440,RUA GENERAL HUMBERTO DE SOUZA MELLO,CANTO DO FORTE,PRAIA GRANDE
11704-665,RUA GUILHERME LUÍS FERREIRA DA CRUZ,MIRIM,PRAIA GRANDE
11723-070,RUA H,VILA SÔNIA,PRAIA GRANDE
11722-070,RUA HUM,VILA SÔNIA,PRAIA GRANDE
11714-070,RUA HUM,RIBEIRÓPOLIS,PRAIA GRANDE
11713-330,RUA HUM,ESMERALDA,PRAIA GRANDE
11702-050,RUA HAITI,GUILHERMINA,PRAIA GRANDE
11702-060,RUA HONDURAS,GUILHERMINA,PRAIA GRANDE
11717-118,RUA HEMATITA,NOVA MIRIM,PRAIA GRANDE
11704-605,RUA HEINAR KUULME,MIRIM,PRAIA GRANDE
11702-600,RUA HENRIQUE DIAS,AVIAÇÃO,PRAIA GRANDE
11721-210,RUA HENRIQUE DIAS,ANTÁRTICA,PRAIA GRANDE
11700-310,RUA HEITOR SANCHES,CANTO DO FORTE,PRAIA GRANDE
11713-125,RUA HELIO OITICICA,SAMAMBAIA,PRAIA GRANDE
11713-180,RUA HENRIQUE OSWALD,SAMAMBAIA,PRAIA GRANDE
11711-585,RUA HERBERT DE SOUZA,PRINCESA,PRAIA GRANDE
11713-210,RUA HEITOR VILA-LOBOS,SAMAMBAIA,PRAIA GRANDE
11711-230,RUA HUGULINO JOSÉ RIBEIRO,PRINCESA,PRAIA GRANDE
11717-120,RUA HORÁCIO ANTÔNIO AMARAL,NOVA MIRIM,PRAIA GRANDE
11720-110,RUA HÉLIO JOSÉ DA COSTA MILANI,ANTÁRTICA,PRAIA GRANDE
11718-305,RUA HÉLIO FRANCISCO DE OLIVEIRA,QUIETUDE,PRAIA GRANDE
11705-280,RUA HUMORISTA MANOEL DE NÓBREGA,MARACANÃ,PRAIA GRANDE
11701-060,RUA ITU,BOQUEIRÃO,PRAIA GRANDE
11706-135,RUA ÍSIS,CAIÇARA,PRAIA GRANDE
11708-100,RUA ÍRIS,REAL,PRAIA GRANDE
11706-105,RUA ÍSSIS,CAIÇARA,PRAIA GRANDE
11701-740,RUA ITAPOAN,GUILHERMINA,PRAIA GRANDE
11701-600,RUA IPANEMA,GUILHERMINA,PRAIA GRANDE
11703-410,RUA ITAPUÃ,TUPI,PRAIA GRANDE
11701-440,RUA INDAIÁ,GUILHERMINA,PRAIA GRANDE
11703-030,RUA ITAÓCA,TUPI,PRAIA GRANDE
11701-550,RUA ITAPURA,GUILHERMINA,PRAIA GRANDE
11701-130,RUA IPORANGA,BOQUEIRÃO,PRAIA GRANDE
11701-490,RUA ITAJUBÁ,GUILHERMINA,PRAIA GRANDE
11701-705,RUA IPORANGA,GUILHERMINA,PRAIA GRANDE
11703-050,RUA ITAMIRIM,TUPI,PRAIA GRANDE
11701-620,RUA ITARARÉ,GUILHERMINA,PRAIA GRANDE
11703-780,RUA ITAMACÁS,TUPI,PRAIA GRANDE
11703-040,RUA ITAGUASSU,TUPI,PRAIA GRANDE
11701-270,RUA IRMÃOS DEMASI,BOQUEIRÃO,PRAIA GRANDE
11723-130,RUA IGNÁCIO KAPPES,VILA SÔNIA,PRAIA GRANDE
11700-545,RUA ISMAEL MARCIANO,CANTO DO FORTE,PRAIA GRANDE
11714-210,RUA INGLÊS DE SOUZA,RIBEIRÓPOLIS,PRAIA GRANDE
11719-100,RUA ILDEFONSO GALEANO,TUPIRY,PRAIA GRANDE
11713-160,RUA ITIBERÊ DA CUNHA,SAMAMBAIA,PRAIA GRANDE
11713-395,RUA ITIBERÊ DA CUNHA,ESMERALDA,PRAIA GRANDE
11707-340,RUA IMPERATRIZ LEOPOLDINA,REAL,PRAIA GRANDE
11706-007,RUA ISRAEL GRIMALDI MILLANI,CAIÇARA,PRAIA GRANDE
11705-660,RUA ISRAEL GRIMALDI MILLANI,MARACANÃ,PRAIA GRANDE
11725-360,RUA ISRAEL RODRIGUES CARDOSO,SÍTIO DO CAMPO,PRAIA GRANDE
11700-540,RUA INTERVENTOR PAULO DE SOUZA SANDOVAL,CANTO DO FORTE,PRAIA GRANDE
11701-190,RUA JAÚ,BOQUEIRÃO,PRAIA GRANDE
11717-012,RUA JADE,NOVA MIRIM,PRAIA GRANDE
11700-270,RUA JAÚ,CANTO DO FORTE,PRAIA GRANDE
11703-680,RUA JARUS,TUPI,PRAIA GRANDE
11703-470,RUA JÚRI,TUPI,PRAIA GRANDE
11703-580,RUA JURITI,TUPI,PRAIA GRANDE
11703-170,RUA JAVAÉS,TUPI,PRAIA GRANDE
11703-550,RUA JARUMAS,TUPI,PRAIA GRANDE
11706-125,RUA JUSSARA,CAIÇARA,PRAIA GRANDE
11703-210,RUA JURÉIA,TUPI,PRAIA GRANDE
11703-810,RUA JAPURÁS,TUPI,PRAIA GRANDE
11701-250,RUA JUNDIAÍ,BOQUEIRÃO,PRAIA GRANDE
11703-800,RUA JUQUIRAIS,TUPI,PRAIA GRANDE
11703-290,RUA JAUAPERIS,TUPI,PRAIA GRANDE
11718-200,RUA JORGE PIAI,QUIETUDE,PRAIA GRANDE
11706-510,RUA JAMIL ISSA,CAIÇARA,PRAIA GRANDE
11706-140,RUA JURUBAÍBA,CAIÇARA,PRAIA GRANDE
11704-029,RUA JOSÉ JORGE,TUPI,PRAIA GRANDE
11704-090,RUA JOSÉ JORGE,OCIAN,PRAIA GRANDE
11717-111,RUA JARDEL FILHO,NOVA MIRIM,PRAIA GRANDE
11724-700,RUA JAIR ROLDÃO,ILHA DAS CAIEIRAS,PRAIA GRANDE
11704-703,RUA JOÃO SAIANE,MIRIM,PRAIA GRANDE
11719-060,RUA JAIR ROLDÃO,TUPIRY,PRAIA GRANDE
11702-820,RUA JOÃO RAMALHO,AVIAÇÃO,PRAIA GRANDE
11718-345,RUA JOÃO ORISAKA,QUIETUDE,PRAIA GRANDE
11705-410,RUA JOÃO DURANTE,MARACANÃ,PRAIA GRANDE
11721-120,RUA JOÃO ABDALLA,ANTÁRTICA,PRAIA GRANDE
11712-210,RUA JOÃO CAETANO,MELVI,PRAIA GRANDE
11713-140,RUA JOSÉ CARDOSO,SAMAMBAIA,PRAIA GRANDE
11719-070,RUA JOAQUIM BUENO,TUPIRY,PRAIA GRANDE
11724-270,RUA JOSÉ SIMÕES,GLÓRIA,PRAIA GRANDE
11702-380,RUA JOANNA BARBOSA,AVIAÇÃO,PRAIA GRANDE
11712-240,RUA JÚLIO RIBEIRO,MELVI,PRAIA GRANDE
11704-802,RUA JOÃO DE SOUZA,MIRIM,PRAIA GRANDE
11717-325,RUA JOSÉ FLUMINGNAN,ANHANGUERA,PRAIA GRANDE
11704-280,RUA JOSÉ DE ALENCAR,OCIAN,PRAIA GRANDE
11725-420,RUA JOSÉ BONIFÁCIO,SÍTIO DO CAMPO,PRAIA GRANDE
11722-330,RUA JOSEFINA BAKHITA,VILA SÔNIA,PRAIA GRANDE
11717-230,RUA JOSÉ FLUMINGNAN,NOVA MIRIM,PRAIA GRANDE
11714-190,RUA JOSÉ VERÍSSIMO,RIBEIRÓPOLIS,PRAIA GRANDE
11723-060,RUA JOSÉ DE OLIVEIRA,VILA SÔNIA,PRAIA GRANDE
11705-630,RUA JOSÉ DEMAR PERES,MARACANÃ,PRAIA GRANDE
11705-310,RUA JOAQUIM DOS SANTOS,MARACANÃ,PRAIA GRANDE
11706-305,RUA JOSÉ CARLOS PACCE,CAIÇARA,PRAIA GRANDE
11705-010,RUA JOSÉ BORGES NETTO,MIRIM,PRAIA GRANDE
11725-480,RUA JOÃO ALVES CORREA,SÍTIO DO CAMPO,PRAIA GRANDE
11702-440,RUA JOSÉ ALVES MACIEL,AVIAÇÃO,PRAIA GRANDE
11706-430,RUA JOSÉ ALEXANDRE CÓ,CAIÇARA,PRAIA GRANDE
11709-470,RUA JOSÉ LEMOS DO REGO,SOLEMAR,PRAIA GRANDE
11705-635,RUA JOÃO DIAS DA SILVA,MARACANÃ,PRAIA GRANDE
11724-170,RUA K,GLÓRIA,PRAIA GRANDE
11704-440,RUA KIKUSABURO TANAKA,OCIAN,PRAIA GRANDE
11722-275,RUA KAMILA TEMOTEO DA COSTA,VILA SÔNIA,PRAIA GRANDE
11707-070,RUA KÁTIA CRISTINA QUEDAS NUNES,CAIÇARA,PRAIA GRANDE
11701-470,RUA LEME,GUILHERMINA,PRAIA GRANDE
11701-630,RUA LEBLON,GUILHERMINA,PRAIA GRANDE
11708-140,RUA LILÁS,REAL,PRAIA GRANDE
11701-260,RUA LIMEIRA,BOQUEIRÃO,PRAIA GRANDE
11717-075,RUA LAZURITA,NOVA MIRIM,PRAIA GRANDE
11707-500,RUA LINDÓIA,REAL,PRAIA GRANDE
11700-020,RUA LONDRINA,BOQUEIRÃO,PRAIA GRANDE
11704-550,RUA LUIZ LEITE,OCIAN,PRAIA GRANDE
11710-060,RUA LINO FÉLIX,CIDADE DA CRIANÇA,PRAIA GRANDE
11709-280,RUA LIMA BARRETO,SOLEMAR,PRAIA GRANDE
11709-050,RUA LEONEL AZEVEDO,SOLEMAR,PRAIA GRANDE
11709-090,RUA LAMARTINE BABO,SOLEMAR,PRAIA GRANDE
11718-210,RUA LUIZ CONSERINO,QUIETUDE,PRAIA GRANDE
11719-062,RUA LUÍS HENRIQUE,TUPIRY,PRAIA GRANDE
11712-220,RUA LEOPOLDO FRÓIS,MELVI,PRAIA GRANDE
11704-070,RUA LÍBERO BADARÓ,OCIAN,PRAIA GRANDE
11709-270,RUA LUÍS DE CAMÕES,SOLEMAR,PRAIA GRANDE
11713-200,RUA LORENZO FERNANDEZ,SAMAMBAIA,PRAIA GRANDE
11712-140,RUA LUIZ MARTINS PENA,MELVI,PRAIA GRANDE
11718-245,RUA LUIZ LOPES RODRIGUES,QUIETUDE,PRAIA GRANDE
11724-070,RUA LUIZ DOS SANTOS REIS,SÍTIO DO CAMPO,PRAIA GRANDE
11720-170,RUA LUZIA BORBA RANCIARO,ANTÁRTICA,PRAIA GRANDE
11705-075,RUA LEONIDE MARIA DE LIMA,MIRIM,PRAIA GRANDE
11724-120,RUA LUIZ GONZAGA DA SILVA,SÍTIO DO CAMPO,PRAIA GRANDE
11725-460,RUA LAURITY PINTO RALHADO,SÍTIO DO CAMPO,PRAIA GRANDE
11710-135,RUA LUCIANO ROCHA GAMARRA,CIDADE DA CRIANÇA,PRAIA GRANDE
11704-470,RUA LEONIDE MARIA DE LIMA,OCIAN,PRAIA GRANDE
11710-010,RUA LÚCIA BARANA BARBOSA,CIDADE DA CRIANÇA,PRAIA GRANDE
11725-200,RUA LYDA MONTEIRO DA SILVA,SÍTIO DO CAMPO,PRAIA GRANDE
11723-150,RUA LUCAS DA SILVA MARQUES,VILA SÔNIA,PRAIA GRANDE
11723-080,RUA LAURENCI MELO DE PAULA,VILA SÔNIA,PRAIA GRANDE
11712-170,RUA LEOPOLDO AUGUSTO MIGUEZ,MELVI,PRAIA GRANDE
11720-050,RUA LEONORA CEMBROLI MARTINS,ANTÁRTICA,PRAIA GRANDE
11719-080,RUA LAERTE FORTUNA DE CARVALHO,TUPIRY,PRAIA GRANDE
11726-035,RUA LEONICE DAS NEVES OLIVEIRA,SÍTIO DO CAMPO,PRAIA GRANDE
11711-180,RUA LINDAURA DOS SANTOS AGUIAR,PRINCESA,PRAIA GRANDE
11722-380,RUA LAURO SEBASTIÃO MAGALHÃES,VILA SÔNIA,PRAIA GRANDE
11721-305,RUA LUCIA CANUTO SANTOS DA SILVA,GLÓRIA,PRAIA GRANDE
11721-267,RUA LUCIA CANUTO SANTOS DA SILVA,ANTÁRTICA,PRAIA GRANDE
11701-055,RUA LUIZ ALBERTO DE SOUZA BORGES,BOQUEIRÃO,PRAIA GRANDE
11705-060,RUA LINA MARIA PASQUALI IANNELLI,MIRIM,PRAIA GRANDE
11721-180,RUA LEILA MARIA DE BARROS MONTEIRO,ANTÁRTICA,PRAIA GRANDE
11701-040,RUA LUIZ ANTÔNIO DE ANDRADE VIEIRA,BOQUEIRÃO,PRAIA GRANDE
11707-165,RUA LOURDES CELESTE PEREIRA TOLENTINO,CAIÇARA,PRAIA GRANDE
11703-150,RUA MURA,TUPI,PRAIA GRANDE
11710-280,RUA MARFIM,CIDADE DA CRIANÇA,PRAIA GRANDE
11701-100,RUA MOCOCA,BOQUEIRÃO,PRAIA GRANDE
11703-090,RUA MAUÉS,TUPI,PRAIA GRANDE
11713-270,RUA MÉXICO,SAMAMBAIA,PRAIA GRANDE
11702-100,RUA MÉXICO,GUILHERMINA,PRAIA GRANDE
11701-150,RUA MARÍLIA,BOQUEIRÃO,PRAIA GRANDE
11703-710,RUA MEINACOS,TUPI,PRAIA GRANDE
11707-050,RUA MARINGÁ,CAIÇARA,PRAIA GRANDE
11708-060,RUA MARGARIDA,REAL,PRAIA GRANDE
11708-020,RUA MALMEQUER,REAL,PRAIA GRANDE
11701-610,RUA MARAJOARA,GUILHERMINA,PRAIA GRANDE
11703-570,RUA MORUBIXABA,TUPI,PRAIA GRANDE
11703-750,RUA MARAJOARAS,TUPI,PRAIA GRANDE
11702-570,RUA MEM DE SÁ,AVIAÇÃO,PRAIA GRANDE
11722-030,RUA MARIA PEREZ,VILA SÔNIA,PRAIA GRANDE
11704-610,RUA MICHEL ALCA,MIRIM,PRAIA GRANDE
11703-760,RUA MUIRAQUITÃ,TUPI,PRAIA GRANDE
11712-180,RUA MONTE SERRAT,MELVI,PRAIA GRANDE
11719-000,RUA MANOEL ALVES,TUPIRY,PRAIA GRANDE
11718-127,RUA MONTE ALEGRE,ANHANGUERA,PRAIA GRANDE
11705-500,RUA MÁRIO DAIGE,MARACANÃ,PRAIA GRANDE
11710-115,RUA MADREPÉROLA,CIDADE DA CRIANÇA,PRAIA GRANDE
11709-060,RUA MILTON BARATI,SOLEMAR,PRAIA GRANDE
11706-260,RUA MARIA TOGNINI,CAIÇARA,PRAIA GRANDE
11722-020,RUA MIGUEL GUERRA,VILA SÔNIA,PRAIA GRANDE
11702-720,RUA MONTE CASTELO,AVIAÇÃO,PRAIA GRANDE
11706-280,RUA MAURICY MOURA,CAIÇARA,PRAIA GRANDE
11704-000,RUA MARTINS FONTES,TUPI,PRAIA GRANDE
11708-330,RUA MÁRIO POSSANI,FLÓRIDA,PRAIA GRANDE
11718-140,RUA MILTON DANIELS,QUIETUDE,PRAIA GRANDE
11700-420,RUA MARCÍLIO DIAS,CANTO DO FORTE,PRAIA GRANDE
11724-140,RUA MATEUS CIPULLO,SÍTIO DO CAMPO,PRAIA GRANDE
11709-240,RUA MANOEL BANDEIRA,SOLEMAR,PRAIA GRANDE
11700-740,RUA MARECHAL RONDON,CANTO DO FORTE,PRAIA GRANDE
11704-150,RUA MONTEIRO LOBATO,OCIAN,PRAIA GRANDE
11721-080,RUA MARIA CAO VIÑO,ANTÁRTICA,PRAIA GRANDE
11724-040,RUA MÁRIO IANNELLI,SÍTIO DO CAMPO,PRAIA GRANDE
11713-630,RUA MESTRE VALENTIM,ESMERALDA,PRAIA GRANDE
11700-180,RUA MÁRIO TAMASHIRO,CANTO DO FORTE,PRAIA GRANDE
11709-340,RUA MACHADO DE ASSIS,SOLEMAR,PRAIA GRANDE
11700-620,RUA MAJOR RUBENS VAZ,CANTO DO FORTE,PRAIA GRANDE
11725-210,RUA MARTIN FRANCISCO,SÍTIO DO CAMPO,PRAIA GRANDE
11700-055,RUA MÁRIO TAMASHIRO,BOQUEIRÃO,PRAIA GRANDE
11719-050,RUA MOACYR DE CAMARGO,TUPIRY,PRAIA GRANDE
11724-150,RUA MARLENE FIGUERÔA,GLÓRIA,PRAIA GRANDE
11711-700,RUA MANJUBA-DE-IGUAPE,IMPERADOR,PRAIA GRANDE
11704-120,RUA MÁRIO DE ANDRADE,OCIAN,PRAIA GRANDE
11707-230,RUA MARQUÊS DE OLINDA,REAL,PRAIA GRANDE
11707-280,RUA MARQUÊS DE HERVAL,REAL,PRAIA GRANDE
11710-080,RUA NOVE,CIDADE DA CRIANÇA,PRAIA GRANDE
11713-410,RUA NOVE,ESMERALDA,PRAIA GRANDE
11712-270,RUA NOVE,MELVI,PRAIA GRANDE
11726-060,RUA NOVE,SÍTIO DO CAMPO,PRAIA GRANDE
11709-040,RUA NOEL ROSA,SOLEMAR,PRAIA GRANDE
11702-240,RUA NICARÁGUA,GUILHERMINA,PRAIA GRANDE
11718-155,RUA NICOLAU PAAL,QUIETUDE,PRAIA GRANDE
11704-770,RUA NOVE DE JULHO,MIRIM,PRAIA GRANDE
11721-235,RUA NESTOR DA SILVA,ANTÁRTICA,PRAIA GRANDE
11717-540,RUA NAÇÕES UNIDAS,ANHANGUERA,PRAIA GRANDE
11714-350,RUA NÍSIA FLORESTA,RIBEIRÓPOLIS,PRAIA GRANDE
11725-470,RUA NICOLA BOZZELLA,SÍTIO DO CAMPO,PRAIA GRANDE
11718-260,RUA NILO JOSÉ MAFRA,QUIETUDE,PRAIA GRANDE
11722-305,RUA NAIR FERREIRA DA SILVA,VILA SÔNIA,PRAIA GRANDE
11717-150,RUA NOSSO SENHOR DO BONFIM,NOVA MIRIM,PRAIA GRANDE
11704-250,RUA NILZA FERREIRA GENÁRIO,OCIAN,PRAIA GRANDE
11722-185,RUA NELSON VELLOSO RODRIGUES,VILA SÔNIA,PRAIA GRANDE
11719-130,RUA NANCYR FELICIANO DE OLIVEIRA,TUPIRY,PRAIA GRANDE
11717-180,RUA NOSSA SENHORA DA CONCEIÇÃO,NOVA MIRIM,PRAIA GRANDE
11706-010,RUA NOSSA SENHORA DE PRAIA GRANDE,CAIÇARA,PRAIA GRANDE
11711-555,RUA NORBERTO FLORÊNCIO DOS ANJOS,PRINCESA,PRAIA GRANDE
11706-100,RUA NESTOR FERREIRA DA ROCHA JÚNIOR,CAIÇARA,PRAIA GRANDE
11705-645,RUA NESTOR FERREIRA DA ROCHA JÚNIOR,MARACANÃ,PRAIA GRANDE
11711-220,RUA NELSON DOS SANTOS ALCATRÃO JÚNIOR,PRINCESA,PRAIA GRANDE
11714-600,RUA ONZE,RIBEIRÓPOLIS,PRAIA GRANDE
11722-310,RUA OITO,VILA SÔNIA,PRAIA GRANDE
11713-430,RUA ONZE,ESMERALDA,PRAIA GRANDE
11713-400,RUA OITO,ESMERALDA,PRAIA GRANDE
11713-095,RUA OITO,SAMAMBAIA,PRAIA GRANDE
11712-260,RUA OITO,MELVI,PRAIA GRANDE
11717-013,RUA ONIX,NOVA MIRIM,PRAIA GRANDE
11718-190,RUA ONZE,QUIETUDE,PRAIA GRANDE
11711-250,RUA ONZE,PRINCESA,PRAIA GRANDE
11726-080,RUA ONZE,SÍTIO DO CAMPO,PRAIA GRANDE
11710-220,RUA OPALA,CIDADE DA CRIANÇA,PRAIA GRANDE
11711-770,RUA OLHETE,IMPERADOR,PRAIA GRANDE
11721-280,RUA OLGA COLI,GLÓRIA,PRAIA GRANDE
11704-200,RUA OLAVO BILAC,OCIAN,PRAIA GRANDE
11701-360,RUA OSWALDO CRUZ,BOQUEIRÃO,PRAIA GRANDE
11704-640,RUA ONZE DE JUNHO,MIRIM,PRAIA GRANDE
11711-240,RUA ONÇA-PINTADA,PRINCESA,PRAIA GRANDE
11725-125,RUA ONOFRE CECCON,SÍTIO DO CAMPO,PRAIA GRANDE
11704-775,RUA ONZE DE AGOSTO,MIRIM,PRAIA GRANDE
11707-150,RUA ORESTE BORLONI,CAIÇARA,PRAIA GRANDE
11721-060,RUA ODETTE SALIMÃO,ANTÁRTICA,PRAIA GRANDE
11709-080,RUA ORESTES BARBOSA,SOLEMAR,PRAIA GRANDE
11702-540,RUA OSVALDO SAMPAIO,AVIAÇÃO,PRAIA GRANDE
11724-755,RUA OSMAR MARTINATTI,TUPIRY,PRAIA GRANDE
11704-840,RUA OSMAR ANTONIOLLI,MIRIM,PRAIA GRANDE
11704-720,RUA OITO DE DEZEMBRO,MIRIM,PRAIA GRANDE
11700-340,RUA OTHÍLIA SANCHES,CANTO DO FORTE,PRAIA GRANDE
11714-570,RUA OLEGÁRIO MARIANO,RIBEIRÓPOLIS,PRAIA GRANDE
11709-460,RUA OSWALDO DE ANDRADE,SOLEMAR,PRAIA GRANDE
11718-280,RUA OSVALDO FIGUEIREDO,QUIETUDE,PRAIA GRANDE
11704-420,RUA OCEÂNICA AMÁBILE,OCIAN,PRAIA GRANDE
11701-120,RUA OSWALDO DE OLIVEIRA,BOQUEIRÃO,PRAIA GRANDE
11711-130,RUA ODAIR PENELLAS BAETA,PRINCESA,PRAIA GRANDE
11718-320,RUA ODUVALDO D. BRUZZETTI,QUIETUDE,PRAIA GRANDE
11717-440,RUA OSCAR MENEZES BARBOSA,ANHANGUERA,PRAIA GRANDE
11700-700,RUA OTELO RODRIGUES FRANCO,CANTO DO FORTE,PRAIA GRANDE
11722-200,RUA OLGA DE ALMEIDA MACHADO,VILA SÔNIA,PRAIA GRANDE
11710-030,RUA ONOFRE DOS SANTOS GOMES,CIDADE DA CRIANÇA,PRAIA GRANDE
11717-305,RUA OTACÍLIA DA LUZ BRASIL,ANHANGUERA,PRAIA GRANDE
11702-500,RUA OPHÉLIA CACCETARI REIS,AVIAÇÃO,PRAIA GRANDE
11717-300,RUA OTACÍLIA DA LUZ BRASIL,ANHANGUERA,PRAIA GRANDE
11704-655,RUA OSWALDO SALVADOR TROVÃO,MIRIM,PRAIA GRANDE
11706-145,RUA ORDACI FORTUNATO DE ABREU,CAIÇARA,PRAIA GRANDE
11718-300,RUA OSWALDO AUGUSTO DE CAMPOS,QUIETUDE,PRAIA GRANDE
11718-015,RUA OLIVA MIRANDA DE OLIVEIRA,ANHANGUERA,PRAIA GRANDE
11724-360,RUA OSVALDO VALENTINO DE OLIVEIRA,SÍTIO DO CAMPO,PRAIA GRANDE
11711-595,RUA OLÍMPIO PEREIRA DO NASCIMENTO,PRINCESA,PRAIA GRANDE
11717-055,RUA P,NOVA MIRIM,PRAIA GRANDE
11701-450,RUA PERY,GUILHERMINA,PRAIA GRANDE
11707-510,RUA POÁ,REAL,PRAIA GRANDE
11702-250,RUA PERU,GUILHERMINA,PRAIA GRANDE
11703-380,RUA PURI,TUPI,PRAIA GRANDE
11703-600,RUA POTI,TUPI,PRAIA GRANDE
11711-750,RUA PARU,IMPERADOR,PRAIA GRANDE
11700-110,RUA PARÁ,BOQUEIRÃO,PRAIA GRANDE
11707-410,RUA PRATA,REAL,PRAIA GRANDE
11707-400,RUA PILAR,REAL,PRAIA GRANDE
11703-330,RUA PAJÉ,TUPI,PRAIA GRANDE
11702-120,RUA PANAMÁ,GUILHERMINA,PRAIA GRANDE
11713-250,RUA PANAMÁ,SAMAMBAIA,PRAIA GRANDE
11701-660,RUA PEREQUÊ,GUILHERMINA,PRAIA GRANDE
11700-130,RUA PARAÍBA,BOQUEIRÃO,PRAIA GRANDE
11702-070,RUA PARAGUAI,GUILHERMINA,PRAIA GRANDE
11703-000,RUA PAUMARIS,TUPI,PRAIA GRANDE
11708-050,RUA PRIMAVERA,REAL,PRAIA GRANDE
11704-180,RUA PAULA NEY,OCIAN,PRAIA GRANDE
11710-300,RUA PROJETADA,CIDADE DA CRIANÇA,PRAIA GRANDE
11718-057,RUA PROGRESSO,ANHANGUERA,PRAIA GRANDE
11720-160,RUA PROFUNDIR,ANTÁRTICA,PRAIA GRANDE
11704-010,RUA PARTICULAR,TUPI,PRAIA GRANDE
11711-760,RUA PARGO ROSA,IMPERADOR,PRAIA GRANDE
11700-010,RUA PERNAMBUCO,BOQUEIRÃO,PRAIA GRANDE
11703-230,RUA POTIGUARES,TUPI,PRAIA GRANDE
11704-570,RUA PARTICULAR,OCIAN,PRAIA GRANDE
11711-730,RUA PEIXE GALO,IMPERADOR,PRAIA GRANDE
11710-310,RUA PROJETADA F,CIDADE DA CRIANÇA,PRAIA GRANDE
11724-720,RUA PITANGUEIRA,TUPIRY,PRAIA GRANDE
11710-320,RUA PROJETADA E,CIDADE DA CRIANÇA,PRAIA GRANDE
11710-330,RUA PROJETADA D,CIDADE DA CRIANÇA,PRAIA GRANDE
11701-904,RUA PONTA PORÃ,BOQUEIRÃO,PRAIA GRANDE
11701-020,RUA PONTA PORÃ,BOQUEIRÃO,PRAIA GRANDE
11724-455,RUA PERY RIBEIRO,TUPIRY,PRAIA GRANDE
11722-320,RUA PARTICULAR A,VILA SÔNIA,PRAIA GRANDE
11709-480,RUA PAULO COKELY,SOLEMAR,PRAIA GRANDE
11704-255,RUA PARTICULAR B,OCIAN,PRAIA GRANDE
11724-497,RUA PROJETADA UM,TUPIRY,PRAIA GRANDE
11704-345,RUA PAULO RIBEIRO,OCIAN,PRAIA GRANDE
11725-380,RUA PADRE GASTÃO,SÍTIO DO CAMPO,PRAIA GRANDE
11701-022,RUA PARTICULAR UM,BOQUEIRÃO,PRAIA GRANDE
11704-540,RUA PASCHOAL CONZO,OCIAN,PRAIA GRANDE
11713-470,RUA PAULO SETÚBAL,ESMERALDA,PRAIA GRANDE
11701-690,RUA PEDRO FLORINDO,GUILHERMINA,PRAIA GRANDE
11717-050,RUA PAULO LUCÂNIA,NOVA MIRIM,PRAIA GRANDE
11724-479,RUA PROJETADA TRÊS,TUPIRY,PRAIA GRANDE
11707-330,RUA PRINCESA ISABEL,REAL,PRAIA GRANDE
11722-315,RUA PARTICULAR NOVE,VILA SÔNIA,PRAIA GRANDE
11724-060,RUA PLÍNIO SALGADO,SÍTIO DO CAMPO,PRAIA GRANDE
11702-230,RUA QUITO,GUILHERMINA,PRAIA GRANDE
11726-100,RUA QUATRO,SÍTIO DO CAMPO,PRAIA GRANDE
11714-100,RUA QUATRO,RIBEIRÓPOLIS,PRAIA GRANDE
11712-350,RUA QUATRO,MELVI,PRAIA GRANDE
11704-715,RUA QUINZE,MIRIM,PRAIA GRANDE
11717-045,RUA QUATRO,NOVA MIRIM,PRAIA GRANDE
11717-074,RUA QUARTZO,NOVA MIRIM,PRAIA GRANDE
11713-460,RUA QUATORZE,ESMERALDA,PRAIA GRANDE
11711-530,RUA QUARENTA,IMPERADOR,PRAIA GRANDE
11711-540,RUA QUARENTA E UM,IMPERADOR,PRAIA GRANDE
11711-590,RUA QUARENTA E SEIS,IMPERADOR,PRAIA GRANDE
11711-610,RUA QUARENTA E OITO,IMPERADOR,PRAIA GRANDE
11711-620,RUA QUARENTA E NOVE,IMPERADOR,PRAIA GRANDE
11711-550,RUA QUARENTA E DOIS,IMPERADOR,PRAIA GRANDE
11711-600,RUA QUARENTA E SETE,IMPERADOR,PRAIA GRANDE
11711-580,RUA QUARENTA E CINCO,IMPERADOR,PRAIA GRANDE
11711-560,RUA QUARENTA E TRÊS,IMPERADOR,PRAIA GRANDE
11711-570,RUA QUARENTA E QUATRO,IMPERADOR,PRAIA GRANDE
11704-680,RUA QUINZE DE NOVEMBRO,MIRIM,PRAIA GRANDE
11710-210,RUA RUBI,CIDADE DA CRIANÇA,PRAIA GRANDE
11711-780,RUA RONCADOR,IMPERADOR,PRAIA GRANDE
11724-210,RUA ROMEU TUMA,GLÓRIA,PRAIA GRANDE
11712-375,RUA ROSA MARIA,MELVI,PRAIA GRANDE
11713-600,RUA RUBEM BRAGA,ESMERALDA,PRAIA GRANDE
11705-640,RUA RAJA ATIQUE,MARACANÃ,PRAIA GRANDE
11700-170,RUA RUI BARBOSA,CANTO DO FORTE,PRAIA GRANDE
11704-370,RUA REMO STEFANI,OCIAN,PRAIA GRANDE
11714-590,RUA RAUL DE LEONI,RIBEIRÓPOLIS,PRAIA GRANDE
11714-240,RUA RAMIZ GALVÃO,RIBEIRÓPOLIS,PRAIA GRANDE
11713-580,RUA ROQUETE PINTO,ESMERALDA,PRAIA GRANDE
11703-700,RUA RAFAEL FARISCO,TUPI,PRAIA GRANDE
11700-050,RUA RIO DE JANEIRO,BOQUEIRÃO,PRAIA GRANDE
11723-160,RUA ROBERTO SANTOS,VILA SÔNIA,PRAIA GRANDE
11700-160,RUA RODRIGUES ALVES,CANTO DO FORTE,PRAIA GRANDE
11717-520,RUA ROBERTO ANDRAUS,ANHANGUERA,PRAIA GRANDE
11706-008,RUA ROBERTO BARRELLA,CAIÇARA,PRAIA GRANDE
11714-505,RUA RAIMUNDO CORREIA,RIBEIRÓPOLIS,PRAIA GRANDE
11705-670,RUA ROBERTO BARRELLA,MARACANÃ,PRAIA GRANDE
11704-530,RUA REINALDO MARSILLI,OCIAN,PRAIA GRANDE
11713-520,RUA RACHEL DE QUEIROZ,ESMERALDA,PRAIA GRANDE
11717-420,RUA RAPHAEL BABUNOVICH,ANHANGUERA,PRAIA GRANDE
11714-580,RUA RONALD DE CARVALHO,RIBEIRÓPOLIS,PRAIA GRANDE
11724-160,RUA REINALDO DOS SANTOS,GLÓRIA,PRAIA GRANDE
11721-310,RUA RAMIRO PINTO BONFIM,GLÓRIA,PRAIA GRANDE
11705-080,RUA ROSA MARLI DE SOUZA,MIRIM,PRAIA GRANDE
11722-250,RUA ROSALINA SANTOS ROSA,VILA SÔNIA,PRAIA GRANDE
11717-430,RUA RENATA CÂMARA AGONDI,ANHANGUERA,PRAIA GRANDE
11705-082,RUA RICHARD BARBOSA HORTA,MIRIM,PRAIA GRANDE
11706-165,RUA RAQUEL GOUVEIA E SILVA,CAIÇARA,PRAIA GRANDE
11702-280,RUA RUBENS FERREIRA MARTINS,GUILHERMINA,PRAIA GRANDE
11706-302,RUA ROSA CARDOSO DE FRANÇA,CAIÇARA,PRAIA GRANDE
11721-270,RUA ROGÉRIO ANTÔNIO ARONE,ANTÁRTICA,PRAIA GRANDE
11700-510,RUA RAFAEL CEZARINO DA SILVA,CANTO DO FORTE,PRAIA GRANDE
11707-200,RUA RENATO FRANCISCO DE SOUZA,REAL,PRAIA GRANDE
11702-025,RUA RICHARD ZOLOTAREFF CECCON,GUILHERMINA,PRAIA GRANDE
11707-210,RUA RAILTON BARBOSA DOS SANTOS,REAL,PRAIA GRANDE
11703-130,RUA RUBENS GONÇALVES DE FREITAS,TUPI,PRAIA GRANDE
11718-330,RUA RUY MANOEL SAMPAIO SEABRA PEREIRA,QUIETUDE,PRAIA GRANDE
11723-100,RUA S,VILA SÔNIA,PRAIA GRANDE
11726-040,RUA SETE,SÍTIO DO CAMPO,PRAIA GRANDE
11714-120,RUA SEIS,RIBEIRÓPOLIS,PRAIA GRANDE
11713-390,RUA SETE,ESMERALDA,PRAIA GRANDE
11725-140,RUA SEIS,SÍTIO DO CAMPO,PRAIA GRANDE
11704-505,RUA SEIS,OCIAN,PRAIA GRANDE
11703-720,RUA SUIAS,TUPI,PRAIA GRANDE
11710-270,RUA SAFIRA,CIDADE DA CRIANÇA,PRAIA GRANDE
11709-400,RUA SAIÃO,SOLEMAR,PRAIA GRANDE
11702-000,RUA SURINAME,GUILHERMINA,PRAIA GRANDE
11706-080,RUA SÃO BENTO,CAIÇARA,PRAIA GRANDE
11706-210,RUA SÃO JOSÉ,CAIÇARA,PRAIA GRANDE
11706-170,RUA SÃO JOÃO,CAIÇARA,PRAIA GRANDE
11706-040,RUA SANTA LUZIA,CAIÇARA,PRAIA GRANDE
11707-470,RUA SERRA NEGRA,REAL,PRAIA GRANDE
11706-160,RUA SÃO THOMÉ,CAIÇARA,PRAIA GRANDE
11725-400,RUA SAID SAADEH,SÍTIO DO CAMPO,PRAIA GRANDE
11722-150,RUA SÍLVIA DIAS,VILA SÔNIA,PRAIA GRANDE
11701-290,RUA SÃO VICENTE,BOQUEIRÃO,PRAIA GRANDE
11701-230,RUA SÃO CAETANO,BOQUEIRÃO,PRAIA GRANDE
11701-830,RUA SÃO SALVADOR,GUILHERMINA,PRAIA GRANDE
11706-250,RUA SÃO BENEDITO,CAIÇARA,PRAIA GRANDE
11717-460,RUA SERRA DA LEOA,ANHANGUERA,PRAIA GRANDE
11706-380,RUA SÃO DOMINGOS,CAIÇARA,PRAIA GRANDE
11701-240,RUA SÃO BERNARDO,BOQUEIRÃO,PRAIA GRANDE
11717-900,RUA SERRA DA LEOA,MIRIM,PRAIA GRANDE
11714-220,RUA SÍLVIO ROMERO,RIBEIRÓPOLIS,PRAIA GRANDE
11700-040,RUA SANTA CATARINA,BOQUEIRÃO,PRAIA GRANDE
11724-480,RUA SANTA CLARA II,TUPIRY,PRAIA GRANDE
11706-020,RUA SANTA CECÍLIA,CAIÇARA,PRAIA GRANDE
11706-030,RUA SANTA BÁRBARA,CAIÇARA,PRAIA GRANDE
11707-490,RUA SÃO LOURENÇO,REAL,PRAIA GRANDE
11706-200,RUA SANTO ANTÔNIO,CAIÇARA,PRAIA GRANDE
11706-150,RUA SANTO AGOSTINHO,CAIÇARA,PRAIA GRANDE
11706-070,RUA SANTA TEREZINHA,CAIÇARA,PRAIA GRANDE
11711-565,RUA SANTO MARINELLI,PRINCESA,PRAIA GRANDE
11721-200,RUA SAMAEL AUN WEOR,ANTÁRTICA,PRAIA GRANDE
11717-170,RUA SANTO ANASTÁCIO,NOVA MIRIM,PRAIA GRANDE
11717-175,RUA SANTA ANASTÁCIA,NOVA MIRIM,PRAIA GRANDE
11704-830,RUA SETE DE SETEMBRO,MIRIM,PRAIA GRANDE
11706-230,RUA SÃO CRISTÓVÃO,CAIÇARA,PRAIA GRANDE
11722-170,RUA SÉRGIO GREGÓRIO,VILA SÔNIA,PRAIA GRANDE
11724-540,RUA SAMBISTA JAMELÃO,TUPIRY,PRAIA GRANDE
11724-760,RUA SABIÁ-LARANJEIRA,TUPIRY,PRAIA GRANDE
11706-420,RUA SALVADOR MOLINARI,CAIÇARA,PRAIA GRANDE
11704-590,RUA SANTANA DO IPANEMA,OCIAN,PRAIA GRANDE
11725-160,RUA SATURNINO DE BRITO,SÍTIO DO CAMPO,PRAIA GRANDE
11724-300,RUA SÁTIRO DE OLIVEIRA,SÍTIO DO CAMPO,PRAIA GRANDE
11702-510,RUA SENADOR NILO COELHO,AVIAÇÃO,PRAIA GRANDE
11718-180,RUA SAVÉRIO FITTIPALDI,QUIETUDE,PRAIA GRANDE
11702-345,RUA T,AVIAÇÃO,PRAIA GRANDE
11703-260,RUA TUPI,TUPI,PRAIA GRANDE
11704-607,RUA TRÊS,MIRIM,PRAIA GRANDE
11723-120,RUA TRÊS,VILA SÔNIA,PRAIA GRANDE
11714-620,RUA TREZE,RIBEIRÓPOLIS,PRAIA GRANDE
11713-230,RUA TREZE,SAMAMBAIA,PRAIA GRANDE
11703-180,RUA TUPÃ,TUPI,PRAIA GRANDE
11717-220,RUA TREZE,NOVA MIRIM,PRAIA GRANDE
11707-055,RUA TRÊS,CAIÇARA,PRAIA GRANDE
11713-450,RUA TREZE,ESMERALDA,PRAIA GRANDE
11712-340,RUA TRÊS,MELVI,PRAIA GRANDE
11702-490,RUA TUIUTI,AVIAÇÃO,PRAIA GRANDE
11718-090,RUA TRINTA,ANHANGUERA,PRAIA GRANDE
11711-430,RUA TRINTA,IMPERADOR,PRAIA GRANDE
11725-500,RUA TRINTA,SÍTIO DO CAMPO,PRAIA GRANDE
11703-190,RUA TUCANO,TUPI,PRAIA GRANDE
11701-590,RUA TIJUCA,GUILHERMINA,PRAIA GRANDE
11703-140,RUA TAMOIOS,TUPI,PRAIA GRANDE
11703-310,RUA TAPUIAS,TUPI,PRAIA GRANDE
11703-340,RUA TAPAJÓS,TUPI,PRAIA GRANDE
11701-460,RUA TURIASSU,GUILHERMINA,PRAIA GRANDE
11703-370,RUA TIMBIRAS,TUPI,PRAIA GRANDE
11710-160,RUA TOPÁZIO,CIDADE DA CRIANÇA,PRAIA GRANDE
11710-230,RUA TURMALINA,CIDADE DA CRIANÇA,PRAIA GRANDE
11700-290,RUA TIRADENTES,CANTO DO FORTE,PRAIA GRANDE
11711-440,RUA TRINTA E UM,IMPERADOR,PRAIA GRANDE
11703-530,RUA TUPINIQUINS,TUPI,PRAIA GRANDE
11703-020,RUA TUPINAMBÁS,TUPI,PRAIA GRANDE
11708-090,RUA TRÊS MARIAS,REAL,PRAIA GRANDE
11711-490,RUA TRINTA E SEIS,IMPERADOR,PRAIA GRANDE
11718-120,RUA TRINTA E SEIS,ANHANGUERA,PRAIA GRANDE
11704-660,RUA TREZE DE MAIO,MIRIM,PRAIA GRANDE
11711-510,RUA TRINTA E OITO,IMPERADOR,PRAIA GRANDE
11718-130,RUA TRINTA E OITO,ANHANGUERA,PRAIA GRANDE
11723-250,RUA TRINTA E DOIS,VILA SÔNIA,PRAIA GRANDE
11711-520,RUA TRINTA E NOVE,IMPERADOR,PRAIA GRANDE
11711-450,RUA TRINTA E DOIS,IMPERADOR,PRAIA GRANDE
11711-500,RUA TRINTA E SETE,IMPERADOR,PRAIA GRANDE
11722-470,RUA TRINTA E TRÊS,VILA SÔNIA,PRAIA GRANDE
11702-860,RUA TIAGO FERREIRA,AVIAÇÃO,PRAIA GRANDE
11711-480,RUA TRINTA E CINCO,IMPERADOR,PRAIA GRANDE
11714-270,RUA TAVARES BASTOS,RIBEIRÓPOLIS,PRAIA GRANDE
11711-460,RUA TRINTA E TRÊS,IMPERADOR,PRAIA GRANDE
11719-170,RUA TANCREDO NEVES,TUPIRY,PRAIA GRANDE
11711-470,RUA TRINTA E QUATRO,IMPERADOR,PRAIA GRANDE
11718-110,RUA TRINTA E QUATRO,ANHANGUERA,PRAIA GRANDE
11722-490,RUA TRINTA E QUATRO,VILA SÔNIA,PRAIA GRANDE
11702-840,RUA THOMÉ DE SOUZA,AVIAÇÃO,PRAIA GRANDE
11702-420,RUA TEREZA CRISTINA,AVIAÇÃO,PRAIA GRANDE
11714-200,RUA TEODORO SAMPAIO,RIBEIRÓPOLIS,PRAIA GRANDE
11726-120,RUA UM,SÍTIO DO CAMPO,PRAIA GRANDE
11712-185,RUA UM,MELVI,PRAIA GRANDE
11704-602,RUA UM,MIRIM,PRAIA GRANDE
11701-410,RUA URCA,GUILHERMINA,PRAIA GRANDE
11703-480,RUA UMUTINA,TUPI,PRAIA GRANDE
11702-300,RUA URUGUAI,GUILHERMINA,PRAIA GRANDE
11703-350,RUA UIRAPURU,TUPI,PRAIA GRANDE
11725-040,RUA UBALDO PINTO,SÍTIO DO CAMPO,PRAIA GRANDE
11725-180,RUA URBANO CALDEIRA,SÍTIO DO CAMPO,PRAIA GRANDE
11725-145,RUA V,SÍTIO DO CAMPO,PRAIA GRANDE
11705-035,RUA VINTE,MIRIM,PRAIA GRANDE
11718-150,RUA VINTE,QUIETUDE,PRAIA GRANDE
11717-380,RUA VINTE,ANHANGUERA,PRAIA GRANDE
11722-450,RUA VINTE,VILA SÔNIA,PRAIA GRANDE
11702-260,RUA VENEZUELA,GUILHERMINA,PRAIA GRANDE
11711-390,RUA VINTE E SEIS,IMPERADOR,PRAIA GRANDE
11711-000,RUA VINTE E UM A,PRINCESA,PRAIA GRANDE
11705-055,RUA VINTE E DOIS,MIRIM,PRAIA GRANDE
11722-500,RUA VINTE E NOVE,VILA SÔNIA,PRAIA GRANDE
11711-410,RUA VINTE E OITO,IMPERADOR,PRAIA GRANDE
11717-250,RUA VINTE E SETE,NOVA MIRIM,PRAIA GRANDE
11711-420,RUA VINTE E NOVE,IMPERADOR,PRAIA GRANDE
11711-400,RUA VINTE E SETE,IMPERADOR,PRAIA GRANDE
11711-380,RUA VINTE E CINCO,IMPERADOR,PRAIA GRANDE
11702-660,RUA VASCO DA GAMA,AVIAÇÃO,PRAIA GRANDE
11711-360,RUA VINTE E TRÊS,PRINCESA,PRAIA GRANDE
11722-480,RUA VINTE E TRÊS,VILA SÔNIA,PRAIA GRANDE
11717-115,RUA VINTE E CINCO,NOVA MIRIM,PRAIA GRANDE
11708-250,RUA VITÓRIA REGIA,FLÓRIDA,PRAIA GRANDE
11711-060,RUA VINTE E SETE A,PRINCESA,PRAIA GRANDE
11711-050,RUA VINTE E SEIS A,PRINCESA,PRAIA GRANDE
11711-030,RUA VINTE E QUATRO,PRINCESA,PRAIA GRANDE
11711-010,RUA VINTE E DOIS A,PRINCESA,PRAIA GRANDE
11708-145,RUA VITÓRIA RÉGIA,REAL,PRAIA GRANDE
11721-290,RUA VIRGÍNIA RAMOS,GLÓRIA,PRAIA GRANDE
11711-020,RUA VINTE E TRÊS A,PRINCESA,PRAIA GRANDE
11711-040,RUA VINTE E CINCO A,PRINCESA,PRAIA GRANDE
11707-110,RUA VITÓRIO MORBIM,CAIÇARA,PRAIA GRANDE
11704-625,RUA VINTE DE JANEIRO,MIRIM,PRAIA GRANDE
11724-370,RUA VERÔNICA VASSÃO,SÍTIO DO CAMPO,PRAIA GRANDE
11707-370,RUA VISCONDE DE MAUÁ,REAL,PRAIA GRANDE
11707-360,RUA VISCONDE DE FARIA,REAL,PRAIA GRANDE
11714-520,RUA VIRGÍLIO VÁRZEA,RIBEIRÓPOLIS,PRAIA GRANDE
11707-191,RUA VISCONDE DE CAIRU,REAL,PRAIA GRANDE
11707-180,RUA VISCONDE DE CAIRU,CAIÇARA,PRAIA GRANDE
11705-030,RUA VALTER JOSÉ ALVES,MIRIM,PRAIA GRANDE
11717-530,RUA VITÓRIA DOS ANJOS,ANHANGUERA,PRAIA GRANDE
11713-550,RUA VALDOMIRO SILVEIRA,ESMERALDA,PRAIA GRANDE
11704-695,RUA VINÍCIUS DE MORAIS,MIRIM,PRAIA GRANDE
11707-260,RUA VISCONDE DO EMBARÉ,REAL,PRAIA GRANDE
11704-740,RUA VINTE E UM DE ABRIL,MIRIM,PRAIA GRANDE
11704-230,RUA VICENTE ÍTALO FEOLA,OCIAN,PRAIA GRANDE
11724-565,RUA VINTE E TRÊS DE MAIO,TUPIRY,PRAIA GRANDE
11704-690,RUA VINTE E TRÊS DE MAIO,MIRIM,PRAIA GRANDE
11724-100,RUA VITÓRIA PEREZ GARCIA,SÍTIO DO CAMPO,PRAIA GRANDE
11704-620,RUA VINTE E UM DE SETEMBRO,MIRIM,PRAIA GRANDE
11707-270,RUA VISCONDE DE TAMANDARÉ,REAL,PRAIA GRANDE
11707-250,RUA VISCONDE DE OURO PRETO,REAL,PRAIA GRANDE
11704-730,RUA VINTE E SEIS DE JANEIRO,MIRIM,PRAIA GRANDE
11721-285,RUA WALTER ROSSI,GLÓRIA,PRAIA GRANDE
11721-250,RUA WALTER ROSSI,ANTÁRTICA,PRAIA GRANDE
11717-020,RUA WALTER FELICIANO,NOVA MIRIM,PRAIA GRANDE
11704-825,RUA WALDEMAR SEYSSEL,MIRIM,PRAIA GRANDE
11704-560,RUA WALTER RAMACCIOTTI,OCIAN,PRAIA GRANDE
11720-180,RUA WALDEMAR P. COUTINHO,ANTÁRTICA,PRAIA GRANDE
11700-430,RUA XIXOVA,CANTO DO FORTE,PRAIA GRANDE
11711-720,RUA XINXARRO,IMPERADOR,PRAIA GRANDE
11703-300,RUA XAVANTES,TUPI,PRAIA GRANDE
11717-027,RUA ZENJI SASAKI,NOVA MIRIM,PRAIA GRANDE
11709-020,RUA ZEQUINHA DE ABREU,SOLEMAR,PRAIA GRANDE
11721-265,RUA ZULMIRA TARGINO DE OLIVEIRA,ANTÁRTICA,PRAIA GRANDE
11705-580,AVENIDA ANGELO PERINO,MARACANÃ,PRAIA GRANDE
11713-050,AVENIDA ALMEIDA JUNIOR,SAMAMBAIA,PRAIA GRANDE
11705-430,AVENIDA ANITA BARRELLA,MARACANÃ,PRAIA GRANDE
11705-050,AVENIDA ASTERIO GENARIO,MIRIM,PRAIA GRANDE
11714-490,AVENIDA ASCENSO FERREIRA,RIBEIRÓPOLIS,PRAIA GRANDE
11705-062,AVENIDA ALVARO DOS SANTOS,MIRIM,PRAIA GRANDE
11714-170,AVENIDA AGOSTINHO FERREIRA,RIBEIRÓPOLIS,PRAIA GRANDE
11726-989,AVENIDA AYRTON SENNA DA SILVA,XIXOVÁ,PRAIA GRANDE
11726-500,AVENIDA AYRTON SENNA DA SILVA,XIXOVÁ,PRAIA GRANDE
11726-900,AVENIDA AYRTON SENNA DA SILVA,XIXOVÁ,PRAIA GRANDE
11726-000,AVENIDA AYRTON SENNA DA SILVA,SÍTIO DO CAMPO,PRAIA GRANDE
11713-280,AVENIDA ANA PEREIRA DA FRANÇA,ESMERALDA,PRAIA GRANDE
11705-102,AVENIDA AMAURY FERES DE CASTRO,MIRIM,PRAIA GRANDE
11717-292,AVENIDA ANANIAS BATISTA MENEZES,ANHANGUERA,PRAIA GRANDE
11717-290,AVENIDA ANANIAS BATISTA MENEZES,ANHANGUERA,PRAIA GRANDE
11705-480,AVENIDA ALCIDES CANDIDO DOS SANTOS,MARACANÃ,PRAIA GRANDE
11701-090,AVENIDA BRASIL,BOQUEIRÃO,PRAIA GRANDE
11701-635,AVENIDA BRASIL,GUILHERMINA,PRAIA GRANDE
11706-480,AVENIDA BRASÍLIA,CAIÇARA,PRAIA GRANDE
11725-250,AVENIDA BENEDITO CALIXTO,SÍTIO DO CAMPO,PRAIA GRANDE
11712-020,AVENIDA BRIGADEIRO EDUARDO GOMES,MELVI,PRAIA GRANDE
11703-270,AVENIDA CAETÉS,TUPI,PRAIA GRANDE
11700-650,AVENIDA COSTA MACHADO,CANTO DO FORTE,PRAIA GRANDE
11705-110,AVENIDA CANAL MARIZANA,MIRIM,PRAIA GRANDE
11717-037,AVENIDA CASEMIRO DOMCEV,NOVA MIRIM,PRAIA GRANDE
11714-040,AVENIDA CLODOARDO AMARAL,RIBEIRÓPOLIS,PRAIA GRANDE
11704-510,AVENIDA CORONEL LUIZ DE CICCO,OCIAN,PRAIA GRANDE
11724-190,AVENIDA CELSO DE MARIA GLEREAN,GLÓRIA,PRAIA GRANDE
11705-420,AVENIDA CARLOS ALBERTO PERRONE,MARACANÃ,PRAIA GRANDE
11702-410,AVENIDA CARLOS MARTINIANO DE ANDRADE BITTENCOURT,AVIAÇÃO,PRAIA GRANDE
11712-530,AVENIDA DOS JATOBÁS,SAMAMBAIA,PRAIA GRANDE
11703-900,AVENIDA DOM PEDRO II,OCIAN,PRAIA GRANDE
11704-400,AVENIDA DOM PEDRO II,OCIAN,PRAIA GRANDE
11704-650,AVENIDA DOS SINDICATOS,MIRIM,PRAIA GRANDE
11725-000,AVENIDA DO TRABALHADOR,SÍTIO DO CAMPO,PRAIA GRANDE
11721-295,AVENIDA DO TRABALHADOR,GLÓRIA,PRAIA GRANDE
11704-585,AVENIDA DOS SINDICATOS,OCIAN,PRAIA GRANDE
11720-090,AVENIDA DO TRABALHADOR,ANTÁRTICA,PRAIA GRANDE
11723-000,AVENIDA DO TRABALHADOR,VILA SÔNIA,PRAIA GRANDE
11717-600,AVENIDA DA INTEGRAÇÃO,SANTA MARINA,PRAIA GRANDE
11712-490,AVENIDA DAS ARAUCÁRIAS,SAMAMBAIA,PRAIA GRANDE
11717-360,AVENIDA DA INTEGRAÇÃO,ANHANGUERA,PRAIA GRANDE
11717-285,AVENIDA DA INTEGRAÇÃO,NOVA MIRIM,PRAIA GRANDE
11712-570,AVENIDA DAS CASTANHEIRAS,SAMAMBAIA,PRAIA GRANDE
11712-670,AVENIDA DANTE BELLOMARIA,SAMAMBAIA,PRAIA GRANDE
11712-400,AVENIDA DO CORRETOR DE IMÓVEIS,SAMAMBAIA,PRAIA GRANDE
11725-080,AVENIDA DOUTOR ABRAHÃO RIBEIRO,SÍTIO DO CAMPO,PRAIA GRANDE
11725-010,AVENIDA DOUTOR ANTÔNIO SEVERIANO,SÍTIO DO CAMPO,PRAIA GRANDE
11709-490,AVENIDA DOUTOR ROBERTO DE ALMEIDA VINHAS,SOLEMAR,PRAIA GRANDE
11713-650,AVENIDA DIAMANTINO CRUZ FERREIRA MOURÃO,ESMERALDA,PRAIA GRANDE
11701-350,AVENIDA DOUTOR ROBERTO DE ALMEIDA VINHAS,BOQUEIRÃO,PRAIA GRANDE
11705-095,AVENIDA DOUTOR ROBERTO DE ALMEIDA VINHAS,MIRIM,PRAIA GRANDE
11716-000,AVENIDA DIAMANTINO CRUZ FERREIRA MOURÃO,ANDARAGUÁ,PRAIA GRANDE
11712-005,AVENIDA DIAMANTINO CRUZ FERREIRA MOURÃO,MELVI,PRAIA GRANDE
11703-500,AVENIDA DOUTOR ROBERTO DE ALMEIDA VINHAS,TUPI,PRAIA GRANDE
11712-680,AVENIDA DIAMANTINO CRUZ FERREIRA MOURÃO,SAMAMBAIA,PRAIA GRANDE
11711-790,AVENIDA DIAMANTINO CRUZ FERREIRA MOURÃO,IMPERADOR,PRAIA GRANDE
11702-360,AVENIDA DOUTOR ROBERTO DE ALMEIDA VINHAS,AVIAÇÃO,PRAIA GRANDE
11711-125,AVENIDA DIAMANTINO CRUZ FERREIRA MOURÃO,PRINCESA,PRAIA GRANDE
11702-215,AVENIDA DOUTOR ROBERTO DE ALMEIDA VINHAS,GUILHERMINA,PRAIA GRANDE
11708-525,AVENIDA DOUTOR ROBERTO DE ALMEIDA VINHAS,FLÓRIDA,PRAIA GRANDE
11704-270,AVENIDA DOUTOR ROBERTO DE ALMEIDA VINHAS,OCIAN,PRAIA GRANDE
11707-520,AVENIDA DOUTOR ROBERTO DE ALMEIDA VINHAS,REAL,PRAIA GRANDE
11706-600,AVENIDA DOUTOR ROBERTO DE ALMEIDA VINHAS,CAIÇARA,PRAIA GRANDE
11705-740,AVENIDA DOUTOR ROBERTO DE ALMEIDA VINHAS,MARACANÃ,PRAIA GRANDE
11704-652,COMUNIDADE URBANA AVENIDA DOS SINDICATOS,MIRIM,PRAIA GRANDE
11714-630,AVENIDA DIAMANTINO CRUZ FERREIRA MOURÃO,RIBEIRÓPOLIS,PRAIA GRANDE
11710-005,AVENIDA DIAMANTINO CRUZ FERREIRA MOURÃO,CIDADE DA CRIANÇA,PRAIA GRANDE
11705-900,AVENIDA DOUTOR ROBERTO DE ALMEIDA VINHAS,MIRIM,PRAIA GRANDE
11712-040,AVENIDA DOUTOR ANTONIO SYLVIO CUNHA BUENO,MELVI,PRAIA GRANDE
11717-237,AVENIDA DOUTOR GUILHERME PENTEADO DE CAMPOS,NOVA MIRIM,PRAIA GRANDE
11717-100,AVENIDA DOUTOR GUILHERME PENTEADO DE CAMPOS,NOVA MIRIM,PRAIA GRANDE
11714-140,AVENIDA DOUTOR ESMERALDO SOARES TARQUINIO DE CAMPOS FILHO,RIBEIRÓPOLIS,PRAIA GRANDE
11713-020,AVENIDA ESTADOS UNIDOS,SAMAMBAIA,PRAIA GRANDE
11700-500,AVENIDA ECOLÓGICA YOLANDA DA TRENTINE GIUFFRIDA,CANTO DO FORTE,PRAIA GRANDE
11714-450,AVENIDA FREI VICENTE DO SALVADOR,RIBEIRÓPOLIS,PRAIA GRANDE
11702-210,AVENIDA GUADALAJARA,GUILHERMINA,PRAIA GRANDE
11703-120,AVENIDA GUADALAJARA,TUPI,PRAIA GRANDE
11702-605,AVENIDA GUADALAJARA,AVIAÇÃO,PRAIA GRANDE
11701-500,AVENIDA GUILHERMINA,GUILHERMINA,PRAIA GRANDE
11705-490,AVENIDA GUIDO MANGIOCA,MARACANÃ,PRAIA GRANDE
11714-460,AVENIDA GABRIEL SOARES DE SOUZA,RIBEIRÓPOLIS,PRAIA GRANDE
11702-530,AVENIDA GENERAL MARCONDES SALGADO,AVIAÇÃO,PRAIA GRANDE
11714-480,AVENIDA HENRIQUETA LISBOA,RIBEIRÓPOLIS,PRAIA GRANDE
11713-320,AVENIDA HUGO DE CARVALHO RAMOS,ESMERALDA,PRAIA GRANDE
11713-290,AVENIDA HERMENEGILDO PEREIRA DE FRANÇA,ESMERALDA,PRAIA GRANDE
11725-320,AVENIDA IRMÃOS ADORNO,SÍTIO DO CAMPO,PRAIA GRANDE
11714-010,AVENIDA ILDA ROSA DA CUNHA,RIBEIRÓPOLIS,PRAIA GRANDE
11702-390,AVENIDA JORGE HAGGE,AVIAÇÃO,PRAIA GRANDE
11705-300,AVENIDA JOÃO ANDRÉ QUINTALE,MARACANÃ,PRAIA GRANDE
11713-060,AVENIDA JAIRO DE CAMARGO MARTINS,SAMAMBAIA,PRAIA GRANDE
11720-120,AVENIDA JOÃO BATISTA DE SIQUEIRA,ANTÁRTICA,PRAIA GRANDE
11713-295,AVENIDA JOSÉ LEANDRO DE CARVALHO,ESMERALDA,PRAIA GRANDE
11713-090,AVENIDA JOSÉ LEANDRO DE CARVALHO,SAMAMBAIA,PRAIA GRANDE
11717-110,AVENIDA JÚLIO PRESTES DE ALBUQUERQUE,NOVA MIRIM,PRAIA GRANDE
11707-205,AVENIDA JUSCELINO KUBITSCHEK DE OLIVEIRA,REAL,PRAIA GRANDE
11707-100,AVENIDA JUSCELINO KUBITSCHEK DE OLIVEIRA,CAIÇARA,PRAIA GRANDE
11706-440,AVENIDA JUSCELINO KUBITSCHEK DE OLIVEIRA,CAIÇARA,PRAIA GRANDE
11714-420,AVENIDA JOAQUIM NORBERTO DE SOUZA E SILVA,RIBEIRÓPOLIS,PRAIA GRANDE
11706-120,AVENIDA LINCOLN,CAIÇARA,PRAIA GRANDE
11713-000,AVENIDA LASAR SEGALL,SAMAMBAIA,PRAIA GRANDE
11725-520,AVENIDA LUIZ ARIKAWA,SÍTIO DO CAMPO,PRAIA GRANDE
11712-330,AVENIDA LUIZ AMARO COSTA,MELVI,PRAIA GRANDE
11725-110,AVENIDA LUIZ JOSÉ DE MELLO,SÍTIO DO CAMPO,PRAIA GRANDE
11702-370,AVENIDA LUZIA ENCARNAÇÃO VIDAL,AVIAÇÃO,PRAIA GRANDE
11706-110,AVENIDA MIAMI,CAIÇARA,PRAIA GRANDE
11701-340,AVENIDA MARECHAL MALLET,BOQUEIRÃO,PRAIA GRANDE
11712-030,AVENIDA MILENA PERUTICH,MELVI,PRAIA GRANDE
11700-405,AVENIDA MARECHAL MALLET,CANTO DO FORTE,PRAIA GRANDE
11700-400,AVENIDA MARECHAL MALLET,CANTO DO FORTE,PRAIA GRANDE
11700-900,AVENIDA MARECHAL MALLET,CANTO DO FORTE,PRAIA GRANDE
11700-250,AVENIDA MARECHAL HERMES,CANTO DO FORTE,PRAIA GRANDE
11712-000,AVENIDA MILTON DE OLIVEIRA,MELVI,PRAIA GRANDE
11725-050,AVENIDA MARQUESA DE SANTOS,SÍTIO DO CAMPO,PRAIA GRANDE
11724-000,AVENIDA MINISTRO MARCOS FREIRE,SÍTIO DO CAMPO,PRAIA GRANDE
11717-260,AVENIDA MINISTRO MARCOS FREIRE,NOVA MIRIM,PRAIA GRANDE
11724-205,AVENIDA MINISTRO MARCOS FREIRE,GLÓRIA,PRAIA GRANDE
11721-000,AVENIDA MINISTRO MARCOS FREIRE,ANTÁRTICA,PRAIA GRANDE
11719-150,AVENIDA MINISTRO MARCOS FREIRE,TUPIRY,PRAIA GRANDE
11718-380,AVENIDA MINISTRO MARCOS FREIRE,QUIETUDE,PRAIA GRANDE
11717-500,AVENIDA MINISTRO MARCOS FREIRE,ANHANGUERA,PRAIA GRANDE
11712-560,AVENIDA MARIA CAVALCANTE DA SILVA,SAMAMBAIA,PRAIA GRANDE
11714-000,AVENIDA MARIA FERNANDES STIVALETTI,RIBEIRÓPOLIS,PRAIA GRANDE
11700-300,AVENIDA MARECHAL MASCARENHAS DE MORAES,CANTO DO FORTE,PRAIA GRANDE
11700-140,AVENIDA MARECHAL MAURÍCIO JOSÉ CARDOSO,CANTO DO FORTE,PRAIA GRANDE
11725-090,AVENIDA NEUSA ZANGRANDE,SÍTIO DO CAMPO,PRAIA GRANDE
11706-300,AVENIDA NOSSA SENHORA DE FÁTIMA,CAIÇARA,PRAIA GRANDE
11704-050,AVENIDA OSASCO,OCIAN,PRAIA GRANDE
11704-035,AVENIDA OSASCO,TUPI,PRAIA GRANDE
11714-400,AVENIDA OLIVEIRA LIMA,RIBEIRÓPOLIS,PRAIA GRANDE
11700-080,AVENIDA PARIS,BOQUEIRÃO,PRAIA GRANDE
11700-145,AVENIDA PARIS,CANTO DO FORTE,PRAIA GRANDE
11712-580,AVENIDA PAU BRASIL,SAMAMBAIA,PRAIA GRANDE
11714-430,AVENIDA PEDRO TAQUES,RIBEIRÓPOLIS,PRAIA GRANDE
11717-065,AVENIDA PAULO LUCANIA,NOVA MIRIM,PRAIA GRANDE
11713-070,AVENIDA PEDRO AMÉRICO,SAMAMBAIA,PRAIA GRANDE
11702-485,AVENIDA PRESIDENTE KENNEDY,AVIAÇÃO,PRAIA GRANDE
11703-200,AVENIDA PRESIDENTE KENNEDY,TUPI,PRAIA GRANDE
11704-105,AVENIDA PRESIDENTE KENNEDY,OCIAN,PRAIA GRANDE
11708-005,AVENIDA PRESIDENTE KENNEDY,REAL,PRAIA GRANDE
11702-480,AVENIDA PRESIDENTE KENNEDY,AVIAÇÃO,PRAIA GRANDE
11704-100,AVENIDA PRESIDENTE KENNEDY,OCIAN,PRAIA GRANDE
11708-000,AVENIDA PRESIDENTE KENNEDY,REAL,PRAIA GRANDE
11705-755,AVENIDA PRESIDENTE KENNEDY,MARACANÃ,PRAIA GRANDE
11701-330,AVENIDA PRESIDENTE KENNEDY,BOQUEIRÃO,PRAIA GRANDE
11705-750,AVENIDA PRESIDENTE KENNEDY,MARACANÃ,PRAIA GRANDE
11709-005,AVENIDA PRESIDENTE KENNEDY,SOLEMAR,PRAIA GRANDE
11701-335,AVENIDA PRESIDENTE KENNEDY,BOQUEIRÃO,PRAIA GRANDE
11707-959,AVENIDA PRESIDENTE KENNEDY,CAIÇARA,PRAIA GRANDE
11709-000,AVENIDA PRESIDENTE KENNEDY,SOLEMAR,PRAIA GRANDE
11707-971,AVENIDA PRESIDENTE KENNEDY,CAIÇARA,PRAIA GRANDE
11704-900,AVENIDA PRESIDENTE KENNEDY,MIRIM,PRAIA GRANDE
11702-970,AVENIDA PRESIDENTE KENNEDY,GUILHERMINA,PRAIA GRANDE
11707-970,AVENIDA PRESIDENTE KENNEDY,CAIÇARA,PRAIA GRANDE
11705-005,AVENIDA PRESIDENTE KENNEDY,MIRIM,PRAIA GRANDE
11702-205,AVENIDA PRESIDENTE KENNEDY,GUILHERMINA,PRAIA GRANDE
11706-005,AVENIDA PRESIDENTE KENNEDY,CAIÇARA,PRAIA GRANDE
11705-000,AVENIDA PRESIDENTE KENNEDY,MIRIM,PRAIA GRANDE
11702-200,AVENIDA PRESIDENTE KENNEDY,GUILHERMINA,PRAIA GRANDE
11707-005,AVENIDA PRESIDENTE KENNEDY,CAIÇARA,PRAIA GRANDE
11708-207,AVENIDA PRESIDENTE KENNEDY,FLÓRIDA,PRAIA GRANDE
11707-000,AVENIDA PRESIDENTE KENNEDY,CAIÇARA,PRAIA GRANDE
11708-206,AVENIDA PRESIDENTE KENNEDY,FLÓRIDA,PRAIA GRANDE
11706-000,AVENIDA PRESIDENTE KENNEDY,CAIÇARA,PRAIA GRANDE
11703-205,AVENIDA PRESIDENTE KENNEDY,TUPI,PRAIA GRANDE
11703-630,AVENIDA PRESIDENTE SARMIENTO,TUPI,PRAIA GRANDE
11713-010,AVENIDA PADRE JOSÉ MAURÍCIO,SAMAMBAIA,PRAIA GRANDE
11712-150,AVENIDA PROFESSORA HELENY ROSA,MELVI,PRAIA GRANDE
11701-999,AVENIDA PRESIDENTE COSTA E SILVA,BOQUEIRÃO,PRAIA GRANDE
11701-901,AVENIDA PRESIDENTE COSTA E SILVA,BOQUEIRÃO,PRAIA GRANDE
11701-903,AVENIDA PRESIDENTE COSTA E SILVA,BOQUEIRÃO,PRAIA GRANDE
11700-901,AVENIDA PRESIDENTE COSTA E SILVA,BOQUEIRÃO,PRAIA GRANDE
11701-900,AVENIDA PRESIDENTE COSTA E SILVA,BOQUEIRÃO,PRAIA GRANDE
11701-959,AVENIDA PRESIDENTE COSTA E SILVA,BOQUEIRÃO,PRAIA GRANDE
11701-970,AVENIDA PRESIDENTE COSTA E SILVA,BOQUEIRÃO,PRAIA GRANDE
11700-903,AVENIDA PRESIDENTE COSTA E SILVA,BOQUEIRÃO,PRAIA GRANDE
11701-005,AVENIDA PRESIDENTE COSTA E SILVA,BOQUEIRÃO,PRAIA GRANDE
11700-904,AVENIDA PRESIDENTE COSTA E SILVA,BOQUEIRÃO,PRAIA GRANDE
11701-000,AVENIDA PRESIDENTE COSTA E SILVA,BOQUEIRÃO,PRAIA GRANDE
11700-905,AVENIDA PRESIDENTE COSTA E SILVA,BOQUEIRÃO,PRAIA GRANDE
11700-200,AVENIDA RIO BRANCO,CANTO DO FORTE,PRAIA GRANDE
11714-440,AVENIDA ROCHA PITA,RIBEIRÓPOLIS,PRAIA GRANDE
11714-410,AVENIDA ROCHA POMBO,RIBEIRÓPOLIS,PRAIA GRANDE
11714-020,AVENIDA RAUL POMPÉIA,RIBEIRÓPOLIS,PRAIA GRANDE
11705-570,AVENIDA ROBERTO MUZZI,MARACANÃ,PRAIA GRANDE
11701-380,AVENIDA SÃO PAULO,BOQUEIRÃO,PRAIA GRANDE
11702-550,AVENIDA SÃO PEDRO,AVIAÇÃO,PRAIA GRANDE
11701-665,AVENIDA SÃO PAULO,GUILHERMINA,PRAIA GRANDE
11717-959,AVENIDA SÃO JORGE,NOVA MIRIM,PRAIA GRANDE
11717-970,AVENIDA SÃO JORGE,NOVA MIRIM,PRAIA GRANDE
11717-270,AVENIDA SÃO JORGE,NOVA MIRIM,PRAIA GRANDE
11707-090,AVENIDA SÃO ROMERIO,CAIÇARA,PRAIA GRANDE
11724-475,AVENIDA SÃO FRANCISCO DE ASSIS,TUPIRY,PRAIA GRANDE
11725-230,AVENIDA SILVIO LUIZ SANTOS BARROSO,SÍTIO DO CAMPO,PRAIA GRANDE
11725-490,AVENIDA TEREZINHA AMORIM BARBOSA,SÍTIO DO CAMPO,PRAIA GRANDE
11705-065,AVENIDA UBIRAJARA KEUTENEDJIAN,MIRIM,PRAIA GRANDE
11713-080,AVENIDA VÍTOR MEIRELLES,SAMAMBAIA,PRAIA GRANDE
11712-010,AVENIDA WILSON DE OLIVEIRA,MELVI,PRAIA GRANDE
11713-300,AVENIDA ZELIA GIGLIOLI GALVES,ESMERALDA,PRAIA GRANDE
11700-860,ALAMEDA CINCO,CANTO DO FORTE,PRAIA GRANDE
11700-830,ALAMEDA DOIS,CANTO DO FORTE,PRAIA GRANDE
11702-900,RUA ALAMEDA DAS AMÉRICAS,AVIAÇÃO,PRAIA GRANDE
11702-080,RUA ALAMEDA DAS AMÉRICAS,GUILHERMINA,PRAIA GRANDE
11700-850,ALAMEDA QUATRO,CANTO DO FORTE,PRAIA GRANDE
11700-840,ALAMEDA TRÊS,CANTO DO FORTE,PRAIA GRANDE
11723-240,TRAVESSA CINCO,VILA SÔNIA,PRAIA GRANDE
11718-018,TRAVESSA DOIS,ANHANGUERA,PRAIA GRANDE
11717-377,TRAVESSA DEZENOVE,ANHANGUERA,PRAIA GRANDE
11718-037,TRAVESSA DEZESSETE,ANHANGUERA,PRAIA GRANDE
11717-372,TRAVESSA DEZESSETE,ANHANGUERA,PRAIA GRANDE
11701-015,TRAVESSA FACCIOLI,BOQUEIRÃO,PRAIA GRANDE
11706-245,TRAVESSA HELENA RODRIGUES,CAIÇARA,PRAIA GRANDE
11701-035,TRAVESSA KORBMACHER,BOQUEIRÃO,PRAIA GRANDE
11722-390,TRAVESSA OITO,VILA SÔNIA,PRAIA GRANDE
11723-230,TRAVESSA QUATRO,VILA SÔNIA,PRAIA GRANDE
11723-220,TRAVESSA TRÊS,VILA SÔNIA,PRAIA GRANDE
11717-205,TRAVESSA TREZENTOS,NOVA MIRIM,PRAIA GRANDE
11717-550,TRAVESSA UNIÃO,ANHANGUERA,PRAIA GRANDE
11701-025,TRAVESSA VICENTE DEMASI,BOQUEIRÃO,PRAIA GRANDE
11724-562,VIELA CINCO,TUPIRY,PRAIA GRANDE
11724-472,VIELA DEZ,TUPIRY,PRAIA GRANDE
11724-394,VIELA DOIS,TUPIRY,PRAIA GRANDE
11724-467,VIELA OITO,TUPIRY,PRAIA GRANDE
11724-495,VIELA ONZE,TUPIRY,PRAIA GRANDE
11719-065,VIELA QUATRO,TUPIRY,PRAIA GRANDE
11724-402,VIELA SEIS,TUPIRY,PRAIA GRANDE
11724-597,VIELA SETE,TUPIRY,PRAIA GRANDE
11724-477,VIELA TRÊS,TUPIRY,PRAIA GRANDE
11724-392,VIELA UM,TUPIRY,PRAIA GRANDE
11701-315,PRAÇA A TRIBUNA,BOQUEIRÃO,PRAIA GRANDE
11714-150,PRAÇA AFONSO CELSO,RIBEIRÓPOLIS,PRAIA GRANDE
11714-180,PRAÇA AFONSO ARINOS,RIBEIRÓPOLIS,PRAIA GRANDE
11700-082,PRAÇA ANTONIO FIGUEROA,BOQUEIRÃO,PRAIA GRANDE
11700-081,PRAÇA ANTONIETA LAGATTA,BOQUEIRÃO,PRAIA GRANDE
11721-130,PRAÇA ARAÚJO PORTO ALEGRE,ANTÁRTICA,PRAIA GRANDE
11703-670,PRAÇA ADEMIR CEZAR ALEGRETTI,TUPI,PRAIA GRANDE
11708-430,PRAÇA ARTHUR DA SILVA BERNARDES,FLÓRIDA,PRAIA GRANDE
11706-530,PRAÇA ANTONIO JOSÉ DE CARVALHO,CAIÇARA,PRAIA GRANDE
11708-290,PRAÇA AVIADORA MARCIA ALIBERTI MAMANA,FLÓRIDA,PRAIA GRANDE
11704-430,PRAÇA ANTONIO MACEDO FERREIRA MORGADO,OCIAN,PRAIA GRANDE
11701-680,PRAÇA BRASIL,GUILHERMINA,PRAIA GRANDE
11709-160,PRAÇA CARLOS GOMES,SOLEMAR,PRAIA GRANDE
11700-370,PRAÇA CARLOS SAITTA,CANTO DO FORTE,PRAIA GRANDE
11706-570,PRAÇA CLAUDIO DONEAUX,CAIÇARA,PRAIA GRANDE
11700-084,PRAÇA CECY VEIGA CARNEIRO,BOQUEIRÃO,PRAIA GRANDE
11700-083,PRAÇA CARLOS ALCINDO NEVES,BOQUEIRÃO,PRAIA GRANDE
11701-700,PRAÇA CEFERINO GONZALES VEGA,GUILHERMINA,PRAIA GRANDE
11701-800,PRAÇA DAS SEREIAS,GUILHERMINA,PRAIA GRANDE
11702-090,PRAÇA DAS AMÉRICAS,GUILHERMINA,PRAIA GRANDE
11700-790,PRAÇA DUQUE DE CAXIAS,CANTO DO FORTE,PRAIA GRANDE
11701-320,PRAÇA DOS EMANCIPADORES,BOQUEIRÃO,PRAIA GRANDE
11708-190,PRAÇA DONA MARIA ABDALLA,FLÓRIDA,PRAIA GRANDE
11700-100,PRAÇA DEZENOVE DE JANEIRO,BOQUEIRÃO,PRAIA GRANDE
11708-380,PRAÇA DEPUTADA IVETE VARGAS,FLÓRIDA,PRAIA GRANDE
11701-580,PRAÇA DOUTOR WALDYR CIPRIANI,GUILHERMINA,PRAIA GRANDE
11704-320,PRAÇA DOUTOR ROBERTO ANDRAUS,OCIAN,PRAIA GRANDE
11701-080,PRAÇA ELOS,BOQUEIRÃO,PRAIA GRANDE
11702-810,PRAÇA ELISEU XAVIER,AVIAÇÃO,PRAIA GRANDE
11703-660,PRAÇA EDUARDO DIAS COELHO,TUPI,PRAIA GRANDE
11700-085,PRAÇA ELZA DOS ANJOS NEVES,BOQUEIRÃO,PRAIA GRANDE
11700-086,PRAÇA EMILIANO DI CAVALCANTI,BOQUEIRÃO,PRAIA GRANDE
11704-310,PRAÇA ELIEZER RODRIGUES COELHO,OCIAN,PRAIA GRANDE
11707-530,PRAÇA EPITÁCIO DA SILVA PESSOA,REAL,PRAIA GRANDE
11701-790,PRAÇA FRANKLIN DÓRIA,GUILHERMINA,PRAIA GRANDE
11700-087,PRAÇA FRANCISCO MENDES,BOQUEIRÃO,PRAIA GRANDE
11722-230,PRAÇA FRANCISCO OTAVIANO,VILA SÔNIA,PRAIA GRANDE
11701-170,PRAÇA GUARANI,BOQUEIRÃO,PRAIA GRANDE
11722-220,PRAÇA GONÇALVES DE MAGALHÃES,VILA SÔNIA,PRAIA GRANDE
11725-220,PRAÇA GREGÓRIO DE MATOS GUERRA,SÍTIO DO CAMPO,PRAIA GRANDE
11725-430,PRAÇA GETÚLIO DORNELLES VARGAS,SÍTIO DO CAMPO,PRAIA GRANDE
11705-730,PRAÇA HERMES RODRIGUES DA FONSECA,MARACANÃ,PRAIA GRANDE
11702-640,PRAÇA JAPÃO,AVIAÇÃO,PRAIA GRANDE
11714-160,PRAÇA JOÃO RIBEIRO,RIBEIRÓPOLIS,PRAIA GRANDE
11701-770,PRAÇA JUNQUEIRA FREIRE,GUILHERMINA,PRAIA GRANDE
11700-088,PRAÇA JOÃO BRITO DOS SANTOS,BOQUEIRÃO,PRAIA GRANDE
11703-640,PRAÇA JOSÉ JORGE DOS SANTOS,TUPI,PRAIA GRANDE
11706-540,PRAÇA JORNALISTA GERALDO FERRAZ,CAIÇARA,PRAIA GRANDE
11700-600,PRAÇA JOSÉ GONÇALVES DE OLIVEIRA,CANTO DO FORTE,PRAIA GRANDE
11701-720,PRAÇA LIONS,GUILHERMINA,PRAIA GRANDE
11701-780,PRAÇA LUIZ DELFINO,GUILHERMINA,PRAIA GRANDE
11722-240,PRAÇA LAURINDO RABELO,VILA SÔNIA,PRAIA GRANDE
11701-820,PRAÇA LUIZ DE CAMÕES,GUILHERMINA,PRAIA GRANDE
11708-370,PRAÇA MANOEL JOSÉ DA SILVA,FLÓRIDA,PRAIA GRANDE
11724-080,PRAÇA MARIA DO CARMO DA SILVA,SÍTIO DO CAMPO,PRAIA GRANDE
11708-490,PRAÇA MARIA DA COSTA CARVALHO,FLÓRIDA,PRAIA GRANDE
11706-550,PRAÇA MINISTRO HERMES DE LIMA,CAIÇARA,PRAIA GRANDE
11705-390,PRAÇA MANOEL BOTELHO DE OLIVEIRA,MARACANÃ,PRAIA GRANDE
11722-510,PRAÇA NOEL UVINHA,VILA SÔNIA,PRAIA GRANDE
11705-720,PRAÇA NILO PROCÓPIO PEÇANHA,MARACANÃ,PRAIA GRANDE
11708-300,PRAÇA NESTOR FERREIRA DA ROCHA,FLÓRIDA,PRAIA GRANDE
11706-560,PRAÇA NOSSA SENHORA DE FÁTIMA,CAIÇARA,PRAIA GRANDE
11701-180,PRAÇA NESTOR ANTÔNIO DE OLIVEIRA SOBRINHO,BOQUEIRÃO,PRAIA GRANDE
11703-790,PRAÇA ODILON NUNES DOS SANTOS,TUPI,PRAIA GRANDE
11700-380,PRAÇA OSWALDO LUIZ SANCHES TOSCHI,CANTO DO FORTE,PRAIA GRANDE
11701-810,PRAÇA PORTUGAL,GUILHERMINA,PRAIA GRANDE
11701-650,PRAÇA PADRE BENTO,GUILHERMINA,PRAIA GRANDE
11700-360,PRAÇA PAUL HARRIS,CANTO DO FORTE,PRAIA GRANDE
11700-089,PRAÇA PAULO PONTES,BOQUEIRÃO,PRAIA GRANDE
11705-710,PRAÇA PABLO PICASSO,MARACANÃ,PRAIA GRANDE
11701-430,PRAÇA PADRE CÍCERO,GUILHERMINA,PRAIA GRANDE
11702-030,PRAÇA PADRE JOSÉ DE ANCHIETA,GUILHERMINA,PRAIA GRANDE
11700-490,PRAÇA PRESIDENTE FLORIANO VIEIRA PEIXOTO,CANTO DO FORTE,PRAIA GRANDE
11705-680,PRAÇA PRESIDENTE AFONSO AUGUSTO MOREIRA PENA,MARACANÃ,PRAIA GRANDE
11705-690,PRAÇA PRESIDENTE MANUEL FERRAZ DE CAMPOS SALES,MARACANÃ,PRAIA GRANDE
11703-540,PRAÇA PRESIDENTE PRUDENTE JOSÉ DE MORAES BARROS,TUPI,PRAIA GRANDE
11726-020,PRAÇA PRESIDENTE WASHINGTON LUIZ PEREIRA DE SOUZA,SÍTIO DO CAMPO,PRAIA GRANDE
11705-700,PRAÇA PRESIDENTE FRANCISCO DE PAULA RODRIGUES ALVES,MARACANÃ,PRAIA GRANDE
11701-070,PRAÇA ROTARY,BOQUEIRÃO,PRAIA GRANDE
11704-330,PRAÇA ROBERTO ANDRAUS FILHO,OCIAN,PRAIA GRANDE
11706-340,PRAÇA SÃO PEDRO,CAIÇARA,PRAIA GRANDE
11703-610,PRAÇA SILVA ALVARENGA,TUPI,PRAIA GRANDE
11707-440,PRAÇA SETE DE SETEMBRO,REAL,PRAIA GRANDE
11714-030,PRAÇA SIMÕES LOPES NETO,RIBEIRÓPOLIS,PRAIA GRANDE
11722-520,PRAÇA SENADOR TEOTÔNIO VILELA,VILA SÔNIA,PRAIA GRANDE
11701-480,PRAÇA TUFI NAMI,GUILHERMINA,PRAIA GRANDE
11712-160,PRAÇA TEÓFILO DIAS,MELVI,PRAIA GRANDE
11721-140,PRAÇA TENREIRO ARANHA,ANTÁRTICA,PRAIA GRANDE
11701-050,PRAÇA VEREADOR VITAL MUNIZ,BOQUEIRÃO,PRAIA GRANDE
11700-480,PRAÇA VICTORIO ANTONIO LANZA,CANTO DO FORTE,PRAIA GRANDE
11706-350,PRAÇA VENCESLAU BRÁS PEREIRA GOMES,CAIÇARA,PRAIA GRANDE
11706-180,PRAÇA WALDEMAR LOPES FERRAZ,CAIÇARA,PRAIA GRANDE
11708-510,PRAÇA WALDEMAR RODRIGUES DA CUNHA,FLÓRIDA,PRAIA GRANDE
11706-390,RUA ABÍLIO DE JESUS MORAES,CAIÇARA,PRAIA GRANDE
11704-835,RUA ADEMAR MENQUINI,MIRIM,PRAIA GRANDE
11704-028,RUA ADEMILSON COELHO,TUPI,PRAIA GRANDE
11704-080,RUA ADEMILSON COELHO,OCIAN,PRAIA GRANDE
11709-200,RUA ADHEMAR DE BARROS,SOLEMAR,PRAIA GRANDE
11717-005,RUA ADOLFO LOPES ENRIQUES,NOVA MIRIM,PRAIA GRANDE
11722-295,RUA ADRIANO ALVES FERREIRA,VILA SÔNIA,PRAIA GRANDE
11710-110,RUA ADRIANO DIAS DOS SANTOS,CIDADE DA CRIANÇA,PRAIA GRANDE
11704-380,RUA ADALBERTO MANOEL DA SILVA,OCIAN,PRAIA GRANDE
11725-170,RUA ADILSON WLADIMIR CASSUCCIO,SÍTIO DO CAMPO,PRAIA GRANDE
11725-165,RUA ADELINA DE OLIVEIRA SOARES,SÍTIO DO CAMPO,PRAIA GRANDE
11725-530,RUA ADELICIO DE SOUZA LUDOVICO,SÍTIO DO CAMPO,PRAIA GRANDE
11722-270,RUA ADOLFINO DE ARRUDA CASTANHO,VILA SÔNIA,PRAIA GRANDE
11707-160,RUA ADELAIDE PATROCÍNIO DOS SANTOS,CAIÇARA,PRAIA GRANDE
11713-500,RUA AFRÂNIO PEIXOTO,ESMERALDA,PRAIA GRANDE
11713-490,RUA AFONSO D'ESCRAGNOLLE TAUNAY,ESMERALDA,PRAIA GRANDE
11705-465,RUA AFONSO CELSO PINHEIRO MENDONÇA,MARACANÃ,PRAIA GRANDE
11724-780,RUA AGENOR VIEIRA DE JESUS,TUPIRY,PRAIA GRANDE
11704-040,RUA AGNALDO ROBERTO DA SILVA,TUPI,PRAIA GRANDE
11709-275,RUA AGOSTINHO MARQUES ARROJADO,SOLEMAR,PRAIA GRANDE
11720-150,RUA ALÉCIO MESSIANO,ANTÁRTICA,PRAIA GRANDE
11700-640,RUA ALMIRANTE BARROSO,CANTO DO FORTE,PRAIA GRANDE
11713-560,RUA ALCINDO GUANABARA,ESMERALDA,PRAIA GRANDE
11713-170,RUA ALBERTO NEPOMUCENO,SAMAMBAIA,PRAIA GRANDE
11705-070,RUA ALBERTO FIGUEIREDO,MIRIM,PRAIA GRANDE
11709-230,RUA ÁLVARES DE AZEVEDO,SOLEMAR,PRAIA GRANDE
11720-000,RUA ALCINO VICENTE LEAL,ANTÁRTICA,PRAIA GRANDE
11717-227,RUA ALCEBÍADES PACHECO,NOVA MIRIM,PRAIA GRANDE
11717-080,RUA ALCEBÍADES PACHECO,NOVA MIRIM,PRAIA GRANDE
11722-130,RUA ALI HUSSEIN DAYCHOUM,VILA SÔNIA,PRAIA GRANDE
11717-357,RUA ALFRED NIEDERBICHLER,ANHANGUERA,PRAIA GRANDE
11717-355,RUA ALFRED NIEDERBICHLER,ANHANGUERA,PRAIA GRANDE
11718-335,RUA ÁLVARO SILVA JÚNIOR,QUIETUDE,PRAIA GRANDE
11702-340,RUA ALBERTO SANTOS DOUMONT,GUILHERMINA,PRAIA GRANDE
11714-550,RUA ALPHONSUS DE GUIMARAENS,RIBEIRÓPOLIS,PRAIA GRANDE
11723-190,RUA ALCIR QUEIROGA TEIXEIRA,VILA SÔNIA,PRAIA GRANDE
11717-029,RUA ALVINO FRANCISCO DOS SANTOS,NOVA MIRIM,PRAIA GRANDE
11714-250,RUA ALFREDO D'ESCRAGNOLLE TAUNAY,RIBEIRÓPOLIS,PRAIA GRANDE
11700-690,RUA ALMIRANTE CUSTÓDIO DE MELLO,CANTO DO FORTE,PRAIA GRANDE
11712-120,RUA ALEXANDRE JOSÉ DE MELO MORAIS,MELVI,PRAIA GRANDE
11702-170,RUA AMÉRICA LATINA,GUILHERMINA,PRAIA GRANDE
11718-265,RUA AMILCAR ESTEVES,QUIETUDE,PRAIA GRANDE
11709-170,RUA AMACIO MAZZAROPI,SOLEMAR,PRAIA GRANDE
11702-800,RUA AMÉRICO VESPÚCIO,AVIAÇÃO,PRAIA GRANDE
11704-850,RUA AMARO VICENTE LOPES,MIRIM,PRAIA GRANDE
11722-120,RUA AMARA DA SILVA MORAES,VILA SÔNIA,PRAIA GRANDE
11709-140,RUA AMELLETTO FRANCESCHELLI,SOLEMAR,PRAIA GRANDE
11725-280,RUA AMARA AMBROSINA DOS SANTOS,SÍTIO DO CAMPO,PRAIA GRANDE
11724-030,RUA AMÁLIA BELLOTTI PASTORELLO,SÍTIO DO CAMPO,PRAIA GRANDE
11718-138,RUA ANTONIO FARISCO,QUIETUDE,PRAIA GRANDE
11725-325,RUA ANTONIA SAUDINO,SÍTIO DO CAMPO,PRAIA GRANDE
11724-320,RUA ANTONIA SAUDINO,SÍTIO DO CAMPO,PRAIA GRANDE
11704-340,RUA ANTÔNIO FERRARO,OCIAN,PRAIA GRANDE
11705-290,RUA ANTÔNIO MONTEIRO,MARACANÃ,PRAIA GRANDE
11722-395,RUA ANTONIO ALVES NUNES,VILA SÔNIA,PRAIA GRANDE
11725-150,RUA ANTONIO GOVEIA SOUZA,SÍTIO DO CAMPO,PRAIA GRANDE
11706-515,RUA ANTONIO CORREA BRASIL,CAIÇARA,PRAIA GRANDE
11705-712,RUA ANTONIO CARLOS FREIRE,MARACANÃ,PRAIA GRANDE
11720-070,RUA ANTONIO DA SILVA PIÃO,ANTÁRTICA,PRAIA GRANDE
11704-390,RUA ANTÔNIO BORNE DE LIMA,OCIAN,PRAIA GRANDE
11718-267,RUA ANTONIO AFFONSO CHAVES,QUIETUDE,PRAIA GRANDE
11713-115,RUA ANITA CATARINA MALFATTI,SAMAMBAIA,PRAIA GRANDE
11703-220,RUA ANTÔNIO RENATO GAMBINI,TUPI,PRAIA GRANDE
11702-450,RUA ANTÔNIO RAPOSO TAVARES,AVIAÇÃO,PRAIA GRANDE
11712-190,RUA ANTÔNIO JOSÉ DA SILVA,MELVI,PRAIA GRANDE
11709-370,RUA ANTÔNIO GONÇALVES DIAS,SOLEMAR,PRAIA GRANDE
11711-150,RUA ANTONIO LUIZ PRATES MAIA,PRINCESA,PRAIA GRANDE
11704-500,RUA ANTONIO RODRIGUES MANEIRA,OCIAN,PRAIA GRANDE
11720-010,RUA ANTÔNIO JACQUES S DUARTE,ANTÁRTICA,PRAIA GRANDE
11717-410,RUA ANTÔNIO CARDOSO FERREIRA,ANHANGUERA,PRAIA GRANDE
11713-620,RUA ANTÔNIO FRANCISCO LISBOA,ESMERALDA,PRAIA GRANDE
11704-525,RUA ANTONIO VIEIRA DE ALMEIDA,OCIAN,PRAIA GRANDE
11722-000,RUA ANTÔNIO CÂNDIDO DA SILVA,VILA SÔNIA,PRAIA GRANDE
11722-100,RUA ANTÔNIO RODRIGUES DOS REIS,VILA SÔNIA,PRAIA GRANDE
11722-260,RUA ANTÔNIO FAGUNDES DOS SANTOS,VILA SÔNIA,PRAIA GRANDE
11723-210,RUA ANTONIO CASTANHA DE OLIVEIRA,VILA SÔNIA,PRAIA GRANDE
11718-035,RUA ANA DE CARVALHO CRUZ MOURÃO,ANHANGUERA,PRAIA GRANDE
11718-030,RUA ANA DE CARVALHO CRUZ MOURÃO,ANHANGUERA,PRAIA GRANDE
11707-120,RUA ANTÔNIO REINALDO GONÇALVES,CAIÇARA,PRAIA GRANDE
11721-075,RUA ANTONIO JOSÉ GONÇALVES FILHO,ANTÁRTICA,PRAIA GRANDE
11706-580,RUA ANTONIO JORGE DA PIEDADE SIMÕES,CAIÇARA,PRAIA GRANDE
11702-400,RUA ANTÔNIO SEVERIANO DE ANDRADE E SILVA,AVIAÇÃO,PRAIA GRANDE
11719-040,RUA APPARÍCIO DA COSTA,TUPIRY,PRAIA GRANDE
11705-067,RUA APOLÔNIO DIAS DA SILVA,MIRIM,PRAIA GRANDE
11718-100,RUA APARECIDO GONÇALVEZ DE SOUZA,ANHANGUERA,PRAIA GRANDE
11718-250,RUA ARMANDO FAJARDO,QUIETUDE,PRAIA GRANDE
11704-805,RUA ARNALDO VITTULI,MIRIM,PRAIA GRANDE
11700-550,RUA ARISTIDES PEREIRA,CANTO DO FORTE,PRAIA GRANDE
11717-235,RUA ARNALDO PERTICARATI,NOVA MIRIM,PRAIA GRANDE
11717-090,RUA ARNALDO PERTICARATI,NOVA MIRIM,PRAIA GRANDE
11718-257,RUA ARTUR PEDRO DA SILVA,QUIETUDE,PRAIA GRANDE
11724-020,RUA ARMANDO LICHTI FILHO,SÍTIO DO CAMPO,PRAIA GRANDE
11706-142,RUA ARTHUR ANTONIO URBANO,CAIÇARA,PRAIA GRANDE
11724-970,RUA ARQUITETO NELSON ROCHA,GLÓRIA,PRAIA GRANDE
11724-220,RUA ARQUITETO NELSON ROCHA,GLÓRIA,PRAIA GRANDE
11723-040,RUA ARMANDO AUGUSTO BATISTA,VILA SÔNIA,PRAIA GRANDE
11722-005,RUA ARNALDO AUGUSTO BAPTISTA,VILA SÔNIA,PRAIA GRANDE
11712-070,RUA ARMANDO PEREIRA DA ROCHA,MELVI,PRAIA GRANDE
11705-370,RUA ARTUR MARQUES DOS SANTOS,MARACANÃ,PRAIA GRANDE
11721-065,RUA ARTUR LUDOVICO DOS SANTOS,ANTÁRTICA,PRAIA GRANDE
11710-020,RUA ARACY PENHA SALES DOS ANJOS,CIDADE DA CRIANÇA,PRAIA GRANDE
11724-650,RUA ARIOVALDO AUGUSTO DE OLIVEIRA,ILHA DAS CAIEIRAS,PRAIA GRANDE
11719-030,RUA ARIOVALDO AUGUSTO DE OLIVEIRA,TUPIRY,PRAIA GRANDE
11706-370,RUA ASTROGILDA PINHEIRO FARNEZE,CAIÇARA,PRAIA GRANDE
11717-267,RUA ATRIZ NAIR BELO,NOVA MIRIM,PRAIA GRANDE
11717-275,RUA ATRIZ DINA SFAT,NOVA MIRIM,PRAIA GRANDE
11717-117,RUA ATOR PAULO AUTRAN,NOVA MIRIM,PRAIA GRANDE
11717-114,RUA ATOR MARCOS PAULO,NOVA MIRIM,PRAIA GRANDE
11717-265,RUA ATOR LAURO CORONA,NOVA MIRIM,PRAIA GRANDE
11717-112,RUA ATOR JOSÉ WILKER,NOVA MIRIM,PRAIA GRANDE
11717-276,RUA ATOR ÍTALO ROSSI,NOVA MIRIM,PRAIA GRANDE
11717-116,RUA ATRIZ CARMEM SILVA,NOVA MIRIM,PRAIA GRANDE
11717-119,RUA ATOR WALMOR CHAGAS,NOVA MIRIM,PRAIA GRANDE
11717-247,RUA ATOR PEDRO DE LARA,NOVA MIRIM,PRAIA GRANDE
11717-245,RUA ATRIZ REGINA DOURADO,NOVA MIRIM,PRAIA GRANDE
11717-098,RUA ATOR CLÁUDIO CAVALCANTI,NOVA MIRIM,PRAIA GRANDE
11709-290,RUA AUGUSTO DOS ANJOS,SOLEMAR,PRAIA GRANDE
11701-515,RUA AUDALIA PEREIRA GOMES,GUILHERMINA,PRAIA GRANDE
11718-020,RUA AURINO PEREIRA BARBOSA,ANHANGUERA,PRAIA GRANDE
11721-110,RUA AUGUSTO RIBEIRO PACHECO,ANTÁRTICA,PRAIA GRANDE
11710-070,RUA AUGUSTA DIORETA DE SOUZA,CIDADE DA CRIANÇA,PRAIA GRANDE
11710-050,RUA AUGUSTO NUNES DE OLIVEIRA,CIDADE DA CRIANÇA,PRAIA GRANDE
11713-540,RUA CASSIANO RICARDO,ESMERALDA,PRAIA GRANDE
11724-610,RUA CANTOR NELSON NED,TUPIRY,PRAIA GRANDE
11709-360,RUA CASIMIRO DE ABREU,SOLEMAR,PRAIA GRANDE
11707-460,RUA CAMPOS DO JORDÃO,REAL,PRAIA GRANDE
11706-220,RUA CATARINA BANDIERA,CAIÇARA,PRAIA GRANDE
11724-770,RUA CANÁRIO-DA-TERRA,TUPIRY,PRAIA GRANDE
11724-500,RUA CANTOR RAUL SEIXAS,TUPIRY,PRAIA GRANDE
11713-360,RUA CARLITO DOS SANTOS,ESMERALDA,PRAIA GRANDE
11704-520,RUA CARLOS VANDERLINDE,OCIAN,PRAIA GRANDE
11713-100,RUA CÂNDIDO PORTINARI,SAMAMBAIA,PRAIA GRANDE
11724-615,RUA CANTORA NARA LEÃO,TUPIRY,PRAIA GRANDE
11724-570,RUA CANTORA ELIS REGINA,TUPIRY,PRAIA GRANDE
11724-410,RUA CANTOR LUIZ GONZAGA,TUPIRY,PRAIA GRANDE
11721-050,RUA CAMINHO DO GUARAMAR,ANTÁRTICA,PRAIA GRANDE
11724-490,RUA CANTORA CLARA NUNES,TUPIRY,PRAIA GRANDE
11724-520,RUA CANTOR RENATO RUSSO,TUPIRY,PRAIA GRANDE
11724-400,RUA CANTOR PAULO SÉRGIO,TUPIRY,PRAIA GRANDE
11705-530,RUA CARMEM MOLON ZACCARO,MARACANÃ,PRAIA GRANDE
11724-545,RUA CANTORA DOLORES DURAN,TUPIRY,PRAIA GRANDE
11724-280,RUA CARLOTA GOMES ALBERTO,SÍTIO DO CAMPO,PRAIA GRANDE
11724-430,RUA CANTORA CÁSSIA ELLER,TUPIRY,PRAIA GRANDE
11707-140,RUA CAPITÃO FRITZ ROGNER,CAIÇARA,PRAIA GRANDE
11702-750,RUA CARLOS JOSÉ BORSTENS,AVIAÇÃO,PRAIA GRANDE
11724-470,RUA CANTORA EMILINHA BORBA,TUPIRY,PRAIA GRANDE
11711-160,RUA CAPITÃO GALILEU RAMOS,PRINCESA,PRAIA GRANDE
11709-150,RUA CECÍLIA MEIRELES,SOLEMAR,PRAIA GRANDE
11705-510,RUA CESAR RODRIGUES REIS,MARACANÃ,PRAIA GRANDE
11704-767,RUA CESÁRIO VAZ ANTUNES,MIRIM,PRAIA GRANDE
11721-010,RUA CELSO RAMOS DE OLIVEIRA,ANTÁRTICA,PRAIA GRANDE
11701-280,RUA CIDADE DE SANTOS,BOQUEIRÃO,PRAIA GRANDE
11711-660,RUA CINQUENTA E TRÊS,IMPERADOR,PRAIA GRANDE
11711-680,RUA CINQUENTA E CINCO,IMPERADOR,PRAIA GRANDE
11718-185,RUA CIDADE DE CIANORTE,QUIETUDE,PRAIA GRANDE
11711-670,RUA CINQUENTA E QUATRO,IMPERADOR,PRAIA GRANDE
11700-025,RUA CIDADE DE IGARAPAVA,BOQUEIRÃO,PRAIA GRANDE
11718-080,RUA CIPRIANO LUIZ DOS SANTOS,ANHANGUERA,PRAIA GRANDE
11724-200,RUA CLÓVIS ALVES DE MOURA,GLÓRIA,PRAIA GRANDE
11717-510,RUA CLOVIS BATISTA DOS SANTOS,ANHANGUERA,PRAIA GRANDE
11704-701,RUA CLÁUDIO ROBERTO CALICCHIO,MIRIM,PRAIA GRANDE
11711-120,RUA CLODOALDO NORBERTO BUCHETTI,PRINCESA,PRAIA GRANDE
11700-720,RUA CORONEL FONTENELLE,CANTO DO FORTE,PRAIA GRANDE
11700-120,RUA CORNÉLIO PROCÓPIO,BOQUEIRÃO,PRAIA GRANDE
11714-901,RUA COUTO DE MAGALHÃES,RIBEIRÓPOLIS,PRAIA GRANDE
11714-902,RUA COUTO DE MAGALHÃES,RIBEIRÓPOLIS,PRAIA GRANDE
11714-290,RUA COUTO DE MAGALHÃES,RIBEIRÓPOLIS,PRAIA GRANDE
11713-380,RUA CONSTELAÇÃO FÊNIX,ESMERALDA,PRAIA GRANDE
11713-350,RUA CONSTELAÇÃO CENTAURO,ESMERALDA,PRAIA GRANDE
11714-090,RUA CONSTELAÇÃO CENTAURO,RIBEIRÓPOLIS,PRAIA GRANDE
11724-130,RUA COMENDADOR LUIZ CAIAFFA,SÍTIO DO CAMPO,PRAIA GRANDE
11714-080,RUA CONSTELAÇÃO ANDRÔMEDA,RIBEIRÓPOLIS,PRAIA GRANDE
11714-110,RUA CONSTELAÇÃO URSA MAIOR,RIBEIRÓPOLIS,PRAIA GRANDE
11713-590,RUA CORYPHEU DE AZEVEDO MARQUES,ESMERALDA,PRAIA GRANDE
11714-015,RUA CONSTELAÇÃO CRUZEIRO DO SUL,RIBEIRÓPOLIS,PRAIA GRANDE
11704-450,RUA COMENDADOR OTTO CARLOS GOLANDA,OCIAN,PRAIA GRANDE
11712-410,RUA CORRETOR TEODOSIO DE AGOSTINIS,SAMAMBAIA,PRAIA GRANDE
11712-440,RUA CORRETOR ALVARO SIQUEIRA GRANADO,SAMAMBAIA,PRAIA GRANDE
11701-530,RUA COMENDADOR JOÃO BATISTA GLEREAN,GUILHERMINA,PRAIA GRANDE
11707-040,RUA COMANDANTE RODOLFO COELHO DA SILVA,CAIÇARA,PRAIA GRANDE
11712-420,RUA CORRETOR ALVARO DE FREITAS PIMENTEL,SAMAMBAIA,PRAIA GRANDE
11712-430,RUA CORRETOR AMÉRICO BASÍLICO VASCONCELOS,SAMAMBAIA,PRAIA GRANDE
11712-460,RUA CORRETOR LUIZ ALBERTO CALDAS DE OLIVEIRA,SAMAMBAIA,PRAIA GRANDE
11712-450,RUA CORRETOR MANOEL RODRIGUES PROCÓPIO DO VALE,SAMAMBAIA,PRAIA GRANDE
11717-000,RUA CRISTÓVÃO COLOMBO,NOVA MIRIM,PRAIA GRANDE
11709-110,RUA CUSTÓDIO MESQUITA,SOLEMAR,PRAIA GRANDE
11720-080,RUA CUSTÓDIA DA SILVA DOMINGUES D'OLIVEIRA,ANTÁRTICA,PRAIA GRANDE
11700-305,RUA CYNTHIA GIUFFRIDA,CANTO DO FORTE,PRAIA GRANDE
11700-450,RUA CYNTHIA GIUFFRIDA,CANTO DO FORTE,PRAIA GRANDE
11708-160,RUA DAS PAPOULAS,REAL,PRAIA GRANDE
11712-295,RUA DA SABEDORIA,MELVI,PRAIA GRANDE
11712-630,RUA DAS CÁSSIAS,SAMAMBAIA,PRAIA GRANDE
11708-135,RUA DAS VIOLETAS,REAL,PRAIA GRANDE
11718-160,RUA DAS ACÁCIAS,QUIETUDE,PRAIA GRANDE
11708-460,RUA DAS PETÚNIAS,FLÓRIDA,PRAIA GRANDE
11712-290,RUA DA ESPERANÇA,MELVI,PRAIA GRANDE
11712-500,RUA DAS NOGUEIRAS,SAMAMBAIA,PRAIA GRANDE
11708-200,RUA DAS CAMÉLIAS,FLÓRIDA,PRAIA GRANDE
11708-180,RUA DAS BEGÔNIAS,FLÓRIDA,PRAIA GRANDE
11718-125,RUA DA PROVIDENCIA,ANHANGUERA,PRAIA GRANDE
11708-440,RUA DAS ORQUÍDEAS,FLÓRIDA,PRAIA GRANDE
11708-260,RUA DAS GARDÊNIAS,FLÓRIDA,PRAIA GRANDE
11712-640,RUA DAS CEREJEIRAS,SAMAMBAIA,PRAIA GRANDE
11708-310,RUA DAS HORTÊNSIAS,FLÓRIDA,PRAIA GRANDE
11708-350,RUA DAS MADRESSILVAS,FLÓRIDA,PRAIA GRANDE
11712-540,RUA DAS SERINGUEIRAS,SAMAMBAIA,PRAIA GRANDE
11712-650,RUA DAS QUARESMEIRAS,SAMAMBAIA,PRAIA GRANDE
11712-310,RUA DA CONTEMPLAÇÃO,MELVI,PRAIA GRANDE
11725-240,RUA DARCY ALVES COSTA,SÍTIO DO CAMPO,PRAIA GRANDE
11704-815,RUA DAOUD GEORGES ISSA,MIRIM,PRAIA GRANDE
11704-240,RUA DARCY SARMANHO VARGAS,OCIAN,PRAIA GRANDE
11702-580,RUA DANIELA CHECCHIA FARES,AVIAÇÃO,PRAIA GRANDE
11706-310,RUA DÉCIO FERRAZ ALVIM,CAIÇARA,PRAIA GRANDE
11704-630,RUA DEZOITO DE SETEMBRO,MIRIM,PRAIA GRANDE
11704-810,RUA DEZOITO DE NOVEMBRO,MIRIM,PRAIA GRANDE
11704-780,RUA DEZENOVE DE NOVEMBRO,MIRIM,PRAIA GRANDE
11704-465,RUA DEPUTADO RUBENS PAIVA,OCIAN,PRAIA GRANDE
11725-440,RUA DEPUTADO EMÍLIO JUSTO,SÍTIO DO CAMPO,PRAIA GRANDE
11706-410,RUA DEPUTADO LAÉRCIO CORTE,CAIÇARA,PRAIA GRANDE
11706-900,RUA DEPUTADO LAÉRCIO CORTE,CAIÇARA,PRAIA GRANDE
11706-240,RUA DEPUTADO PINHEIRO JÚNIOR,CAIÇARA,PRAIA GRANDE
11705-520,RUA DEOLINDA MARIA PILON ROMANO,MARACANÃ,PRAIA GRANDE
11706-400,RUA DINO TOGNINI,CAIÇARA,PRAIA GRANDE
11702-730,RUA DIOGO ÁLVARES CORREIA,AVIAÇÃO,PRAIA GRANDE
11704-024,RUA DOUTOR FREUD,TUPI,PRAIA GRANDE
11708-420,RUA DOS NARCISOS,FLÓRIDA,PRAIA GRANDE
11708-410,RUA DOS MANACÁS,FLÓRIDA,PRAIA GRANDE
11708-280,RUA DOS GERÂNIOS,FLÓRIDA,PRAIA GRANDE
11708-030,RUA DOS ANTÚRIOS,REAL,PRAIA GRANDE
11708-390,RUA DOS MIOSÓTIS,FLÓRIDA,PRAIA GRANDE
11725-120,RUA DONA ANA NERY,SÍTIO DO CAMPO,PRAIA GRANDE
11712-510,RUA DOS CARVALHOS,SAMAMBAIA,PRAIA GRANDE
11712-280,RUA DO EQUILÍBRIO,MELVI,PRAIA GRANDE
11712-520,RUA DOS SALGUEIROS,SAMAMBAIA,PRAIA GRANDE
11724-420,RUA DORIVAL CAYMMI,TUPIRY,PRAIA GRANDE
11717-015,RUA DORIVAL THOMAZ,NOVA MIRIM,PRAIA GRANDE
11712-590,RUA DOS EUCALIPTOS,SAMAMBAIA,PRAIA GRANDE
11708-270,RUA DOS GIRASSÓIS,FLÓRIDA,PRAIA GRANDE
11712-250,RUA DO CONHECIMENTO,MELVI,PRAIA GRANDE
11712-610,RUA DOS JEQUITIBÁS,SAMAMBAIA,PRAIA GRANDE
11712-480,RUA DOS JACARANDÁS,SAMAMBAIA,PRAIA GRANDE
11704-670,RUA DOZE DE OUTUBRO,MIRIM,PRAIA GRANDE
11717-145,RUA DOS EVANGÉLICOS,NOVA MIRIM,PRAIA GRANDE
11708-220,RUA DOS CRISÂNTEMOS,FLÓRIDA,PRAIA GRANDE
11725-310,RUA DOUTOR LOBO VIANA,SÍTIO DO CAMPO,PRAIA GRANDE
11721-300,RUA DOUTOR RENATO PINHO,GLÓRIA,PRAIA GRANDE
11725-450,RUA DONA OLGA VILLANOVA,SÍTIO DO CAMPO,PRAIA GRANDE
11712-620,RUA DOS CHAPÉUS DE SOL,SAMAMBAIA,PRAIA GRANDE
11702-710,RUA DUARTE COELHO,AVIAÇÃO,PRAIA GRANDE
11700-060,RUA DUQUE DE CAXIAS,BOQUEIRÃO,PRAIA GRANDE
11702-650,RUA DUARTE DA COSTA,AVIAÇÃO,PRAIA GRANDE
11710-130,RUA DURVALINO DA SILVA,CIDADE DA CRIANÇA,PRAIA GRANDE
11721-245,RUA DUÍLIO RAMACCIOTTI,ANTÁRTICA,PRAIA GRANDE
11721-030,RUA DURVAL PEREIRA DA FONSECA,ANTÁRTICA,PRAIA GRANDE
11723-170,RUA EDILA AMAZONINA RODRIGUES SANTOS,VILA SÔNIA,PRAIA GRANDE
11725-525,RUA FABIANA DE FARIA ANDRADE DA CRUZ,SÍTIO DO CAMPO,PRAIA GRANDE
11714-125,RUA FABIANA DO CARMO MORRONE DOS SANTOS,RIBEIRÓPOLIS,PRAIA GRANDE
11724-010,RUA FAUSTINA MARTINS FONSECA DE OLIVEIRA,SÍTIO DO CAMPO,PRAIA GRANDE
11700-710,RUA GENERAL VICENTE DE PAULA DALLE COUTINHO,CANTO DO FORTE,PRAIA GRANDE
11720-040,RUA JAIME GOMES CAZARÉ,ANTÁRTICA,PRAIA GRANDE
11700-530,RUA JACINTO LÚCIO DE OLIVEIRA,CANTO DO FORTE,PRAIA GRANDE
11724-230,RUA JEFFERSON DOS SANTOS,GLÓRIA,PRAIA GRANDE
11707-010,RUA JOÃO PIEDADE GOMES,CAIÇARA,PRAIA GRANDE
11706-060,RUA JOÃO DIAS DA SILVA,CAIÇARA,PRAIA GRANDE
11704-495,RUA JOSÉ AMATHEU RAMOS,OCIAN,PRAIA GRANDE
11724-050,RUA JOSÉ ALONSO DALAMA,SÍTIO DO CAMPO,PRAIA GRANDE
11719-140,RUA JOÃO BALBINO CORREA,TUPIRY,PRAIA GRANDE
11705-590,RUA JOÃO MANOEL CERTEZA,MARACANÃ,PRAIA GRANDE
11725-060,RUA JOÃO MENDES JÚNIOR,SÍTIO DO CAMPO,PRAIA GRANDE
11724-180,RUA JORGE TAVARES QUINTAS,GLÓRIA,PRAIA GRANDE
11705-360,RUA JOSÉ AGAPITO CARDOSO,MARACANÃ,PRAIA GRANDE
11722-400,RUA JOSÉ EUZÉBIO DA PAZ,VILA SÔNIA,PRAIA GRANDE
11720-030,RUA JORGE VIEIRA COUTINHO,ANTÁRTICA,PRAIA GRANDE
11702-520,RUA JOÃO PEREIRA INÁCIO,AVIAÇÃO,PRAIA GRANDE
11722-210,RUA JOÃO ROBERTO CORREIA,VILA SÔNIA,PRAIA GRANDE
11722-360,RUA JOÃO ANDRADE DE JESUS,VILA SÔNIA,PRAIA GRANDE
11709-380,RUA JOSÉ BASÍLIO DA GAMA,SOLEMAR,PRAIA GRANDE
11718-350,RUA JONAS VIDAL DOS SANTOS,QUIETUDE,PRAIA GRANDE
11724-085,RUA JOSÉ MARTINS DE SOUZA,SÍTIO DO CAMPO,PRAIA GRANDE
11703-100,RUA JOSÉ DA SILVA MACHADO,TUPI,PRAIA GRANDE
11724-260,RUA JOSÉ FELIX SANTA ROSA,SÍTIO DO CAMPO,PRAIA GRANDE
11702-690,RUA JOSÉ CALIXTO DO CARMO,AVIAÇÃO,PRAIA GRANDE
11709-190,RUA JÚLIO SECCO DE CARVALHO,SOLEMAR,PRAIA GRANDE
11712-060,RUA JUVENTINO JUSTO FERNANDEZ,MELVI,PRAIA GRANDE
11711-575,RUA JULIETA AZEVEDO BONAVIDES,PRINCESA,PRAIA GRANDE
11724-090,RUA JUDITH SANTA ANNA PEREIRA,SÍTIO DO CAMPO,PRAIA GRANDE
11717-990,RUA JULIO PRESTES DE ALBUQUERQUE,,PRAIA GRANDE
11706-490,RUA JÚLIA ANTONIETTA TEPEDINO GUERRA,CAIÇARA,PRAIA GRANDE
11721-070,RUA MARIA ROSA CORREIA,ANTÁRTICA,PRAIA GRANDE
11725-100,RUA MARIA LUZIA LAVALLE,SÍTIO DO CAMPO,PRAIA GRANDE
11705-350,RUA MARIA BORELLA CONTE,MARACANÃ,PRAIA GRANDE
11705-450,RUA MARIA ROCHA PINHEIRO,MARACANÃ,PRAIA GRANDE
11722-190,RUA MARIA BARBOSA CHAVES,VILA SÔNIA,PRAIA GRANDE
11700-580,RUA MÁRIO RIBEIRO FILHO,CANTO DO FORTE,PRAIA GRANDE
11724-110,RUA MANUEL MARIA MÁXIMO,SÍTIO DO CAMPO,PRAIA GRANDE
11704-350,RUA MÁRIO GUIDO FERRAZO,OCIAN,PRAIA GRANDE
11707-030,RUA MARIA ANTUNES NAVARRO,CAIÇARA,PRAIA GRANDE
11722-090,RUA MARIA DE JESUS JARDIM,VILA SÔNIA,PRAIA GRANDE
11718-070,RUA MANOEL PEREIRA AZÓIA,ANHANGUERA,PRAIA GRANDE
11712-050,RUA MARCELINO DE OLIVEIRA,MELVI,PRAIA GRANDE
11706-190,RUA MARCOLINO BISPO ALVES,CAIÇARA,PRAIA GRANDE
11703-715,RUA MARIA ERUNDINA SANTANA,TUPI,PRAIA GRANDE
11702-790,RUA MARTIN AFONSO DE SOUZA,AVIAÇÃO,PRAIA GRANDE
11717-400,RUA MANOEL ROSATTO NAVARRO,ANHANGUERA,PRAIA GRANDE
11723-090,RUA MANOEL CHAVES DA SILVA,VILA SÔNIA,PRAIA GRANDE
11706-090,RUA MARIA DA PENHA MARTINS,CAIÇARA,PRAIA GRANDE
11713-480,RUA MENOTTI DEL PICCHIA,ESMERALDA,PRAIA GRANDE
11714-540,RUA MEDEIROS E ALBUQUERQUE,RIBEIRÓPOLIS,PRAIA GRANDE
11718-205,RUA MELQUISEDEQUI CASTRO ROSANETO,QUIETUDE,PRAIA GRANDE
11701-370,RUA MIHAILO LUKICH MICHEL,BOQUEIRÃO,PRAIA GRANDE
11700-760,RUA MINISTRO SALGADO FILHO,CANTO DO FORTE,PRAIA GRANDE
11705-045,RUA MOISÉS CARDOSO DE OLIVEIRA,MIRIM,PRAIA GRANDE
11724-580,RUA MÚSICO DOMINGUINHOS,TUPIRY,PRAIA GRANDE
11724-625,RUA MÚSICO MARCELO FROMER,TUPIRY,PRAIA GRANDE
11705-380,RUA PAULINO BORRELLI,MARACANÃ,PRAIA GRANDE
11707-190,RUA PARTICULAR ITAPUAN,REAL,PRAIA GRANDE
11725-340,RUA PASCHOAL FERNANDES,SÍTIO DO CAMPO,PRAIA GRANDE
11704-765,RUA PARTICULAR ALDO COLI,MIRIM,PRAIA GRANDE
11726-010,RUA PAULO SÉRGIO GARCIA,SÍTIO DO CAMPO,PRAIA GRANDE
11702-290,RUA PARTICULAR PAI FELIPE,GUILHERMINA,PRAIA GRANDE
11709-410,RUA PADRE ANTÔNIO VIEIRA,SOLEMAR,PRAIA GRANDE
11702-560,RUA PADRE JOSÉ DE ANCHIETA,AVIAÇÃO,PRAIA GRANDE
11702-760,RUA PADRE MANOEL DA NÓBREGA,AVIAÇÃO,PRAIA GRANDE
11702-430,RUA PADRE ANTÔNIO DIOGO FEIJÓ,AVIAÇÃO,PRAIA GRANDE
11707-080,RUA PASCHOAL MÁRIO ERRICHIELLO,CAIÇARA,PRAIA GRANDE
11722-195,RUA PARTICULAR MARIA BARBOSA CHAVES,VILA SÔNIA,PRAIA GRANDE
11706-215,RUA PARTICULAR MARIA DOMINGOS RUSSO,CAIÇARA,PRAIA GRANDE
11704-480,RUA PARTICULAR ÉRICA VICENZOTTO FERREIRA,OCIAN,PRAIA GRANDE
11704-085,RUA PARTICULAR ESPORTISTA ADEMILSON COELHO,OCIAN,PRAIA GRANDE
11711-740,RUA PESCADA AMARELA,IMPERADOR,PRAIA GRANDE
11702-610,RUA PERO VAZ DE CAMINHA,AVIAÇÃO,PRAIA GRANDE
11717-450,RUA PEDRO GOMES DA SILVA,ANHANGUERA,PRAIA GRANDE
11702-780,RUA PEDRO ÁLVAREZ CABRAL,AVIAÇÃO,PRAIA GRANDE
11723-065,RUA PEDRO DANIEL DE SOUZA,VILA SÔNIA,PRAIA GRANDE
11723-180,RUA PEDRO BATISTA MENEZES,VILA SÔNIA,PRAIA GRANDE
11722-180,RUA PEDRO ASSIS DE MORAES,VILA SÔNIA,PRAIA GRANDE
11722-215,RUA PEDRO ARNALDO PEREIRA,VILA SÔNIA,PRAIA GRANDE
11714-390,RUA PERO DE MAGALHÃES GANDAVO,RIBEIRÓPOLIS,PRAIA GRANDE
11722-140,RUA PEDRO GONÇALVES DOS SANTOS,VILA SÔNIA,PRAIA GRANDE
11724-405,RUA PIANISTA CHIQUINHA GONZAGA,TUPIRY,PRAIA GRANDE
11707-480,RUA POÇOS DE CALDAS,REAL,PRAIA GRANDE
11706-185,RUA POLICIAL HEBER COSTA RIBEIRO,CAIÇARA,PRAIA GRANDE
11704-710,RUA PRIMEIRO DE MAIO,MIRIM,PRAIA GRANDE
11701-390,RUA PRAIA DOS SONHOS,GUILHERMINA,PRAIA GRANDE
11704-800,RUA PRIMEIRO DE JANEIRO,MIRIM,PRAIA GRANDE
11700-560,RUA PREFEITO WILSON GUEDES,CANTO DO FORTE,PRAIA GRANDE
11725-270,RUA PRIMEIRO-TENENTE EDSON SCIENCIO,SÍTIO DO CAMPO,PRAIA GRANDE
11704-155,RUA PROFESSORA CARMEM ITALIA SCIGLIANO,OCIAN,PRAIA GRANDE
11706-155,RUA PROFESSOR MARCO ANTONIO LIMA DE ARRUDA,CAIÇARA,PRAIA GRANDE
11705-610,RUA PROFESSORA MARIA JOSÉ BARONI F. DA SILVA,MARACANÃ,PRAIA GRANDE
11721-190,RUA PROFESSORA MARIA FERNANDA DAS NEVES CARDOSO,ANTÁRTICA,PRAIA GRANDE
11725-510,RUA PROFESSORA MARIA LUCILEIDE GOUVEIA DE SANTANA,SÍTIO DO CAMPO,PRAIA GRANDE
11718-370,RUA SANTA MARIA DE JESUS,QUIETUDE,PRAIA GRANDE
11706-015,RUA SANTA RITA DE CÁSSIA,CAIÇARA,PRAIA GRANDE
11705-650,RUA SANTA RITA DE CÁSSIA,MARACANÃ,PRAIA GRANDE
11722-080,RUA SÃO FRANCISCO DE ASSIS,VILA SÔNIA,PRAIA GRANDE
11721-225,RUA SALVADOR DE CICCO NETTO,ANTÁRTICA,PRAIA GRANDE
11717-225,RUA SANTO ANTÔNIO DE PÁDUA,NOVA MIRIM,PRAIA GRANDE
11717-070,RUA SANTO ANTÔNIO DE PÁDUA,NOVA MIRIM,PRAIA GRANDE
11726-030,RUA SALVADOR ATAÍDE RODRIGUES,SÍTIO DO CAMPO,PRAIA GRANDE
11724-460,RUA SAMBISTA JOVELINA PÉROLA NEGRA,TUPIRY,PRAIA GRANDE
11717-030,RUA SARGENTO CARLOS ALBERTO CAVALCANTE LAZARIM,NOVA MIRIM,PRAIA GRANDE
11704-595,RUA SÉRGIO PAULO FREDDI,OCIAN,PRAIA GRANDE
11723-140,RUA SEBASTIÃO GONÇALVES,VILA SÔNIA,PRAIA GRANDE
11701-200,RUA SEBASTIÃO DE OLIVEIRA,BOQUEIRÃO,PRAIA GRANDE
11709-180,RUA SÉRGIO ORLANDO MANZON,SOLEMAR,PRAIA GRANDE
11725-030,RUA SENADOR AZEVEDO JÚNIOR,SÍTIO DO CAMPO,PRAIA GRANDE
11710-000,RUA SÉRGIO DOS REIS MORAIS,CIDADE DA CRIANÇA,PRAIA GRANDE
11718-010,RUA SEBASTIANA SELITE AGRELA,ANHANGUERA,PRAIA GRANDE
11722-375,RUA SEVERINA VAZ DE MEDEIROS,VILA SÔNIA,PRAIA GRANDE
11705-440,RUA SEBASTIÃO BATISTA RAMOS,MARACANÃ,PRAIA GRANDE
11724-240,RUA SÉRGIO HENRIQUE TESSARIOL,GLÓRIA,PRAIA GRANDE
11704-445,RUA SEBASTIANA FERREIRA SIQUEIRA,OCIAN,PRAIA GRANDE
11703-460,RUA SERTANISTA FRANCISCO MEIRELLES,TUPI,PRAIA GRANDE
11719-090,RUA SEBASTIÃO DE CARVALHO JÚNIOR,TUPIRY,PRAIA GRANDE
11703-450,RUA SERTANISTA LEONARDO VILLAS BOAS,TUPI,PRAIA GRANDE
11703-440,RUA SERTANISTA GILBERTO PINTO FRANCISCO COSTA,TUPI,PRAIA GRANDE
11717-085,RUA SEGUNDO-SARGENTO-POLÍCIA MILITAR GERSON ROGÉRIO ALOISE,NOVA MIRIM,PRAIA GRANDE
11718-225,RUA SILVINO DE ARRUDA BUENO,QUIETUDE,PRAIA GRANDE
11720-140,RUA SILAS BALTAZAR DE ARAÚJO,ANTÁRTICA,PRAIA GRANDE
11704-360,RUA SOLDADO GENIVALDO JOSÉ DAMASCENO,OCIAN,PRAIA GRANDE
11724-290,RUA SYDNEY SIQUEIRA CRAIG,SÍTIO DO CAMPO,PRAIA GRANDE
11713-105,RUA TARSILA DO AMARAL,SAMAMBAIA,PRAIA GRANDE
11721-150,RUA TATIANA SILVA CARAÇA,ANTÁRTICA,PRAIA GRANDE
11704-460,RUA TEÓFILA VANDERLINDE,OCIAN,PRAIA GRANDE
11725-350,RUA TEODÓSIO DE AUGUSTINIS,SÍTIO DO CAMPO,PRAIA GRANDE
11722-290,RUA TEREZINHA AMORIM BARBOSA,VILA SÔNIA,PRAIA GRANDE
11705-340,RUA TENENTE LUIZ RARIZ PALMA,MARACANÃ,PRAIA GRANDE
11704-515,RUA THEREZINHA TORRES LENZI,OCIAN,PRAIA GRANDE
11718-252,RUA THEREZA BASTOS DE OLIVEIRA,QUIETUDE,PRAIA GRANDE
11705-105,RUA THERESIA BIRAK NIEDERBICHLER,MIRIM,PRAIA GRANDE
11705-620,RUA THEREZA DE JESUS MONTEIRO CORRALO,MARACANÃ,PRAIA GRANDE
11714-280,RUA TOBIAS BARRETO DE MENEZES,RIBEIRÓPOLIS,PRAIA GRANDE
11704-700,RUA TRINTA E UM DE MARÇO,MIRIM,PRAIA GRANDE
11711-110,RUA VANIVALDO GOMES DE ARAGÃO,PRINCESA,PRAIA GRANDE
11720-190,RUA VALDEMIR ROBERTO PEREIRA DOS SANTOS,ANTÁRTICA,PRAIA GRANDE
11711-170,RUA VERGILIO GABRIEL DE SIQUEIRA,PRINCESA,PRAIA GRANDE
11704-790,RUA VINTE E CINCO DE AGOSTO,MIRIM,PRAIA GRANDE
11704-750,RUA VINTE E CINCO DE JANEIRO,MIRIM,PRAIA GRANDE
11700-660,RUA VITORINO SANTOS FERREIRA,CANTO DO FORTE,PRAIA GRANDE
11707-020,RUA VICENTE FRANCISCO CIRINO,CAIÇARA,PRAIA GRANDE
11704-820,RUA VINTE E TRÊS DE OUTUBRO,MIRIM,PRAIA GRANDE
11707-350,RUA VISCONDE DE SÃO LEOPOLDO,REAL,PRAIA GRANDE
11721-020,RUA MAGDALENA GARCIA FONSECA,ANTÁRTICA,PRAIA GRANDE
11712-080,RUA MANOEL GONZALEZ CORÚJO,MELVI,PRAIA GRANDE
11706-470,RUA MANOEL CABREIRA NEGRETE,CAIÇARA,PRAIA GRANDE
11705-270,RUA MANOEL FERNANDES VICENTE,MARACANÃ,PRAIA GRANDE
11717-035,RUA MANOEL FERNANDES VICENTE,NOVA MIRIM,PRAIA GRANDE
11722-110,RUA MANOEL RODRIGUES DOS REIS,VILA SÔNIA,PRAIA GRANDE
11714-300,RUA MANUEL ANTÔNIO DE ALMEIDA,RIBEIRÓPOLIS,PRAIA GRANDE
11717-032,RUA MANOEL FELICIANO DE OLIVEIRA,NOVA MIRIM,PRAIA GRANDE
11705-265,RUA MANOEL FELICIANO DE OLIVEIRA,MARACANÃ,PRAIA GRANDE
11705-260,RUA MANOEL FELICIANO DE OLIVEIRA,MIRIM,PRAIA GRANDE
11724-255,RUA MANUEL FRANCISCO GUERREIRO CARLOS,GLÓRIA,PRAIA GRANDE
11722-050,RUA MARIA MARTINS BAPTISTA,VILA SÔNIA,PRAIA GRANDE
11707-130,RUA MARIA BELTRAME BORLONI,CAIÇARA,PRAIA GRANDE
11721-185,RUA MARIA DE OLIVEIRA SOUZA,ANTÁRTICA,PRAIA GRANDE
11700-350,RUA MARECHAL JUAREZ TÁVORA,CANTO DO FORTE,PRAIA GRANDE
11711-080,RUA MÁRIO OSVALDO DA SILVA,PRINCESA,PRAIA GRANDE
11722-160,RUA MARIA FAUSTINA DA SILVA,VILA SÔNIA,PRAIA GRANDE
11707-240,RUA MARQUÊS DE MONTE ALEGRE,REAL,PRAIA GRANDE
11721-170,RUA MARIA BARBOSA DOS SANTOS,ANTÁRTICA,PRAIA GRANDE
11708-360,RUA MARCO AURÉLIO DONZELINI,FLÓRIDA,PRAIA GRANDE
11704-535,RUA MARIA JULIA MONTEIRO BONA,OCIAN,PRAIA GRANDE
11700-210,RUA MARECHAL FLORIANO PEIXOTO,CANTO DO FORTE,PRAIA GRANDE
11711-615,RUA MARIA DOMINGAS SANTOS REIS,PRINCESA,PRAIA GRANDE
11717-130,RUA MARTINIANO JOSÉ DAS NEVES,NOVA MIRIM,PRAIA GRANDE
11722-300,RUA MARIZA FERREIRA DOS SANTOS,VILA SÔNIA,PRAIA GRANDE
11706-360,RUA MATHILDE DE AZEVEDO SETÚBAL,CAIÇARA,PRAIA GRANDE
11711-100,RUA MAURÍCIO DA ENCARNAÇÃO PONTES,PRINCESA,PRAIA GRANDE
11724-330,RUA MAXIMINO DOMINGUES GRACIO,SÍTIO DO CAMPO,PRAIA GRANDE
11706-520,RUA MAXIMINA IDELFONSO VENTURA,CAIÇARA,PRAIA GRANDE
11719-010,RUA JOÃO DE PAULA PHILBERT,TUPIRY,PRAIA GRANDE
11722-280,RUA JOAQUINA MORENO SGAETTI,VILA SÔNIA,PRAIA GRANDE
11718-060,RUA JOÃO MIGUEL DOS SANTOS,ANHANGUERA,PRAIA GRANDE
11710-090,RUA JOÃO ANTÔNIO DA SILVA,CIDADE DA CRIANÇA,PRAIA GRANDE
11714-330,RUA JOAQUIM MANOEL DE MACEDO,RIBEIRÓPOLIS,PRAIA GRANDE
11705-540,RUA JOÃO JESUS RÚBIO GARCIA,MARACANÃ,PRAIA GRANDE
11714-310,RUA JOAQUIM FELÍCIO DOS SANTOS,RIBEIRÓPOLIS,PRAIA GRANDE
11700-460,RUA JOAQUIM TEIXEIRA DE CARVALHO,CANTO DO FORTE,PRAIA GRANDE
11714-340,RUA JOÃO MANUEL PEREIRA DA SILVA,RIBEIRÓPOLIS,PRAIA GRANDE
11713-510,RUA JOAQUIM OSÓRIO DUQUE ESTRADA,ESMERALDA,PRAIA GRANDE
11714-005,RUA JOAQUIM OSÓRIO DUQUE ESTRADA,RIBEIRÓPOLIS,PRAIA GRANDE
11705-100,RUA JOANA IMPARATO DE SOUZA FERREIRA,MIRIM,PRAIA GRANDE
11706-590,RUA JORGE MARQUES DA SILVA,CAIÇARA,PRAIA GRANDE
11705-090,RUA JORGE MONTEIRO DOS SANTOS,MIRIM,PRAIA GRANDE
11706-320,RUA JORNALISTA ASSIS CHATEAUBRIAND,CAIÇARA,PRAIA GRANDE
11717-350,RUA JOSÉ DE JESUS ALMEIDA,ANHANGUERA,PRAIA GRANDE
11722-040,RUA JOSÉ DA COSTA MONTEIRO,VILA SÔNIA,PRAIA GRANDE
11717-282,RUA JOSÉ BESTILLEIRO LOPEZ,NOVA MIRIM,PRAIA GRANDE
11717-280,RUA JOSÉ BESTILLEIRO LOPEZ,NOVA MIRIM,PRAIA GRANDE
11718-270,RUA JOSÉ MARIA DE OLIVEIRA,QUIETUDE,PRAIA GRANDE
11722-350,RUA JOSÉ EDUARDO DOS SANTOS,VILA SÔNIA,PRAIA GRANDE
11717-310,RUA JOSÉ BATISTA DE MENEZES,ANHANGUERA,PRAIA GRANDE
11718-005,RUA JOSÉ BARBOSA DE ANDRADE,ANHANGUERA,PRAIA GRANDE
11717-255,RUA JOSÉ BARBOSA DE ANDRADE,NOVA MIRIM,PRAIA GRANDE
11718-000,RUA JOSEFA ALVES DE SIQUEIRA,ANHANGUERA,PRAIA GRANDE
11721-160,RUA JOSÉ AUGUSTO ALBUQUERQUE,ANTÁRTICA,PRAIA GRANDE
11719-120,RUA JOSÉ BENEDITO DE ALMEIDA,TUPIRY,PRAIA GRANDE
11711-605,RUA JOSÉ GUILHERMINO DA SILVA,PRINCESA,PRAIA GRANDE
11726-025,RUA JOSÉ DO NASCIMENTO BORREGO,SÍTIO DO CAMPO,PRAIA GRANDE
11703-730,RUA JOSÉ PEREIRA FILHO DA SILVA,TUPI,PRAIA GRANDE
11700-155,RUA JOSÉ EDÍLSON FELIX DA SILVA,CANTO DO FORTE,PRAIA GRANDE
11721-220,RUA JOSÉ JÚLIO MARTINS BAPTISTA,ANTÁRTICA,PRAIA GRANDE
11706-122,RUA JOSÉ RODRIGUES VALENTE FILHO,CAIÇARA,PRAIA GRANDE
11721-260,RUA JOSÉ CRISTOVÃO BARBOSA FILHO,ANTÁRTICA,PRAIA GRANDE
11710-040,RUA JOSÉ APARECIDO VILA REAL RODRIGUES,CIDADE DA CRIANÇA,PRAIA GRANDE
11724-340,RUA DOLORES MOURÃO DE OLIVEIRA,SÍTIO DO CAMPO,PRAIA GRANDE
11711-625,RUA DOMINGOS LEÔNCIO CAVALCANTE,PRINCESA,PRAIA GRANDE
11718-340,RUA DONA SEBASTIANA VANDERLEI,QUIETUDE,PRAIA GRANDE
11707-310,RUA DONA DOMITÍLIA DE CASTRO,REAL,PRAIA GRANDE
11704-706,RUA DONA ANGELA PERUTICH TREVISAN,MIRIM,PRAIA GRANDE
11705-320,RUA DORIVALDO FRANCISCO LORIA,MARACANÃ,PRAIA GRANDE
11700-750,RUA DOS EXPEDICIONÁRIOS,CANTO DO FORTE,PRAIA GRANDE
11702-010,RUA DOUTOR JOÃO SAMPAIO,GUILHERMINA,PRAIA GRANDE
11702-220,RUA DOUTOR CIRO CARNEIRO,GUILHERMINA,PRAIA GRANDE
11700-150,RUA DOUTOR NILO PEÇANHA,CANTO DO FORTE,PRAIA GRANDE
11701-030,RUA DOUTOR ROBERTO SHOJI,BOQUEIRÃO,PRAIA GRANDE
11704-030,RUA DOUTOR ERNESTO VERGARA,TUPI,PRAIA GRANDE
11721-255,RUA DOUTOR MÁRIO CUSTÓDIO,ANTÁRTICA,PRAIA GRANDE
11718-235,RUA DOUTOR JUVENAL FERREIRA,QUIETUDE,PRAIA GRANDE
11725-300,RUA DOUTOR SOTER DE ARAÚJO,SÍTIO DO CAMPO,PRAIA GRANDE
11700-220,RUA DOUTOR PRUDENTE DE MORAES,CANTO DO FORTE,PRAIA GRANDE
11703-620,RUA DOUTOR NAPOLEÃO LAUREANO,TUPI,PRAIA GRANDE
11704-300,RUA DOUTOR VICENTE DE CARVALHO,OCIAN,PRAIA GRANDE
11706-450,RUA DOUTOR GERVÁSIO BONAVIDES,CAIÇARA,PRAIA GRANDE
11705-460,RUA DOUTOR WALTER FABIANO BRAGA,MARACANÃ,PRAIA GRANDE
11702-350,RUA DOUTOR JÚLIO DE MESQUITA FILHO,AVIAÇÃO,PRAIA GRANDE
11701-220,RUA DOUTOR JOSÉ CARLOS DE OLIVEIRA,BOQUEIRÃO,PRAIA GRANDE
11705-637,RUA DOUTOR ANTONIO MANOEL DE CARVALHO,MARACANÃ,PRAIA GRANDE
11706-050,RUA DOUTOR ANTÔNIO MANOEL DE CARVALHO,CAIÇARA,PRAIA GRANDE
11706-460,RUA DOUTOR SAMUEL AUGUSTO LEÃO DE MOURA,CAIÇARA,PRAIA GRANDE
11725-290,Rua Marco Antonio de Sousa Silverio,Sítio do Campo,PRAIA GRANDE
11700-330,Rua Marechal Eurico Gaspar Dutra,Canto do Forte,PRAIA GRANDE
11705-470,Rua Maria da Conceição Gonçalves,Maracanã,PRAIA GRANDE
11707-060,Rua Maria de Lourdes Simões e Simões,Caiçara,PRAIA GRANDE
11721-230,Rua Maria do Carmo Ferro Gomes Ornellas,Antártica,PRAIA GRANDE
11718-344,Rua Maria do Carmo Graça Orisaka,Quietude,PRAIA GRANDE
11711-330,Rua Maria Helena do Nascimento,Princesa,PRAIA GRANDE
11725-260,Rua Maria Helena Fernandes Dib,Sítio do Campo,PRAIA GRANDE
11707-015,Rua Maria Helena Ramos Simões,Caiçara,PRAIA GRANDE
11705-560,Rua Maria Inez Bacheschi Rúbio,Maracanã,PRAIA GRANDE
11723-200,Rua Maria José Souza do Nascimento,Vila Sônia,PRAIA GRANDE
11705-085,Rua Maria Lúcia Dondon Salum Silveira,Mirim,PRAIA GRANDE
11711-340,Rua Maria Regina Carminati Campos,Princesa,PRAIA GRANDE
11713-370,Rua Maria Valdema Alves dos Santos,Esmeralda,PRAIA GRANDE
11700-180,Rua Mário Tamashiro - até 299/300,Canto do Forte,PRAIA GRANDE
11700-055,Rua Mário Tamashiro - de 301/302 ao fim,Boqueirão,PRAIA GRANDE
11701-902,AVENIDA PRESIDENTE COSTA E SILVA,BOQUEIRÃO,PRAIA GRANDE
11700-007,AVENIDA PRESIDENTE COSTA E SILVA,BOQUEIRÃO,PRAIA GRANDE
11700-902,AVENIDA PRESIDENTE COSTA E SILVA,BOQUEIRÃO,PRAIA GRANDE
11700-005,AVENIDA PRESIDENTE COSTA E SILVA,BOQUEIRÃO,PRAIA GRANDE
11704-600,AVENIDA PRESIDENTE CASTELO BRANCO,MIRIM,PRAIA GRANDE
11700-015,AVENIDA PRESIDENTE CASTELO BRANCO,BOQUEIRÃO,PRAIA GRANDE
11709-350,AVENIDA PRESIDENTE CASTELO BRANCO,SOLEMAR,PRAIA GRANDE